order_id,date,store_id,product_id,qty,amount,payment
ORD109456,2026-07-13,S02,P18,2,36.00,支付宝
ORD109474,2026-07-13,S03,P09,2,36.00,银行卡
ORD109143,2026-07-11,S04,P03,1,26.00,支付宝
ORD100348,2026-05-03,S01,P10,2,48.00,现金
ORD102176,2026-05-18,S03,P02,2,60.00,微信
ORD106753,2026-06-22,S05,P20,3,66.00,支付宝
ORD108843,2026-07-09,S02,P02,2,60.00,支付宝
ORD102478,2026/05/21,S04,P20,2,44.00,银行卡
ORD104300,2026-06-05,S04,P10,2,48.00,现金
ORD109186,2026-07-11,S04,P18,2,36.00,现金
ORD102562,2026-05-22,S04,P15,1,6.00,会员储值
ORD107907,2026-07-02,S03,P06,1,42.00,现金
ORD107865,2026-07-02,S01,P03,1,26.00,银行卡
ORD103337,2026-05-27,S03,P13,1,20.00,银行卡
ORD108165,2026-07-04,S01,P03,2,52.00,现金
ORD100151,2026-05-02,S02,P12,2,16.00,现金
ORD107341,2026-06-28,S02,P05,1,34.00,银行卡
ORD101918,2026-05-16,S02,P15,3,18.00,微信
ORD100189,2026-05-02,S05,P12,4,32.00,现金
ORD102271,2026-05-19,S03,P14,2,20.00,微信
ORD108613,2026-07-07,S04,P05,1,34.00,微信
ORD106625,2026-06-22,S04,P01,1,32.00,微信
ORD101044,2026-05-09,S02,P14,1,10.00,现金
ORD100600,2026-05-05,S02,P01,1,32.00,微信
ORD103464,2026-05-29,S02,P10,1,24.00,现金
ORD110784,2026-07-23,S02,P16,1,5.00,支付宝
ORD103667,2026-05-30,S05,P19,1,15.00,现金
ORD106782,2026-06-23,S02,P20,1,22.00,会员储值
ORD103316,2026-05-27,S03,P15,1,6.00,现金
ORD108460,2026-07-06,S03,P04,1,38.00,支付宝
ORD108430,2026-07-06,S02,P04,1,38.00,微信
ORD108477,2026-07-06,S04,P15,4,24.00,银行卡
ORD109159,2026-07-11,S03,P08,1,25.00,银行卡
ORD108594,2026-07-07,S02,P04,1,38.00,支付宝
ORD103883,2026-05-31,S05,P14,1,10.00,支付宝
ORD101827,2026-05-16,S05,P18,1,18.00,支付宝
ORD107384,2026-06-28,S05,P08,1,25.00,支付宝
ORD108186,2026-07-04,S02,P10,2,48.00,支付宝
ORD111761,2026-07-30,S01,P16,1,5.00,会员储值
ORD107109,2026-06-26,S05,P09,2,36.00,会员储值
ORD111003,2026-07-25,S05,P09,1,18.00,微信
ORD102143,2026-05-18,S01,P08,1,25.00,微信
ORD100709,2026-05-06,S04,P07,3,66.00,会员储值
ORD103693,2026-05-30,S02,P12,1,8.00,支付宝
ORD105892,2026-06-17,S04,P07,3,66.00,现金
ORD104505,2026-06-06,S04,P06,1,42.00,微信
ORD101326,2026-05-11,S05,P06,3,126.00,支付宝
ORD104026,2026-06-02,S02,P13,4,80.00,银行卡
ORD100928,2026-05-08,S03,P02,2,60.00,微信
ORD101295,2026-05-10,S04,P05,1,34.00,支付宝
ORD103836,2026-05-31,S04,P13,1,20.00,银行卡
ORD101786,2026-05-15,S03,P08,3,75.00,微信
ORD103147,2026-05-26,S05,P08,2,50.00,现金
ORD102994,2026-05-25,S01,P10,1,24.00,支付宝
ORD108507,2026-07-06,S02,P05,2,68.00,支付宝
ORD104776,2026-06-07,S04,P09,1,18.00,银行卡
ORD108944,2026-07-10,S04,P01,4,128.00,支付宝
ORD104691,2026-06-07,S05,P11,3,78.00,支付宝
ORD106171,2026-06-19,S05,P04,1,38.00,会员储值
ORD107050,2026-06-25,S01,P17,1,-12.00,现金
ORD108958,2026-07-10,S02,P19,1,15.00,微信
ORD103407,2026-05-28,S04,P07,2,44.00,银行卡
ORD107709,2026-06-30,S05,P10,1,24.00,微信
ORD107939,2026-07-02,S02,P04,2,76.00,银行卡
ORD101818,2026-05-15,S03,P06,4,168.00,现金
ORD102942,2026-05-24,S05,P11,1,26.00,微信
ORD100560,2026-05-04,S04,P08,2,50.00,现金
ORD106375,2026-06-20,S05,P06,2,84.00,微信
ORD102461,2026-05-21,S04,P04,1,38.00,微信
ORD110255,2026-07-19,S03,P05,1,34.00,现金
ORD111768,2026-07-30,S02,P03,3,78.00,银行卡
ORD108096,2026-07-04,S03,P11,4,104.00,银行卡
ORD103766,2026-05-31,S04,P08,2,50.00,现金
ORD106175,2026-06-19,S02,P08,1,25.00,支付宝
ORD111890,2026-07-30,S03,P04,1,38.00,微信
ORD106360,2026-06-20,S01,P19,2,30.00,银行卡
ORD102484,2026-05-21,S03,P13,1,20.00,现金
ORD104154,2026-06-03,S02,P14,3,30.00,现金
ORD109695,15-07-2026,S04,P10,1,24.00,支付宝
ORD110870,2026-07-24,S01,P14,3,30.00,会员储值
ORD110283,2026-07-19,S01,P09,3,54.00,微信
ORD102362,2026-05-20,S03,P05,2,68.00,会员储值
ORD110971,2026-07-24,S04,P13,3,60.00,会员储值
ORD101434,2026-05-12,S02,P15,1,6.00,银行卡
ORD106068,2026-06-18,S02,P08,1,25.00,微信
ORD107616,2026-06-29,S02,P18,1,18.00,银行卡
ORD103440,2026-05-28,S03,P09,2,36.00,微信
ORD109536,2026-07-13,S03,P06,1,42.00,会员储值
ORD108845,2026-07-09,S02,P16,1,5.00,现金
ORD104906,2026-06-09,S04,P13,1,20.00,微信
ORD102240,2026-05-19,S05,P05,1,34.00,支付宝
ORD105549,2026-06-14,S01,P13,1,20.00,支付宝
ORD104349,2026-06-05,S04,P14,1,10.00,现金
ORD102382,2026-05-20,S04,P09,4,72.00,微信
ORD107825,2026-07-01,S04,P19,2,30.00,现金
ORD108131,2026-07-04,S02,P12,1,8.00,微信
ORD106490,2026-06-21,S03,P19,2,30.00,会员储值
ORD100073,2026-05-01,S01,P11,3,78.00,现金
ORD108793,2026-07-09,S04,P19,2,30.00,现金
ORD111004,2026-07-25,S03,P09,1,18.00,支付宝
ORD110516,2026-07-21,S05,P04,1,38.00,会员储值
ORD107854,2026-07-02,S05,P01,1,32.00,支付宝
ORD101507,2026-05-13,S03,P14,1,10.00,现金
ORD106265,2026-06-20,S04,P14,1,10.00,微信
ORD111050,2026-07-25,S04,P18,1,18.00,银行卡
ORD109773,2026-07-16,S01,P02,1,30.00,会员储值
ORD100043,2026-05-01,S03,P10,2,48.00,会员储值
ORD110865,2026-07-24,S01,P12,1,8.00,会员储值
ORD101755,2026-05-15,S02,P13,1,20.00,支付宝
ORD108393,2026-07-05,S05,P09,2,36.00,会员储值
ORD103705,2026-05-30,S05,P01,2,64.00,会员储值
ORD103535,2026-05-29,S02,P13,1,20.00,支付宝
ORD100336,2026-05-03,S01,P12,4,32.00,支付宝
ORD111832,2026-07-30,S01,P14,1,10.00,会员储值
ORD101587,2026-05-13,S02,P19,1,15.00,现金
ORD100007,2026-05-01,S04,P07,2,44.00,银行卡
ORD102628,2026-05-22,S02,P04,3,114.00,银行卡
ORD104929,2026-06-09,S04,P19,1,15.00,现金
ORD101145,2026-05-10,S01,P13,1,20.00,现金
ORD106606,2026-06-21,S02,P01,1,32.00,现金
ORD100776,2026-05-07,S03,P06,2,84.00,现金
ORD102849,2026-05-24,S04,P06,3,126.00,银行卡
ORD101373,2026-05-11,S04,P05,1,34.00,微信
ORD107675,2026-06-30,S03,P02,2,60.00,银行卡
ORD107398,2026-06-28,S03,P05,2,68.00,支付宝
ORD100364,2026/05/03,S03,P14,1,10.00,支付宝
ORD108259,2026-07-05,S05,P17,1,12.00,会员储值
ORD111481,2026-07-27,S02,P03,1,26.00,银行卡
ORD101077,2026-05-09,S04,P20,1,22.00,银行卡
ORD111801,2026-07-30,S01,P20,1,22.00,支付宝
ORD105162,2026-06-11,S02,P16,1,5.00,会员储值
ORD101182,2026-05-10,S05,P05,2,68.00,会员储值
ORD105496,2026-06-13,S01,P14,1,10.00,支付宝
ORD110904,2026-07-24,S04,P05,2,68.00,会员储值
ORD111609,2026-07-28,S03,P13,4,80.00,现金
ORD104683,2026-06-07,S05,P10,3,72.00,微信
ORD100768,2026-05-07,S04,P10,1,24.00,银行卡
ORD108767,2026-07-08,S05,P11,1,26.00,微信
ORD106151,2026-06-19,S02,P20,3,66.00,微信
ORD109698,2026-07-15,S04,P19,1,15.00,现金
ORD110843,2026-07-24,S04,P18,4,72.00,会员储值
ORD107778,2026-07-01,S04,P18,1,18.00,现金
ORD100713,2026-05-06,S02,P11,1,-26.00,会员储值
ORD104702,2026-06-07,S02,P19,1,15.00,银行卡
ORD104073,2026-06-02,S05,P15,2,12.00,支付宝
ORD108593,2026-07-07,S04,P12,1,8.00,银行卡
ORD104080,2026-06-02,S01,P12,1,8.00,现金
ORD111737,2026-07-29,S02,P17,1,12.00,微信
ORD107015,2026-06-25,S01,P09,2,36.00,微信
ORD103729,2026-05-31,S03,P10,1,24.00,微信
ORD109419,2026-07-13,S05,P18,3,54.00,会员储值
ORD108276,2026-07-05,S01,P09,3,54.00,现金
ORD110254,2026-07-19,S02,P07,1,22.00,支付宝
ORD106483,2026-06-21,S05,P04,1,38.00,会员储值
ORD109190,2026-07-11,S03,P16,1,5.00,现金
ORD103386,2026-05-28,S03,P10,1,24.00,银行卡
ORD107228,2026-06-27,S02,P15,1,6.00,支付宝
ORD110435,2026-07-20,S04,P14,1,10.00,银行卡
ORD101773,2026-05-15,S04,P07,2,44.00,微信
ORD105124,2026-06-11,S01,P19,1,15.00,现金
ORD100039,2026-05-01,S05,P07,3,66.00,现金
ORD109853,2026-07-16,S01,P18,1,18.00,现金
ORD112041,2026-07-31,S02,P04,1,38.00,现金
ORD100726,2026-05-06,S04,P20,2,44.00,支付宝
ORD108591,2026-07-07,S01,P05,1,34.00,会员储值
ORD106341,2026-06-20,S03,P14,1,10.00,支付宝
ORD102006,2026-05-17,S02,P15,1,6.00,微信
ORD101092,2026-05-09,S04,P17,3,36.00,支付宝
ORD101965,2026-05-16,S02,P07,1,22.00,支付宝
ORD106104,2026-06-18,S02,P15,1,6.00,现金
ORD101890,2026-05-16,S02,P03,2,52.00,支付宝
ORD109243,2026-07-12,S05,P16,1,5.00,会员储值
ORD104213,2026-06-04,S03,P12,3,24.00,现金
ORD103986,2026-06-01,S01,P14,1,10.00,微信
ORD102285,2026-05-19,S03,P16,3,15.00,支付宝
ORD102022,2026-05-17,S05,P02,4,120.00,支付宝
ORD112047,2026-07-31,S03,P99,2,52.00,现金
ORD107839,2026-07-02,S05,P16,1,5.00,支付宝
ORD110006,2026-07-17,S03,P20,1,22.00,现金
ORD100461,2026-05-04,S03,P14,1,10.00,会员储值
ORD104747,2026-06-07,S01,P06,2,84.00,会员储值
ORD103864,2026-05-31,S05,P15,2,12.00,支付宝
ORD107164,2026-06-26,S01,P15,1,6.00,会员储值
ORD112049,2026-07-31,S01,P01,1,32.00,银行卡
ORD107131,2026-06-26,S05,P20,2,44.00,会员储值
ORD109577,2026-07-14,S05,P05,2,68.00,微信
ORD101334,2026-05-11,S01,P13,1,20.00,微信
ORD103930,2026-06-01,S04,P19,2,30.00,现金
ORD105103,2026-06-10,S03,P05,2,68.00,支付宝
ORD105065,2026-06-10,S02,P07,1,22.00,银行卡
ORD104554,2026-06-06,S02,P12,3,24.00,会员储值
ORD104829,2026-06-08,S01,P11,3,78.00,微信
ORD109451,2026-07-13,S03,P19,1,15.00,支付宝
ORD106843,2026-06-23,S01,P13,1,20.00,微信
ORD109326,2026-07-12,S01,P19,3,45.00,微信
ORD105660,2026-06-14,S05,P15,1,6.00,支付宝
ORD105668,2026-06-14,S02,P07,3,66.00,微信
ORD106535,2026-06-21,S01,P12,2,16.00,会员储值
ORD100242,02-05-2026,S01,P17,1,12.00,会员储值
ORD110755,2026/07/23,S02,P19,1,15.00,银行卡
ORD110032,2026-07-18,S01,P18,1,18.00,现金
ORD101209,2026-05-10,S02,P10,2,48.00,现金
ORD103070,2026-05-25,S02,P18,1,18.00,支付宝
ORD105567,2026-06-14,S05,P14,1,10.00,微信
ORD107868,2026-07-02,S03,P07,2,44.00,现金
ORD108685,2026-07-08,S02,P17,1,12.00,银行卡
ORD108569,2026-07-07,S02,P18,1,18.00,会员储值
ORD110548,2026-07-21,S03,P09,1,18.00,银行卡
ORD110364,2026-07-20,S04,P09,1,18.00,微信
ORD100563,2026-05-04,S03,P07,3,66.00,现金
ORD103482,2026-05-29,S02,P13,2,,会员储值
ORD110381,2026-07-20,S03,P03,2,52.00,会员储值
ORD105899,2026-06-17,S04,P13,2,40.00,会员储值
ORD111238,2026-07-26,S04,P09,3,54.00,微信
ORD106985,2026-06-25,S04,P05,2,68.00,银行卡
ORD111522,2026-07-28,S05,P04,2,76.00,银行卡
ORD101446,2026-05-12,S02,P19,1,15.00,支付宝
ORD109927,2026-07-17,S05,P04,2,76.00,会员储值
ORD108857,2026-07-09,S01,P04,1,38.00,银行卡
ORD100603,2026-05-05,S04,P15,4,24.00,现金
ORD105241,2026-06-11,S03,P18,1,18.00,支付宝
ORD105855,2026-06-16,S04,P17,3,36.00,会员储值
ORD103379,2026-05-28,S04,P12,2,16.00,会员储值
ORD108610,2026-07-07,S02,P18,1,18.00,微信
ORD108897,2026-07-10,S02,P13,1,20.00,微信
ORD105715,2026-06-15,S04,P12,1,,微信
ORD101289,2026-05-10,S03,P20,1,22.00,会员储值
ORD108982,2026-07-10,S04,P20,1,22.00,银行卡
ORD111730,2026-07-29,S03,P03,2,52.00,会员储值
ORD107509,2026-06-29,S01,P09,2,36.00,会员储值
ORD109208,2026-07-12,S05,P13,4,80.00,银行卡
ORD110078,2026-07-18,S01,P16,1,5.00,银行卡
ORD111034,2026-07-25,S04,P11,1,26.00,支付宝
ORD106888,2026-06-24,S03,P13,1,20.00,会员储值
ORD108580,2026-07-07,S03,P14,1,10.00,银行卡
ORD110988,2026-07-25,S03,P01,1,32.00,会员储值
ORD108391,2026-07-05,S03,P07,1,22.00,现金
ORD105830,2026-06-16,S05,P11,1,26.00,现金
ORD111359,2026-07-26,S01,P15,4,24.00,银行卡
ORD107779,2026-07-01,S03,P10,2,48.00,支付宝
ORD111513,2026-07-27,S01,P03,1,26.00,会员储值
ORD104877,2026-06-08,S01,P12,1,8.00,微信
ORD101017,2026-05-09,S01,P01,2,64.00,银行卡
ORD102990,2026-05-25,S05,P17,2,24.00,现金
ORD108549,2026-07-07,S04,P01,3,96.00,会员储值
ORD105093,2026-06-10,S05,P12,1,8.00,现金
ORD104461,2026-06-06,S04,P19,1,15.00,会员储值
ORD108458,2026-07-06,S04,P08,1,25.00,支付宝
ORD110404,2026-07-20,S99,P05,1,34.00,现金
ORD100396,2026-05-03,S05,P08,1,25.00,银行卡
ORD109996,2026-07-17,S04,P20,1,22.00,银行卡
ORD100809,2026-05-07,S02,P15,1,6.00,会员储值
ORD109320,2026-07-12,S02,P03,1,26.00,会员储值
ORD101038,2026-05-09,S03,P15,2,12.00,银行卡
ORD106518,2026-06-21,S01,P16,3,15.00,会员储值
ORD100717,2026-05-06,S03,P01,1,32.00,会员储值
ORD109512,2026-07-13,S02,P10,3,72.00,支付宝
ORD107032,2026-06-25,S04,P17,1,12.00,银行卡
ORD102341,2026-05-20,S05,P01,1,32.00,银行卡
ORD108913,2026-07-10,S02,P07,1,22.00,支付宝
ORD106557,2026-06-21,S01,P12,1,8.00,会员储值
ORD104759,2026-06-07,S02,P19,3,45.00,会员储值
ORD103872,2026-05-31,S01,P15,3,18.00,会员储值
ORD107033,2026-06-25,S05,P19,2,30.00,支付宝
ORD107966,2026-07-02,S02,P14,1,10.00,会员储值
ORD104746,2026-06-07,S03,P03,1,26.00,支付宝
ORD111842,2026-07-30,S05,P16,3,15.00,支付宝
ORD109455,2026-07-13,S04,P03,2,52.00,银行卡
ORD105780,2026-06-15,S01,P19,1,15.00,现金
ORD103700,2026-05-30,S05,P19,1,15.00,支付宝
ORD103834,2026-05-31,S02,P12,1,8.00,银行卡
ORD100056,2026-05-01,S05,P06,1,42.00,现金
ORD105270,2026-06-12,S02,P20,4,88.00,现金
ORD107941,2026-07-02,S05,P18,1,18.00,银行卡
ORD103014,2026-05-25,S01,P05,2,68.00,微信
ORD101131,2026-05-09,S04,P06,1,42.00,会员储值
ORD105422,2026-06-13,S01,P03,2,52.00,现金
ORD101984,16-05-2026,S05,P11,1,26.00,会员储值
ORD108129,2026-07-04,S02,P05,3,102.00,支付宝
ORD110955,2026-07-24,S03,P05,1,34.00,现金
ORD111475,2026-07-27,S04,P10,1,24.00,银行卡
ORD111993,2026-07-31,S04,P06,2,84.00,微信
ORD107082,2026-06-26,S05,P14,1,10.00,现金
ORD103476,2026-05-29,S03,P05,3,102.00,现金
ORD102877,2026-05-24,S05,P15,3,18.00,支付宝
ORD104840,2026-06-08,S05,P18,1,18.00,支付宝
ORD111183,2026-07-26,S04,P07,2,44.00,会员储值
ORD106299,2026-06-20,S05,P16,2,-10.00,支付宝
ORD111052,2026-07-25,S02,P19,1,15.00,银行卡
ORD105345,2026-06-13,S04,P12,2,16.00,现金
ORD104308,2026-06-05,S03,P15,1,6.00,现金
ORD108140,2026-07-04,S01,P08,1,25.00,银行卡
ORD100969,2026-05-08,S04,P07,1,22.00,现金
ORD101101,2026-05-09,S03,P09,2,36.00,微信
ORD111494,2026-07-27,S04,P06,2,84.00,现金
ORD106953,2026-06-24,S04,P16,1,5.00,支付宝
ORD103395,2026-05-28,S02,P07,2,44.00,现金
ORD108342,2026-07-05,S03,P18,1,18.00,现金
ORD107042,2026-06-25,S02,P07,3,66.00,现金
ORD104879,2026-06-08,S02,P14,4,40.00,支付宝
ORD111250,2026-07-26,S05,P01,2,64.00,微信
ORD109649,2026-07-15,S01,P01,1,32.00,会员储值
ORD100303,2026-05-03,S05,P11,1,26.00,会员储值
ORD107326,2026-06-27,S03,P02,2,60.00,支付宝
ORD100179,2026-05-02,S05,P04,1,38.00,现金
ORD104378,2026-06-06,S03,P12,2,16.00,微信
ORD100724,2026-05-06,S02,P01,3,96.00,会员储值
ORD108149,2026-07-04,S01,P19,1,15.00,支付宝
ORD108706,2026-07-08,S05,P01,2,64.00,现金
ORD100999,2026-05-09,S04,P10,4,96.00,现金
ORD101321,2026-05-11,S04,P08,2,50.00,支付宝
ORD106092,2026-06-18,S04,P09,1,18.00,银行卡
ORD104384,2026-06-06,S03,P12,1,8.00,微信
ORD111999,2026-07-31,S05,P10,1,24.00,会员储值
ORD109979,2026-07-17,S01,P17,3,36.00,支付宝
ORD106658,2026-06-22,S03,P10,1,24.00,银行卡
ORD101730,2026-05-15,S02,P09,2,36.00,支付宝
ORD108169,2026-07-04,S01,P10,1,24.00,银行卡
ORD100262,2026-05-02,S03,P07,2,44.00,会员储值
ORD107391,2026-06-28,S05,P20,1,22.00,会员储值
ORD104884,2026-06-08,S03,P19,3,45.00,会员储值
ORD107519,2026-06-29,S03,P09,1,18.00,会员储值
ORD108108,2026-07-04,S05,P11,2,52.00,现金
ORD102494,2026-05-21,S04,P04,3,114.00,会员储值
ORD103601,2026-05-30,S01,P19,1,15.00,支付宝
ORD104408,2026-06-06,S05,P07,1,22.00,支付宝
ORD108088,2026-07-03,S01,P08,1,25.00,会员储值
ORD110336,2026-07-19,S01,P10,2,48.00,支付宝
ORD103814,2026-05-31,S01,P13,1,20.00,会员储值
ORD111918,2026-07-31,S02,P11,1,26.00,微信
ORD110535,2026-07-21,S04,P17,1,12.00,银行卡
ORD110268,2026-07-19,S05,P11,1,26.00,会员储值
ORD100617,2026-05-05,S05,P19,2,30.00,支付宝
ORD101353,2026-05-11,S01,P09,1,18.00,微信
ORD104951,2026-06-09,S02,P05,4,136.00,现金
ORD102765,2026-05-23,S03,P12,1,8.00,微信
ORD109728,2026-07-15,S05,P02,1,30.00,会员储值
ORD109650,2026-07-15,S03,P18,1,18.00,会员储值
ORD105146,2026-06-11,S05,P06,1,42.00,支付宝
ORD111001,2026-07-25,S04,P16,4,20.00,支付宝
ORD108639,2026-07-08,S05,P09,1,18.00,微信
ORD103514,2026-05-29,S04,P19,3,45.00,微信
ORD111963,2026-07-31,S04,P02,1,,微信
ORD102905,2026-05-24,S01,P20,1,22.00,银行卡
ORD102835,2026-05-24,S01,P02,3,90.00,银行卡
ORD106416,2026-06-20,S01,P06,3,126.00,现金
ORD109470,2026-07-13,S04,P11,1,26.00,支付宝
ORD101806,2026-05-15,S04,P05,2,68.00,会员储值
ORD103339,2026-05-27,S05,P10,2,48.00,微信
ORD111638,2026-07-29,S01,P07,4,88.00,支付宝
ORD109638,2026-07-14,S05,P09,1,18.00,微信
ORD108548,2026-07-07,S05,P07,2,44.00,微信
ORD109932,2026-07-17,S02,P15,1,6.00,银行卡
ORD108861,2026-07-09,S02,P05,1,34.00,支付宝
ORD105611,2026-06-14,S01,P08,1,25.00,微信
ORD110383,2026-07-20,S05,P10,2,48.00,微信
ORD110610,2026-07-21,S04,P07,1,22.00,现金
ORD100046,2026-05-01,S01,P17,1,12.00,银行卡
ORD103913,2026-06-01,S02,P07,2,44.00,银行卡
ORD108229,2026-07-04,S04,P14,1,10.00,微信
ORD104673,2026-06-07,S04,P20,1,22.00,支付宝
ORD104822,2026-06-08,S05,P18,2,36.00,会员储值
ORD108637,2026-07-08,S02,P01,4,128.00,银行卡
ORD111511,2026-07-27,S02,P19,1,15.00,支付宝
ORD100734,2026-05-06,S02,P12,1,8.00,微信
ORD103712,2026-05-30,S05,P16,2,10.00,支付宝
ORD109062,2026-07-11,S02,P17,1,12.00,银行卡
ORD106487,2026-06-21,S05,P10,1,24.00,银行卡
ORD108170,2026-07-04,S05,P17,2,24.00,银行卡
ORD111035,2026-07-25,S03,P18,1,18.00,银行卡
ORD108153,2026-07-04,S02,P01,1,32.00,支付宝
ORD100731,2026-05-06,S04,P19,1,15.00,银行卡
ORD111748,2026-07-29,S02,P02,1,30.00,支付宝
ORD100760,2026-05-07,S01,P05,2,68.00,微信
ORD100958,2026-05-08,S04,P12,1,8.00,支付宝
ORD102883,2026-05-24,S02,P02,1,30.00,微信
ORD110935,2026-07-24,S02,P05,1,34.00,支付宝
ORD110518,2026-07-21,S04,P02,1,30.00,微信
ORD103295,2026-05-27,S02,P15,4,24.00,微信
ORD105281,2026-06-12,S05,P15,3,18.00,微信
ORD108014,2026-07-03,S04,P06,1,42.00,会员储值
ORD104119,2026-06-03,S02,P07,1,22.00,微信
ORD109329,2026-07-12,S03,P10,1,24.00,支付宝
ORD100544,2026-05-04,S03,P18,1,18.00,微信
ORD110798,2026-07-23,S05,P08,1,25.00,支付宝
ORD106832,2026-06-23,S01,P05,1,34.00,支付宝
ORD102396,2026-05-20,S01,P11,1,26.00,微信
ORD103050,2026-05-25,S05,P02,1,30.00,支付宝
ORD101564,2026-05-13,S05,P20,1,22.00,微信
ORD106055,2026-06-18,S01,P14,1,10.00,会员储值
ORD102597,2026-05-22,S03,P12,2,16.00,银行卡
ORD105692,2026-06-15,S05,P08,1,25.00,银行卡
ORD100492,2026-05-04,S03,P11,1,26.00,现金
ORD106929,2026-06-24,S01,P07,1,22.00,支付宝
ORD111613,2026-07-28,S01,P07,1,22.00,会员储值
ORD110636,2026-07-22,S03,P16,1,5.00,银行卡
ORD111790,2026-07-30,S05,P13,1,20.00,银行卡
ORD111795,2026-07-30,S02,P19,1,15.00,微信
ORD100573,2026-05-05,S02,P11,2,52.00,会员储值
ORD107437,2026-06-28,S03,P03,2,52.00,支付宝
ORD104425,2026-06-06,S05,P11,1,26.00,微信
ORD102761,2026-05-23,S02,P13,2,40.00,支付宝
ORD102540,2026-05-22,S01,P09,1,18.00,会员储值
ORD108633,2026-07-08,S05,P04,1,38.00,现金
ORD106545,2026-06-21,S05,P12,3,,银行卡
ORD108855,2026-07-09,S03,P02,3,90.00,支付宝
ORD108413,2026-07-06,S04,P05,2,68.00,现金
ORD101537,2026-05-13,S01,P15,2,12.00,会员储值
ORD111543,2026-07-28,S02,P13,1,20.00,微信
ORD101831,2026-05-16,S02,P05,1,34.00,微信
ORD104224,2026-06-04,S05,P08,3,75.00,微信
ORD105373,2026-06-13,S03,P09,1,18.00,微信
ORD104471,2026-06-06,S03,P08,2,50.00,银行卡
ORD100605,2026-05-05,S03,P08,1,25.00,现金
ORD106017,2026-06-18,S04,P14,1,10.00,现金
ORD109535,2026-07-13,S05,P04,2,76.00,现金
ORD101713,2026-05-15,S05,P10,3,72.00,现金
ORD104319,2026-06-05,S02,P11,2,52.00,微信
ORD108294,2026-07-05,S05,P15,1,6.00,银行卡
ORD102766,2026-05-23,S03,P02,2,60.00,支付宝
ORD106293,2026-06-20,S01,P03,2,52.00,现金
ORD109887,2026-07-17,S03,P19,1,15.00,现金
ORD103108,2026-05-25,S04,P02,1,30.00,会员储值
ORD106828,2026-06-23,S04,P16,2,10.00,银行卡
ORD110628,2026-07-22,S03,P16,4,20.00,会员储值
ORD104550,2026-06-06,S03,P19,2,30.00,微信
ORD103698,2026-05-30,S03,P18,2,36.00,微信
ORD106529,2026-06-21,S03,P19,4,60.00,银行卡
ORD111153,2026-07-25,S02,P10,1,24.00,微信
ORD109489,2026-07-13,S05,P05,4,136.00,银行卡
ORD109175,2026-07-11,S03,P02,1,30.00,会员储值
ORD101221,2026-05-10,S04,P02,4,120.00,现金
ORD104042,2026-06-02,S02,P10,2,48.00,现金
ORD107855,2026-07-02,S05,P09,2,36.00,支付宝
ORD110447,2026-07-20,S01,P04,1,38.00,会员储值
ORD110090,2026-07-18,S04,P01,1,32.00,支付宝
ORD101164,2026-05-10,S03,P04,1,38.00,微信
ORD107031,2026-06-25,S05,P07,1,22.00,微信
ORD109839,2026-07-16,S03,P17,4,48.00,会员储值
ORD105679,2026-06-14,S05,P03,2,52.00,微信
ORD103881,2026-05-31,S03,P12,1,8.00,会员储值
ORD102829,2026-05-24,S05,P18,1,18.00,微信
ORD111588,2026-07-28,S05,P14,3,30.00,现金
ORD105477,2026-06-13,S03,P06,2,84.00,银行卡
ORD106605,2026-06-21,S04,P15,2,12.00,现金
ORD110160,2026-07-18,S04,P18,1,18.00,微信
ORD107714,2026-06-30,S04,P04,1,38.00,会员储值
ORD107123,2026-06-26,S01,P17,4,48.00,现金
ORD104901,2026-06-08,S03,P13,2,40.00,会员储值
ORD100685,2026-05-06,S01,P06,2,84.00,支付宝
ORD111811,2026-07-30,S01,P07,1,22.00,支付宝
ORD107607,2026-06-29,S05,P05,2,68.00,会员储值
ORD104171,2026-06-03,S01,P07,1,22.00,会员储值
ORD105805,2026-06-16,S02,P17,1,12.00,会员储值
ORD103383,2026-05-28,S01,P10,1,24.00,银行卡
ORD108318,2026-07-05,S04,P07,2,44.00,会员储值
ORD107661,2026-06-30,S03,P04,3,114.00,会员储值
ORD106096,2026-06-18,S04,P19,1,15.00,银行卡
ORD101677,2026-05-14,S02,P03,2,52.00,银行卡
ORD110824,2026-07-23,S02,P07,1,22.00,微信
ORD103011,2026-05-25,S02,P06,1,42.00,现金
ORD106102,2026-06-18,S05,P05,2,68.00,会员储值
ORD110304,2026-07-19,S04,P06,2,84.00,微信
ORD101779,2026-05-15,S05,P11,3,78.00,现金
ORD109920,2026-07-17,S05,P03,2,52.00,会员储值
ORD100990,2026-05-09,S03,P02,1,30.00,银行卡
ORD104392,2026-06-06,S04,P15,1,6.00,微信
ORD104671,2026-06-07,S05,P17,1,12.00,现金
ORD111122,2026-07-25,S05,P12,3,24.00,银行卡
ORD101142,2026-05-10,S02,P18,2,36.00,会员储值
ORD107755,2026-07-01,S04,P05,1,34.00,会员储值
ORD108421,2026-07-06,S03,P13,1,20.00,微信
ORD110831,2026-07-23,S01,P13,3,60.00,支付宝
ORD108733,2026-07-08,S01,P13,1,20.00,银行卡
ORD109471,2026-07-13,S01,P03,1,26.00,会员储值
ORD106928,2026-06-24,S02,P07,1,22.00,微信
ORD102106,2026-05-17,S01,P07,3,66.00,微信
ORD107210,2026-06-27,S03,P01,1,32.00,银行卡
ORD100738,2026-05-06,S04,P09,3,54.00,微信
ORD106632,2026-06-22,S02,P01,1,32.00,现金
ORD110996,2026-07-25,S02,P10,3,72.00,支付宝
ORD109900,2026-07-17,S04,P14,2,20.00,会员储值
ORD108865,2026-07-09,S05,P15,1,6.00,会员储值
ORD102265,2026-05-19,S02,P20,2,44.00,支付宝
ORD104410,2026-06-06,S05,P11,3,78.00,现金
ORD101945,2026-05-16,S04,P18,1,18.00,微信
ORD106418,2026-06-20,S01,P16,1,5.00,支付宝
ORD106944,2026-06-24,S04,P18,1,18.00,现金
ORD107268,2026-06-27,S05,P15,1,6.00,现金
ORD106306,2026-06-20,S01,P12,1,8.00,微信
ORD107415,2026-06-28,S04,P12,1,8.00,微信
ORD105193,2026-06-11,S01,P05,1,34.00,现金
ORD101783,2026/05/15,S04,P16,1,5.00,银行卡
ORD107688,2026-06-30,S04,P03,1,26.00,支付宝
ORD103619,2026-05-30,S04,P16,2,10.00,会员储值
ORD106131,2026-06-19,S02,P06,2,84.00,银行卡
ORD110900,2026-07-24,S01,P20,1,22.00,会员储值
ORD100633,2026-05-05,S02,P04,3,114.00,微信
ORD107765,2026-07-01,S01,P19,1,15.00,现金
ORD105983,2026-06-17,S01,P06,3,126.00,支付宝
ORD102234,2026-05-19,S02,P13,1,20.00,微信
ORD102644,2026-05-23,S02,P10,1,24.00,会员储值
ORD109594,2026-07-14,S05,P04,1,38.00,现金
ORD103816,2026-05-31,S02,P14,1,10.00,银行卡
ORD107901,2026-07-02,S05,P12,3,24.00,会员储值
ORD108023,2026-07-03,S04,P02,1,30.00,现金
ORD109956,2026-07-17,S04,P04,1,38.00,会员储值
ORD108328,2026-07-05,S05,P09,2,36.00,微信
ORD108953,2026-07-10,S04,P15,1,6.00,银行卡
ORD104836,2026-06-08,S03,P05,1,34.00,现金
ORD106515,2026-06-21,S01,P14,1,10.00,会员储值
ORD100805,2026-05-07,S05,P19,1,15.00,银行卡
ORD108977,2026-07-10,S02,P20,3,66.00,微信
ORD100112,2026-05-02,S05,P05,1,34.00,银行卡
ORD104094,2026-06-02,S03,P16,1,,支付宝
ORD109023,2026-07-10,S03,P15,1,6.00,微信
ORD100347,2026-05-03,S02,P03,1,26.00,支付宝
ORD107472,2026-06-28,S03,P12,1,8.00,支付宝
ORD102010,2026-05-17,S05,P05,2,68.00,银行卡
ORD109466,2026-07-13,S05,P18,1,18.00,银行卡
ORD104462,2026-06-06,S05,P19,1,15.00,会员储值
ORD102369,2026-05-20,S02,P14,1,10.00,现金
ORD110731,2026-07-22,S01,P14,4,40.00,现金
ORD102060,2026-05-17,S05,P19,1,15.00,会员储值
ORD101483,2026-05-12,S05,P20,4,88.00,现金
ORD108173,2026-07-04,S05,P20,2,44.00,会员储值
ORD108029,2026-07-03,S04,P10,2,48.00,支付宝
ORD107590,2026-06-29,S02,P19,2,30.00,现金
ORD101203,2026-05-10,S04,P15,1,6.00,现金
ORD110231,2026-07-19,S03,P01,1,32.00,银行卡
ORD100547,2026-05-04,S03,P07,3,66.00,会员储值
ORD108420,2026-07-06,S05,P14,2,20.00,微信
ORD100652,2026-05-05,S03,P15,1,6.00,银行卡
ORD111783,2026-07-30,S02,P07,1,22.00,现金
ORD106178,2026-06-19,S03,P02,1,30.00,会员储值
ORD108885,2026-07-09,S01,P11,1,26.00,微信
ORD107853,2026-07-02,S04,P16,2,10.00,支付宝
ORD106031,2026-06-18,S01,P06,2,84.00,支付宝
ORD111746,2026-07-29,S04,P08,1,25.00,支付宝
ORD107098,2026-06-26,S04,P08,3,75.00,支付宝
ORD109298,2026-07-12,S01,P09,1,18.00,支付宝
ORD101356,2026-05-11,S04,P10,1,24.00,现金
ORD109085,2026-07-11,S02,P10,2,48.00,支付宝
ORD105781,2026-06-16,S05,P19,1,15.00,银行卡
ORD111214,2026-07-26,S05,P08,1,25.00,微信
ORD107395,2026-06-28,S03,P02,1,30.00,会员储值
ORD110147,2026-07-18,S04,P04,1,38.00,会员储值
ORD108370,2026-07-05,S02,P13,1,20.00,支付宝
ORD100586,2026-05-05,S02,P12,2,16.00,会员储值
ORD109009,2026-07-10,S02,P11,2,52.00,现金
ORD106040,2026-06-18,S05,P18,1,18.00,微信
ORD108067,2026-07-03,S04,P10,1,24.00,现金
ORD110677,2026-07-22,S01,P01,3,96.00,现金
ORD111463,2026-07-27,S02,P13,2,40.00,银行卡
ORD102138,2026-05-18,S03,P20,3,66.00,微信
ORD107572,2026-06-29,S01,P99,2,84.00,现金
ORD104682,2026-06-07,S05,P11,1,26.00,支付宝
ORD101225,2026-05-10,S05,P03,3,78.00,微信
ORD105580,2026-06-14,S03,P12,2,16.00,支付宝
ORD101946,2026-05-16,S01,P20,1,22.00,微信
ORD109725,2026-07-15,S04,P05,4,136.00,微信
ORD103957,2026-06-01,S04,P04,2,76.00,银行卡
ORD106391,2026-06-20,S05,P15,1,6.00,支付宝
ORD102505,2026-05-21,S03,P18,3,54.00,支付宝
ORD105591,2026-06-14,S05,P13,4,80.00,微信
ORD108567,2026-07-07,S01,P18,2,36.00,支付宝
ORD103251,2026-05-27,S01,P01,1,32.00,会员储值
ORD103134,2026-05-26,S05,P09,1,18.00,支付宝
ORD104761,2026-06-07,S02,P07,3,66.00,现金
ORD104970,2026-06-09,S04,P18,1,18.00,微信
ORD107428,2026-06-28,S05,P14,3,30.00,会员储值
ORD102936,2026-05-24,S05,P08,1,25.00,微信
ORD111848,2026-07-30,S04,P14,2,20.00,现金
ORD105570,2026-06-14,S04,P19,2,30.00,微信
ORD101825,2026-05-15,S05,P09,1,18.00,会员储值
ORD110701,2026-07-22,S04,P18,2,36.00,会员储值
ORD106660,2026-06-22,S03,P05,1,34.00,会员储值
ORD101495,2026-05-12,S02,P07,1,22.00,银行卡
ORD105987,2026-06-17,S01,P19,2,30.00,微信
ORD108654,2026-07-08,S01,P19,1,15.00,微信
ORD107949,2026-07-02,S05,P11,2,52.00,现金
ORD107179,2026-06-26,S01,P03,1,26.00,支付宝
ORD110553,2026-07-21,S04,P12,3,24.00,现金
ORD105325,2026-06-12,S04,P08,1,25.00,现金
ORD106325,2026-06-20,S04,P12,1,,银行卡
ORD100235,2026-05-02,S01,P05,1,34.00,会员储值
ORD106205,2026-06-19,S03,P05,2,68.00,银行卡
ORD106322,2026-06-20,S05,P01,2,64.00,支付宝
ORD102084,2026-05-17,S04,P11,1,26.00,银行卡
ORD109774,2026-07-16,S05,P08,1,25.00,银行卡
ORD108167,2026-07-04,S03,P17,1,12.00,会员储值
ORD103590,2026-05-30,S01,P10,3,72.00,会员储值
ORD108222,2026-07-04,S04,P12,1,8.00,银行卡
ORD108163,2026-07-04,S03,P09,1,18.00,银行卡
ORD109285,2026-07-12,S02,P11,1,26.00,支付宝
ORD100208,2026-05-02,S02,P08,1,25.00,现金
ORD107587,2026-06-29,S02,P08,2,-50.00,支付宝
ORD100530,2026-05-04,S02,P02,2,60.00,会员储值
ORD100917,2026-05-08,S02,P17,3,36.00,银行卡
ORD100528,2026-05-04,S01,P05,1,34.00,微信
ORD105532,2026-06-14,S03,P12,1,8.00,支付宝
ORD105693,2026-06-15,S03,P19,2,30.00,现金
ORD105734,2026-06-15,S03,P16,3,15.00,支付宝
ORD106435,2026-06-21,S05,P18,1,18.00,会员储值
ORD110646,2026-07-22,S05,P11,1,26.00,会员储值
ORD104676,2026-06-07,S02,P18,2,36.00,现金
ORD109453,2026-07-13,S04,P03,1,26.00,微信
ORD106452,2026-06-21,S01,P11,1,26.00,微信
ORD102579,2026-05-22,S05,P05,2,68.00,现金
ORD111711,2026-07-29,S03,P08,3,75.00,银行卡
ORD103949,2026-06-01,S04,P03,1,26.00,支付宝
ORD111662,2026-07-29,S05,P20,2,44.00,微信
ORD101889,2026-05-16,S04,P16,1,5.00,微信
ORD107368,2026-06-28,S04,P19,2,30.00,会员储值
ORD101635,2026-05-14,S03,P12,2,16.00,支付宝
ORD112003,2026-07-31,S01,P04,1,38.00,支付宝
ORD101821,2026-05-15,S02,P06,2,84.00,现金
ORD108335,2026-07-05,S05,P08,2,50.00,银行卡
ORD110881,2026-07-24,S02,P05,1,34.00,微信
ORD104079,2026-06-02,S05,P04,2,76.00,会员储值
ORD105649,2026-06-14,S01,P09,3,54.00,支付宝
ORD110309,2026-07-19,S03,P03,1,26.00,现金
ORD109308,2026-07-12,S01,P07,2,44.00,微信
ORD103029,2026-05-25,S01,P11,4,104.00,银行卡
ORD111723,2026-07-29,S04,P08,2,50.00,现金
ORD107630,2026-06-29,S05,P19,2,30.00,现金
ORD111992,2026-07-31,S04,P15,1,6.00,银行卡
ORD103600,2026-05-30,S05,P11,3,78.00,现金
ORD109676,2026-07-15,S02,P14,1,10.00,现金
ORD106825,2026-06-23,S01,P12,1,8.00,会员储值
ORD101659,2026-05-14,S01,P02,2,60.00,会员储值
ORD105806,2026-06-16,S05,P11,1,26.00,现金
ORD111964,2026-07-31,S02,P11,1,26.00,会员储值
ORD100912,2026-05-08,S03,P10,1,24.00,会员储值
ORD100401,2026-05-03,S03,P03,4,104.00,微信
ORD105880,2026-06-16,S04,P10,2,48.00,银行卡
ORD108266,2026-07-05,S05,P18,1,18.00,支付宝
ORD105566,2026-06-14,S01,P02,2,60.00,会员储值
ORD106716,2026-06-22,S01,P17,1,12.00,会员储值
ORD105662,2026-06-14,S04,P14,2,20.00,会员储值
ORD109729,2026-07-15,S05,P11,1,26.00,支付宝
ORD110416,2026-07-20,S05,P10,1,24.00,现金
ORD102767,2026-05-23,S03,P07,1,22.00,银行卡
ORD104340,2026-06-05,S05,P01,1,32.00,支付宝
ORD103615,2026-05-30,S02,P04,3,114.00,会员储值
ORD103343,2026-05-27,S03,P17,1,12.00,银行卡
ORD107382,2026-06-28,S05,P09,2,36.00,银行卡
ORD108428,2026-07-06,S05,P15,4,24.00,支付宝
ORD105707,2026-06-15,S05,P01,1,32.00,支付宝
ORD107103,2026-06-26,S04,P15,4,24.00,现金
ORD103947,2026/06/01,S05,P18,3,54.00,银行卡
ORD107744,2026-07-01,S03,P17,1,12.00,微信
ORD107838,2026-07-02,S02,P02,3,90.00,微信
ORD107285,2026-06-27,S05,P05,1,34.00,现金
ORD101913,2026-05-16,S02,P06,1,42.00,会员储值
ORD103967,2026-06-01,S03,P16,1,5.00,会员储值
ORD106035,2026-06-18,S05,P10,1,24.00,会员储值
ORD103867,2026-05-31,S02,P11,1,26.00,会员储值
ORD106454,2026-06-21,S01,P05,1,34.00,现金
ORD107545,2026-06-29,S03,P03,1,26.00,会员储值
ORD100059,2026-05-01,S03,P09,3,54.00,银行卡
ORD102233,2026-05-19,S01,P01,1,32.00,微信
ORD106384,2026-06-20,S01,P17,1,12.00,支付宝
ORD111248,2026-07-26,S03,P14,1,10.00,微信
ORD111520,2026-07-28,S02,P09,1,18.00,微信
ORD104653,2026-06-07,S01,P02,4,120.00,现金
ORD100524,2026-05-04,S05,P20,2,44.00,会员储值
ORD108506,2026-07-06,S04,P09,3,54.00,会员储值
ORD110577,2026-07-21,S02,P06,1,42.00,会员储值
ORD100623,2026-05-05,S01,P14,1,10.00,微信
ORD103301,2026-05-27,S02,P03,2,52.00,银行卡
ORD110613,2026-07-22,S05,P12,1,8.00,现金
ORD108077,2026-07-03,S05,P01,2,64.00,银行卡
ORD110021,2026-07-18,S04,P18,1,18.00,微信
ORD102300,2026-05-19,S01,P16,1,5.00,微信
ORD110328,2026-07-19,S03,P19,1,15.00,银行卡
ORD107751,2026-07-01,S03,P11,1,26.00,支付宝
ORD100668,2026-05-06,S04,P15,1,6.00,微信
ORD108202,2026-07-04,S03,P20,1,22.00,现金
ORD109345,2026-07-12,S02,P03,2,52.00,支付宝
ORD104733,2026-06-07,S04,P07,2,44.00,银行卡
ORD102439,2026-05-21,S01,P02,2,60.00,现金
ORD110710,2026-07-22,S02,P20,3,¥66.00,微信
ORD109739,2026-07-15,S05,P19,1,15.00,微信
ORD103135,2026-05-26,S05,P09,2,36.00,支付宝
ORD109590,2026-07-14,S01,P16,4,20.00,银行卡
ORD104296,2026-06-05,S02,P17,1,12.00,现金
ORD103757,2026-05-31,S04,P02,3,90.00,支付宝
ORD108176,2026-07-04,S05,P07,1,22.00,支付宝
ORD100275,2026-05-02,S03,P18,1,18.00,银行卡
ORD104351,2026-06-05,S02,P01,2,-64.00,现金
ORD109370,2026-07-12,S03,P03,3,78.00,会员储值
ORD105601,2026-06-14,S04,P15,3,18.00,微信
ORD107631,2026-06-29,S03,P02,1,30.00,微信
ORD110046,2026-07-18,S02,P19,4,60.00,支付宝
ORD107126,2026-06-26,S03,P06,3,126.00,会员储值
ORD100451,2026-05-03,S03,P19,4,60.00,会员储值
ORD106657,2026-06-22,S01,P09,1,18.00,支付宝
ORD110703,2026-07-22,S01,P10,4,96.00,微信
ORD103656,2026-05-30,S01,P14,2,20.00,会员储值
ORD101091,2026-05-09,S04,P19,1,15.00,支付宝
ORD111094,2026-07-25,S03,P15,1,6.00,现金
ORD100234,2026-05-02,S05,P06,2,84.00,微信
ORD100761,2026-05-07,S04,P17,1,12.00,银行卡
ORD102320,2026-05-19,S05,P09,1,18.00,现金
ORD111666,2026-07-29,S04,P01,1,32.00,会员储值
ORD106051,2026-06-18,S03,P12,2,16.00,会员储值
ORD108207,2026-07-04,S04,P08,3,75.00,银行卡
ORD110838,2026-07-23,S02,P02,2,60.00,现金
ORD101709,2026-05-15,S01,P08,2,50.00,会员储值
ORD103853,2026-05-31,S03,P20,3,66.00,现金
ORD110103,2026-07-18,S04,P19,3,45.00,支付宝
ORD103484,2026-05-29,S04,P17,1,12.00,微信
ORD104427,2026-06-06,S01,P10,1,24.00,现金
ORD104958,2026-06-09,S01,P16,1,5.00,现金
ORD109780,2026-07-16,S05,P99,1,22.00,微信
ORD106066,2026-06-18,S05,P16,2,10.00,会员储值
ORD106469,2026-06-21,S03,P18,1,18.00,支付宝
ORD103554,2026-05-30,S03,P01,1,32.00,支付宝
ORD102349,2026-05-20,S01,P07,4,88.00,支付宝
ORD106765,2026-06-23,S04,P11,4,104.00,微信
ORD109688,2026-07-15,S02,P06,4,168.00,现金
ORD110054,2026-07-18,S03,P14,1,10.00,微信
ORD103567,2026-05-30,S03,P06,1,42.00,会员储值
ORD110815,2026-07-23,S01,P17,1,12.00,支付宝
ORD101018,2026-05-09,S01,P09,3,54.00,现金
ORD109281,2026-07-12,S02,P16,1,5.00,会员储值
ORD104765,2026-06-07,S05,P14,1,,现金
ORD104339,2026-06-05,S04,P12,1,8.00,现金
ORD106323,2026-06-20,S01,P01,4,128.00,现金
ORD102253,2026-05-19,S01,P04,2,76.00,支付宝
ORD111855,2026-07-30,S01,P13,2,40.00,微信
ORD103026,2026-05-25,S03,P19,1,15.00,现金
ORD108572,2026-07-07,S01,P09,1,18.00,微信
ORD109273,2026-07-12,S05,P04,2,76.00,会员储值
ORD111504,2026-07-27,S05,P19,2,30.00,现金
ORD102062,2026-05-17,S03,P01,2,64.00,会员储值
ORD102174,2026-05-18,S02,P14,1,10.00,会员储值
ORD103003,2026-05-25,S01,P01,3,96.00,微信
ORD103874,2026-05-31,S04,P10,2,48.00,微信
ORD109974,2026-07-17,S01,P20,2,44.00,会员储值
ORD102601,2026-05-22,S02,P13,1,20.00,会员储值
ORD107890,2026-07-02,S01,P14,4,40.00,微信
ORD105710,2026-06-15,S05,P08,2,50.00,微信
ORD111172,2026-07-25,S04,P08,2,50.00,微信
ORD106060,2026-06-18,S03,P08,1,25.00,现金
ORD109102,2026-07-11,S05,P19,1,15.00,微信
ORD101036,2026-05-09,S04,P09,3,54.00,支付宝
ORD102501,2026-05-21,S01,P10,3,72.00,银行卡
ORD100432,2026-05-03,S01,P03,1,26.00,现金
ORD104387,2026-06-06,S02,P09,2,36.00,银行卡
ORD105030,2026-06-10,S04,P07,3,66.00,现金
ORD105211,2026-06-11,S04,P05,3,102.00,微信
ORD107102,2026-06-26,S05,P14,3,30.00,支付宝
ORD110291,2026-07-19,S04,P14,1,10.00,微信
ORD110702,2026-07-22,S01,P16,1,5.00,微信
ORD106504,2026-06-21,S05,P07,1,22.00,微信
ORD103860,2026-05-31,S03,P11,2,52.00,支付宝
ORD102669,2026-05-23,S05,P16,1,5.00,银行卡
ORD110717,2026-07-22,S05,P13,1,20.00,支付宝
ORD102221,2026-05-18,S01,P11,2,52.00,微信
ORD105203,2026-06-11,S02,P09,3,54.00,支付宝
ORD100512,2026-05-04,S03,P20,1,22.00,银行卡
ORD101310,2026-05-11,S02,P07,1,22.00,微信
ORD102783,23-05-2026,S04,P18,2,36.00,现金
ORD101086,2026-05-09,S04,P15,2,12.00,会员储值
ORD104529,2026-06-06,S04,P20,2,44.00,支付宝
ORD104424,2026-06-06,S05,P16,1,5.00,银行卡
ORD107834,2026-07-01,S04,P17,1,12.00,支付宝
ORD106264,2026-06-20,S03,P19,2,30.00,微信
ORD103240,2026-05-27,S03,P03,2,52.00,银行卡
ORD109126,2026-07-11,S05,P04,1,38.00,会员储值
ORD106260,2026-06-20,S03,P19,1,15.00,银行卡
ORD107905,2026-07-02,S01,P18,1,18.00,现金
ORD104809,2026-06-08,S03,P16,2,10.00,会员储值
ORD106361,2026-06-20,S03,P11,3,78.00,银行卡
ORD107517,2026-06-29,S05,P17,2,24.00,支付宝
ORD108734,2026-07-08,S05,P20,1,22.00,支付宝
ORD102493,2026-05-21,S03,P07,1,22.00,现金
ORD108677,2026-07-08,S04,P11,1,26.00,现金
ORD101560,2026-05-13,S04,P07,1,22.00,支付宝
ORD111784,2026-07-30,S05,P17,2,24.00,微信
ORD106642,2026-06-22,S03,P10,1,24.00,微信
ORD111656,2026-07-29,S01,P04,1,38.00,银行卡
ORD102083,2026-05-17,S04,P09,1,18.00,现金
ORD105050,2026-06-10,S04,P12,1,8.00,会员储值
ORD111319,2026-07-26,S01,P08,1,25.00,支付宝
ORD110413,2026-07-20,S03,P18,1,18.00,银行卡
ORD100250,2026-05-02,S02,P03,1,26.00,支付宝
ORD110670,2026-07-22,S05,P13,1,20.00,支付宝
ORD104062,02-06-2026,S05,P15,1,6.00,支付宝
ORD102238,2026-05-19,S03,P04,2,76.00,支付宝
ORD103181,2026-05-26,S01,P06,1,42.00,银行卡
ORD104330,2026-06-05,S03,P14,2,20.00,现金
ORD107912,2026-07-02,S03,P10,1,24.00,现金
ORD111240,2026-07-26,S04,P13,1,20.00,银行卡
ORD105634,2026-06-14,S04,P16,1,5.00,微信
ORD106217,2026-06-20,S04,P03,2,52.00,微信
ORD102304,2026-05-19,S04,P12,2,16.00,现金
ORD101396,2026-05-12,S02,P19,1,15.00,现金
ORD100109,2026-05-02,S04,P14,1,10.00,银行卡
ORD109133,2026-07-11,S04,P03,1,26.00,支付宝
ORD100367,2026-05-03,S01,P14,4,40.00,支付宝
ORD108652,2026-07-08,S04,P12,2,16.00,微信
ORD102907,2026-05-24,S05,P06,1,42.00,支付宝
ORD108794,2026-07-09,S05,P19,2,30.00,会员储值
ORD104709,2026-06-07,S01,P02,1,30.00,银行卡
ORD106477,2026-06-21,S05,P02,3,90.00,会员储值
ORD110166,2026-07-18,S01,P01,1,32.00,现金
ORD103062,2026-05-25,S02,P14,1,10.00,现金
ORD107511,2026-06-29,S02,P04,1,38.00,微信
ORD100897,2026-05-08,S02,P03,1,26.00,微信
ORD103247,2026-05-27,S03,P11,1,26.00,微信
ORD104486,2026-06-06,S03,P04,1,38.00,银行卡
ORD102864,2026-05-24,S04,P19,1,15.00,银行卡
ORD104242,2026-06-04,S04,P08,2,50.00,支付宝
ORD100269,2026-05-02,S03,P09,1,18.00,银行卡
ORD108650,2026-07-08,S01,P11,1,26.00,微信
ORD105084,2026-06-10,S05,P09,1,18.00,微信
ORD107229,2026-06-27,S05,P04,1,38.00,会员储值
ORD101902,2026-05-16,S05,P17,1,12.00,现金
ORD108681,2026-07-08,S01,P17,3,36.00,现金
ORD100870,2026-05-08,S01,P17,2,24.00,银行卡
ORD107044,2026-06-25,S02,P15,2,12.00,支付宝
ORD101167,2026-05-10,S05,P04,1,38.00,现金
ORD110308,2026-07-19,S05,P18,1,18.00,会员储值
ORD108824,2026-07-09,S03,P01,4,128.00,会员储值
ORD111355,2026-07-26,S02,P17,1,12.00,现金
ORD103391,2026-05-28,S03,P16,1,5.00,会员储值
ORD102716,2026-05-23,S05,P20,2,44.00,银行卡
ORD102148,2026-05-18,S02,P08,1,25.00,银行卡
ORD106024,2026-06-18,S04,P12,1,8.00,微信
ORD108798,2026-07-09,S02,P06,1,42.00,银行卡
ORD109841,2026-07-16,S05,P16,1,5.00,会员储值
ORD104019,2026-06-02,S02,P12,1,8.00,会员储值
ORD108470,2026-07-06,S05,P09,3,54.00,现金
ORD100071,2026-05-01,S04,P17,3,36.00,微信
ORD107344,2026-06-28,S01,P08,3,75.00,银行卡
ORD101172,2026-05-10,S05,P17,1,12.00,现金
ORD102308,2026-05-19,S02,P18,2,36.00,银行卡
ORD110917,2026-07-24,S02,P14,1,10.00,会员储值
ORD109605,2026-07-14,S02,P03,1,26.00,银行卡
ORD100653,2026-05-05,S05,P10,2,48.00,银行卡
ORD101988,2026-05-16,S04,P14,1,10.00,会员储值
ORD111470,2026-07-27,S02,P01,1,32.00,支付宝
ORD106819,2026-06-23,S04,P16,1,5.00,银行卡
ORD111327,2026-07-26,S03,P11,2,52.00,现金
ORD101722,2026-05-15,S01,P02,2,60.00,微信
ORD108804,2026-07-09,S02,P15,3,18.00,微信
ORD109488,2026-07-13,S04,P12,1,8.00,银行卡
ORD108625,2026/07/07,S05,P03,1,26.00,微信
ORD104515,2026-06-06,S05,P16,3,15.00,支付宝
ORD106412,2026-06-20,S05,P11,1,26.00,现金
ORD107463,2026-06-28,S02,P18,2,36.00,会员储值
ORD105369,2026-06-13,S01,P16,3,15.00,会员储值
ORD100883,2026-05-08,S02,P01,1,32.00,支付宝
ORD110760,2026-07-23,S05,P02,4,120.00,支付宝
ORD106645,2026-06-22,S02,P14,2,20.00,银行卡
ORD106630,2026-06-22,S03,P14,1,10.00,银行卡
ORD101618,2026-05-14,S03,P16,1,5.00,会员储值
ORD108686,2026-07-08,S05,P18,3,54.00,微信
ORD110864,2026-07-24,S05,P20,1,22.00,现金
ORD109025,2026-07-10,S03,P17,3,36.00,微信
ORD107252,2026-06-27,S04,P17,2,24.00,银行卡
ORD109200,2026-07-12,S02,P17,1,12.00,微信
ORD107302,2026-06-27,S02,P04,2,76.00,会员储值
ORD108867,2026-07-09,S01,P18,1,18.00,现金
ORD109687,2026-07-15,S01,P10,2,48.00,银行卡
ORD100381,2026-05-03,S01,P01,2,64.00,银行卡
ORD108713,2026-07-08,S04,P20,1,22.00,现金
ORD100675,2026-05-06,S04,P06,1,42.00,会员储值
ORD108624,2026-07-07,S01,P20,4,88.00,支付宝
ORD100792,2026-05-07,S01,P03,1,26.00,银行卡
ORD111077,2026-07-25,S05,P02,2,60.00,会员储值
ORD108801,2026-07-09,S04,P18,4,72.00,现金
ORD110629,2026-07-22,S04,P07,3,66.00,支付宝
ORD106912,2026/06/24,S03,P10,1,24.00,支付宝
ORD100301,2026-05-03,S01,P06,2,84.00,支付宝
ORD110466,21-07-2026,S02,P11,2,52.00,微信
ORD107891,2026-07-02,S02,P17,1,12.00,微信
ORD107277,2026-06-27,S05,P05,2,68.00,微信
ORD108785,2026-07-09,S05,P20,1,22.00,现金
ORD107095,2026-06-26,S04,P14,1,10.00,会员储值
ORD103650,2026-05-30,S01,P09,2,36.00,微信
ORD105196,2026-06-11,S01,P10,2,48.00,支付宝
ORD102852,2026-05-24,S01,P13,2,40.00,银行卡
ORD102808,2026-05-23,S01,P13,1,20.00,支付宝
ORD101118,2026-05-09,S01,P04,2,76.00,支付宝
ORD111998,2026-07-31,S02,P11,4,104.00,支付宝
ORD100725,2026-05-06,S02,P16,3,15.00,微信
ORD109852,2026-07-16,S03,P18,2,36.00,会员储值
ORD105488,2026-06-13,S04,P04,4,152.00,会员储值
ORD100359,2026-05-03,S02,P19,1,15.00,支付宝
ORD110776,2026-07-23,S01,P18,1,18.00,支付宝
ORD107990,2026-07-03,S03,P02,1,30.00,支付宝
ORD103303,2026-05-27,S01,P02,1,30.00,银行卡
ORD109184,2026-07-11,S02,P14,3,30.00,会员储值
ORD102066,2026-05-17,S02,P13,2,40.00,微信
ORD101462,2026-05-12,S01,P16,1,5.00,银行卡
ORD108917,2026-07-10,S04,P01,2,64.00,银行卡
ORD102485,2026-05-21,S03,P03,2,52.00,会员储值
ORD109197,2026-07-11,S01,P01,1,32.00,现金
ORD105996,2026-06-17,S01,P07,4,88.00,现金
ORD109209,2026-07-12,S03,P10,2,48.00,银行卡
ORD101960,2026-05-16,S02,P05,1,34.00,现金
ORD107895,2026-07-02,S04,P15,2,12.00,现金
ORD111849,2026-07-30,S04,P02,1,30.00,支付宝
ORD106561,2026-06-21,S05,P12,2,16.00,现金
ORD109007,2026-07-10,S02,P20,2,44.00,银行卡
ORD100391,2026-05-03,S05,P20,1,22.00,银行卡
ORD100743,2026-05-06,S03,P05,4,136.00,现金
ORD100499,2026-05-04,S04,P14,1,10.00,支付宝
ORD101287,2026-05-10,S04,P17,1,12.00,支付宝
ORD107512,2026-06-29,S03,P05,1,34.00,现金
ORD102065,2026-05-17,S04,P02,1,30.00,银行卡
ORD100019,2026-05-01,S04,P20,3,66.00,微信
ORD102178,2026-05-18,S05,P16,1,5.00,支付宝
ORD111529,2026-07-28,S05,P06,3,126.00,支付宝
ORD104493,2026-06-06,S04,P04,1,38.00,微信
ORD104447,2026-06-06,S02,P09,1,18.00,支付宝
ORD109264,2026-07-12,S02,P03,2,52.00,会员储值
ORD103841,2026-05-31,S04,P17,4,48.00,支付宝
ORD106830,2026-06-23,S02,P10,1,24.00,会员储值
ORD104864,2026-06-08,S05,P08,1,25.00,会员储值
ORD111725,2026-07-29,S03,P08,2,50.00,银行卡
ORD108198,2026-07-04,S04,P20,1,22.00,支付宝
ORD109152,2026-07-11,S04,P04,3,114.00,支付宝
ORD104347,2026-06-05,S05,P08,2,50.00,支付宝
ORD102958,2026-05-24,S03,P17,1,12.00,支付宝
ORD104824,2026-06-08,S01,P07,1,22.00,银行卡
ORD109399,2026-07-13,S01,P18,1,18.00,现金
ORD104986,2026-06-09,S03,P01,1,32.00,支付宝
ORD103235,2026-05-27,S04,P16,1,5.00,银行卡
ORD101569,2026-05-13,S02,P17,1,12.00,现金
ORD105646,2026-06-14,S01,P08,2,50.00,银行卡
ORD102857,2026-05-24,S01,P14,1,10.00,现金
ORD107504,2026-06-29,S01,P18,1,18.00,会员储值
ORD101645,2026-05-14,S02,P03,1,26.00,微信
ORD102025,2026-05-17,S01,P11,1,26.00,现金
ORD108225,2026-07-04,S04,P03,1,26.00,现金
ORD108058,2026-07-03,S02,P16,2,10.00,会员储值
ORD100836,2026-05-07,S05,P09,2,36.00,现金
ORD110771,2026-07-23,S05,P15,1,6.00,支付宝
ORD109661,2026-07-15,S02,P15,3,18.00,支付宝
ORD107790,2026-07-01,S05,P05,1,34.00,微信
ORD100878,2026-05-08,S01,P01,4,128.00,微信
ORD101201,2026-05-10,S01,P19,2,30.00,银行卡
ORD106822,2026-06-23,S05,P15,1,6.00,银行卡
ORD111818,2026-07-30,S03,P01,1,32.00,微信
ORD100821,2026-05-07,S05,P16,1,5.00,银行卡
ORD103589,2026-05-30,S03,P10,4,96.00,会员储值
ORD105654,2026-06-14,S03,P19,3,45.00,会员储值
ORD105648,2026-06-14,S04,P18,1,18.00,现金
ORD102107,2026-05-17,S01,P01,2,64.00,现金
ORD104304,2026-06-05,S05,P02,1,30.00,微信
ORD110759,2026-07-23,S03,P13,1,20.00,微信
ORD102125,2026-05-17,S04,P07,3,66.00,支付宝
ORD104993,2026-06-09,S05,P18,1,18.00,银行卡
ORD101493,2026-05-12,S01,P03,1,26.00,银行卡
ORD100559,2026-05-04,S01,P07,1,22.00,银行卡
ORD105379,2026-06-13,S05,P03,2,52.00,现金
ORD102338,2026-05-20,S03,P16,1,5.00,支付宝
ORD101933,2026-05-16,S01,P15,1,6.00,微信
ORD105909,2026-06-17,S01,P11,1,26.00,支付宝
ORD111471,2026/07/27,S05,P15,1,6.00,现金
ORD106541,2026-06-21,S03,P18,2,36.00,支付宝
ORD110275,2026-07-19,S02,P17,3,36.00,会员储值
ORD110041,2026-07-18,S05,P08,2,50.00,银行卡
ORD104013,2026-06-02,S01,P17,1,12.00,现金
ORD108692,2026-07-08,S04,P06,4,168.00,银行卡
ORD111258,2026-07-26,S01,P16,1,5.00,微信
ORD110370,2026-07-20,S02,P17,3,36.00,支付宝
ORD111483,2026-07-27,S01,P15,1,6.00,微信
ORD110733,2026-07-22,S05,P14,4,40.00,支付宝
ORD111450,2026-07-27,S02,P11,2,52.00,微信
ORD107055,2026-06-25,S02,P16,1,5.00,银行卡
ORD111294,2026-07-26,S05,P04,2,76.00,现金
ORD105696,2026-06-15,S05,P14,1,10.00,会员储值
ORD107862,2026-07-02,S01,P19,1,15.00,支付宝
ORD107604,2026-06-29,S01,P10,1,24.00,现金
ORD106894,2026-06-24,S01,P15,4,24.00,微信
ORD107541,2026-06-29,S04,P09,1,18.00,会员储值
ORD106859,2026-06-23,S03,P17,1,12.00,支付宝
ORD111518,2026-07-28,S03,P03,1,26.00,支付宝
ORD104843,2026-06-08,S03,P20,1,22.00,支付宝
ORD110836,2026-07-23,S05,P13,2,¥40.00,会员储值
ORD111573,2026-07-28,S03,P07,1,22.00,微信
ORD100808,2026-05-07,S02,P05,1,34.00,微信
ORD109162,2026-07-11,S04,P01,1,32.00,现金
ORD111503,2026-07-27,S02,P08,2,50.00,现金
ORD110661,2026-07-22,S02,P20,2,44.00,银行卡
ORD111622,2026-07-29,S01,P17,1,12.00,银行卡
ORD110892,2026-07-24,S04,P10,1,24.00,支付宝
ORD110079,2026-07-18,S02,P15,1,6.00,微信
ORD102871,2026-05-24,S02,P09,1,18.00,银行卡
ORD105559,2026-06-14,S02,P07,1,22.00,现金
ORD104917,2026-06-09,S01,P05,4,136.00,现金
ORD107665,2026-06-30,S01,P06,2,84.00,会员储值
ORD106219,2026-06-20,S04,P01,1,32.00,银行卡
ORD111887,2026-07-30,S04,P08,1,25.00,微信
ORD110360,2026-07-20,S05,P09,2,36.00,银行卡
ORD104675,2026-06-07,S04,P18,1,18.00,银行卡
ORD100998,2026-05-09,S01,P06,1,42.00,会员储值
ORD105457,2026-06-13,S04,P11,4,104.00,现金
ORD105077,2026-06-10,S05,P14,2,20.00,现金
ORD105313,2026-06-12,S01,P07,2,44.00,银行卡
ORD106922,2026-06-24,S02,P06,1,42.00,支付宝
ORD111256,2026-07-26,S03,P15,1,6.00,支付宝
ORD101892,2026-05-16,S04,P08,1,25.00,微信
ORD107837,2026-07-02,S05,P17,2,24.00,支付宝
ORD103012,2026-05-25,S02,P12,2,16.00,支付宝
ORD100849,2026-05-07,S01,P01,4,128.00,支付宝
ORD106795,2026-06-23,S03,P11,1,26.00,支付宝
ORD100216,2026-05-02,S03,P03,2,¥52.00,现金
ORD102744,2026-05-23,S01,P18,4,72.00,支付宝
ORD108700,2026-07-08,S03,P11,2,52.00,银行卡
ORD108156,2026-07-04,S03,P17,2,24.00,现金
ORD103374,2026-05-28,S03,P01,1,32.00,会员储值
ORD111140,2026-07-25,S03,P13,1,20.00,支付宝
ORD110051,2026-07-18,S02,P04,2,76.00,支付宝
ORD108171,2026-07-04,S02,P07,1,22.00,银行卡
ORD106043,2026-06-18,S02,P01,1,32.00,银行卡
ORD111742,2026-07-29,S04,P08,1,25.00,支付宝
ORD110635,2026-07-22,S04,P08,1,25.00,支付宝
ORD102844,2026-05-24,S04,P04,1,38.00,银行卡
ORD107646,2026-06-30,S04,P15,1,6.00,现金
ORD111111,2026-07-25,S01,P11,2,52.00,银行卡
ORD100765,2026-05-07,S05,P06,1,42.00,银行卡
ORD111273,2026-07-26,S05,P04,1,38.00,微信
ORD109461,2026-07-13,S02,P19,1,15.00,微信
ORD103723,2026-05-31,S03,P01,3,96.00,微信
ORD110605,2026-07-21,S01,P19,1,15.00,微信
ORD111893,2026-07-30,S04,P16,1,5.00,支付宝
ORD109344,2026-07-12,S03,P08,1,25.00,微信
ORD107073,2026-06-26,S01,P15,2,12.00,微信
ORD104344,2026-06-05,S03,P06,1,42.00,会员储值
ORD104500,2026-06-06,S04,P09,4,72.00,银行卡
ORD106692,2026-06-22,S01,P14,2,20.00,银行卡
ORD101064,2026-05-09,S05,P16,2,10.00,现金
ORD108416,2026-07-06,S04,P07,1,22.00,银行卡
ORD111981,2026-07-31,S01,P19,4,60.00,银行卡
ORD106389,2026-06-20,S03,P07,1,22.00,会员储值
ORD109483,2026-07-13,S02,P08,2,50.00,会员储值
ORD106525,2026-06-21,S05,P06,1,42.00,银行卡
ORD111536,2026-07-28,S01,P09,3,54.00,支付宝
ORD103123,2026-05-26,S02,P07,1,22.00,银行卡
ORD104192,2026-06-03,S03,P18,2,36.00,会员储值
ORD107273,2026-06-27,S01,P10,1,24.00,微信
ORD111846,2026-07-30,S01,P18,1,18.00,支付宝
ORD106229,2026-06-20,S04,P07,2,44.00,支付宝
ORD108952,2026-07-10,S05,P19,2,30.00,银行卡
ORD107850,2026-07-02,S04,P18,2,36.00,会员储值
ORD100954,2026-05-08,S05,P16,2,10.00,支付宝
ORD106234,2026-06-20,S03,P05,1,34.00,银行卡
ORD108344,2026-07-05,S03,P17,1,12.00,银行卡
ORD109400,2026-07-13,S01,P01,2,64.00,支付宝
ORD100125,2026-05-02,S02,P20,3,66.00,支付宝
ORD104542,2026-06-06,S03,P05,4,136.00,银行卡
ORD111825,2026-07-30,S02,P04,1,38.00,支付宝
ORD108531,2026-07-07,S05,P16,1,5.00,支付宝
ORD105364,2026-06-13,S04,P04,2,76.00,微信
ORD105351,2026-06-13,S04,P19,1,15.00,现金
ORD109555,2026-07-14,S01,P02,1,30.00,现金
ORD100455,2026-05-04,S02,P19,2,30.00,微信
ORD109486,2026-07-13,S01,P02,2,60.00,现金
ORD109221,2026-07-12,S01,P18,2,36.00,微信
ORD111595,2026-07-28,S03,P06,3,126.00,现金
ORD107238,2026-06-27,S02,P03,2,52.00,微信
ORD108750,2026-07-08,S02,P04,1,38.00,微信
ORD111643,2026-07-29,S05,P15,1,6.00,银行卡
ORD102293,2026-05-19,S03,P19,2,30.00,现金
ORD102452,2026-05-21,S02,P11,1,-26.00,会员储值
ORD110931,2026-07-24,S05,P13,2,40.00,支付宝
ORD100062,2026-05-01,S03,P13,1,20.00,银行卡
ORD100009,2026-05-01,S02,P07,1,22.00,微信
ORD103994,2026-06-02,S04,P08,2,50.00,微信
ORD100959,2026-05-08,S04,P04,1,38.00,会员储值
ORD105688,2026-06-15,S04,P01,1,32.00,支付宝
ORD111128,2026-07-25,S04,P10,2,48.00,支付宝
ORD105285,2026-06-12,S05,P05,2,68.00,银行卡
ORD100688,2026-05-06,S01,P17,3,36.00,会员储值
ORD110910,2026-07-24,S05,P02,1,30.00,微信
ORD104659,2026-06-07,S02,P11,2,52.00,现金
ORD107027,2026-06-25,S03,P01,1,32.00,银行卡
ORD109043,2026-07-11,S03,P10,1,24.00,会员储值
ORD103347,2026-05-28,S04,P18,3,54.00,现金
ORD104972,2026-06-09,S05,P02,2,60.00,现金
ORD105464,2026-06-13,S02,P04,2,76.00,支付宝
ORD100238,2026-05-02,S03,P12,3,24.00,现金
ORD105885,2026-06-16,S01,P05,1,34.00,现金
ORD100340,2026-05-03,S04,P03,1,26.00,银行卡
ORD110072,2026-07-18,S02,P01,2,64.00,银行卡
ORD108046,2026-07-03,S03,P12,1,8.00,支付宝
ORD104787,2026-06-07,S01,P07,1,22.00,现金
ORD100654,2026-05-05,S05,P12,1,8.00,现金
ORD105182,2026-06-11,S04,P17,1,12.00,支付宝
ORD106886,2026-06-24,S05,P11,2,52.00,微信
ORD103032,2026-05-25,S01,P02,2,60.00,现金
ORD109110,2026-07-11,S05,P07,1,22.00,支付宝
ORD101398,2026-05-12,S04,P11,2,52.00,现金
ORD106099,2026-06-18,S02,P07,1,22.00,现金
ORD108214,2026-07-04,S02,P08,1,25.00,微信
ORD103412,2026-05-28,S01,P15,1,6.00,银行卡
ORD104449,2026-06-06,S05,P15,2,12.00,会员储值
ORD107249,2026-06-27,S04,P09,1,18.00,会员储值
ORD103308,2026-05-27,S02,P13,2,40.00,支付宝
ORD109086,2026-07-11,S05,P06,1,42.00,会员储值
ORD105968,2026-06-17,S05,P19,1,15.00,微信
ORD108789,2026-07-09,S05,P02,1,30.00,会员储值
ORD111882,2026-07-30,S04,P20,2,44.00,银行卡
ORD108757,2026-07-08,S03,P08,2,50.00,支付宝
ORD102917,2026-05-24,S04,P18,1,18.00,银行卡
ORD108668,2026-07-08,S01,P10,1,24.00,现金
ORD110354,2026-07-20,S05,P19,1,15.00,现金
ORD109901,2026-07-17,S05,P09,1,18.00,现金
ORD107154,2026-06-26,S03,P03,2,52.00,现金
ORD107403,2026-06-28,S03,P01,1,32.00,会员储值
ORD105235,2026-06-11,S05,P03,2,52.00,现金
ORD104979,2026-06-09,S02,P13,1,20.00,银行卡
ORD105105,2026-06-10,S03,P99,4,88.00,微信
ORD100707,2026-05-06,S02,P04,2,76.00,银行卡
ORD107527,2026-06-29,S03,P15,1,6.00,现金
ORD103180,2026-05-26,S01,P06,2,84.00,现金
ORD102824,2026-05-24,S03,P01,3,96.00,现金
ORD110812,2026-07-23,S02,P09,1,18.00,支付宝
ORD104524,2026-06-06,S03,P20,1,22.00,会员储值
ORD105953,2026-06-17,S04,P01,1,32.00,支付宝
ORD100771,2026-05-07,S03,P06,1,42.00,银行卡
ORD106560,2026-06-21,S05,P05,2,68.00,微信
ORD109534,2026-07-13,S04,P17,2,24.00,支付宝
ORD105123,2026-06-10,S04,P15,2,,微信
ORD109913,2026-07-17,S03,P16,1,5.00,会员储值
ORD106558,2026-06-21,S05,P13,1,20.00,会员储值
ORD108679,2026-07-08,S01,P06,1,42.00,支付宝
ORD106462,2026-06-21,S05,P08,1,25.00,支付宝
ORD102095,2026-05-17,S02,P11,2,52.00,银行卡
ORD109961,2026-07-17,S03,P15,2,12.00,支付宝
ORD109690,2026-07-15,S02,P12,1,8.00,现金
ORD111969,2026-07-31,S04,P08,1,25.00,微信
ORD101842,2026-05-16,S04,P05,1,34.00,现金
ORD101772,2026-05-15,S05,P10,4,96.00,支付宝
ORD105623,2026-06-14,S01,P16,2,10.00,银行卡
ORD105383,2026-06-13,S02,P12,1,8.00,银行卡
ORD108655,2026-07-08,S04,P02,3,90.00,会员储值
ORD108603,2026-07-07,S01,P12,4,32.00,银行卡
ORD110640,2026-07-22,S04,P08,1,25.00,银行卡
ORD111640,2026-07-29,S05,P02,2,60.00,微信
ORD100072,2026-05-01,S04,P02,1,30.00,现金
ORD106331,2026-06-20,S05,P14,2,20.00,现金
ORD108358,05-07-2026,S01,P02,2,60.00,现金
ORD104465,2026-06-06,S03,P20,1,22.00,会员储值
ORD104476,2026-06-06,S02,P07,1,22.00,会员储值
ORD106900,2026-06-24,S03,P02,1,30.00,银行卡
ORD105782,2026-06-16,S03,P10,1,24.00,微信
ORD108831,2026-07-09,S01,P20,2,44.00,会员储值
ORD110012,2026-07-17,S03,P18,1,18.00,支付宝
ORD107650,2026-06-30,S01,P13,1,20.00,会员储值
ORD107291,2026-06-27,S02,P02,1,30.00,现金
ORD111685,2026-07-29,S03,P04,1,38.00,支付宝
ORD104698,2026-06-07,S05,P17,1,12.00,支付宝
ORD109103,2026-07-11,S03,P11,2,52.00,会员储值
ORD101401,2026-05-12,S04,P12,3,24.00,现金
ORD102235,2026-05-19,S02,P02,1,30.00,会员储值
ORD110778,2026-07-23,S05,P17,3,36.00,微信
ORD105959,2026-06-17,S03,P06,3,126.00,现金
ORD104014,2026-06-02,S04,P18,3,54.00,现金
ORD103100,2026-05-25,S01,P07,1,22.00,银行卡
ORD103237,2026-05-27,S04,P05,1,34.00,会员储值
ORD102417,2026-05-20,S04,P04,3,114.00,银行卡
ORD108909,2026-07-10,S04,P19,1,-15.00,银行卡
ORD103762,2026-05-31,S01,P09,2,36.00,支付宝
ORD109873,2026-07-16,S04,P09,1,18.00,现金
ORD100293,2026-05-03,S04,P20,3,66.00,现金
ORD108513,2026-07-06,S02,P17,2,24.00,银行卡
ORD104281,2026-06-04,S05,P09,2,36.00,银行卡
ORD105804,2026-06-16,S03,P09,3,54.00,会员储值
ORD105587,2026-06-14,S02,P12,1,8.00,支付宝
ORD102239,2026-05-19,S01,P18,1,18.00,会员储值
ORD109803,2026-07-16,S03,P11,1,26.00,会员储值
ORD108346,2026-07-05,S01,P02,1,30.00,微信
ORD105912,2026-06-17,S03,P08,2,50.00,微信
ORD102941,2026-05-24,S04,P01,2,64.00,现金
ORD104443,2026-06-06,S02,P10,1,24.00,现金
ORD109721,2026-07-15,S05,P06,2,84.00,会员储值
ORD111192,2026-07-26,S03,P15,1,6.00,支付宝
ORD107754,2026-07-01,S02,P16,2,10.00,银行卡
ORD101269,2026-05-10,S03,P17,2,24.00,会员储值
ORD106957,2026-06-24,S04,P19,1,15.00,会员储值
ORD104862,2026-06-08,S02,P15,1,¥6.00,支付宝
ORD101656,2026-05-14,S05,P19,2,30.00,微信
ORD101579,2026-05-13,S04,P04,2,76.00,微信
ORD105111,2026-06-10,S04,P01,4,128.00,微信
ORD106532,2026-06-21,S05,P03,1,26.00,银行卡
ORD102450,2026-05-21,S05,P02,1,30.00,银行卡
ORD106168,2026-06-19,S02,P05,2,68.00,银行卡
ORD104372,2026-06-06,S02,P15,2,12.00,现金
ORD108478,2026-07-06,S01,P03,2,52.00,会员储值
ORD102071,2026-05-17,S03,P06,1,42.00,支付宝
ORD108159,2026-07-04,S05,P15,2,12.00,会员储值
ORD106671,2026-06-22,S05,P09,1,18.00,现金
ORD111325,2026-07-26,S04,P16,4,20.00,现金
ORD108557,2026-07-07,s01,P09,1,18.00,银行卡
ORD107856,2026-07-02,S05,P02,1,30.00,支付宝
ORD103232,2026-05-27,S03,P07,1,22.00,会员储值
ORD107670,2026-06-30,S02,P11,1,26.00,现金
ORD105200,2026-06-11,S04,P10,1,24.00,银行卡
ORD102283,2026-05-19,S01,P09,1,18.00,支付宝
ORD109297,2026-07-12,S02,P09,3,54.00,微信
ORD110036,2026-07-18,S02,P06,2,84.00,支付宝
ORD104444,2026-06-06,S02,P04,1,38.00,支付宝
ORD106336,2026-06-20,S04,P20,4,88.00,微信
ORD111862,2026-07-30,S04,P17,1,12.00,银行卡
ORD102463,2026-05-21,S02,P18,2,36.00,支付宝
ORD101625,2026-05-14,S01,P05,2,68.00,现金
ORD101768,2026-05-15,S01,P03,2,52.00,会员储值
ORD106808,2026-06-23,S02,P11,1,26.00,支付宝
ORD101567,2026-05-13,S04,P17,4,48.00,银行卡
ORD109066,2026-07-11,S04,P11,2,52.00,会员储值
ORD101126,2026-05-09,S02,P07,2,44.00,会员储值
ORD103236,2026-05-27,S01,P05,1,34.00,现金
ORD107388,2026-06-28,S02,P08,1,25.00,银行卡
ORD111564,2026-07-28,S01,P08,4,100.00,银行卡
ORD105560,2026-06-14,S05,P10,3,72.00,银行卡
ORD107860,2026-07-02,S04,P14,1,10.00,支付宝
ORD103866,2026-05-31,S03,P03,1,26.00,支付宝
ORD110653,2026-07-22,S05,P10,2,,现金
ORD111310,2026-07-26,S04,P14,1,10.00,银行卡
ORD111270,2026-07-26,S04,P04,2,76.00,银行卡
ORD111374,2026-07-26,S03,P14,2,20.00,银行卡
ORD100045,2026-05-01,S03,P17,2,24.00,微信
ORD109760,2026-07-16,S02,P06,1,42.00,银行卡
ORD105346,2026-06-13,S04,P13,1,20.00,微信
ORD111393,2026-07-26,S04,P08,2,50.00,会员储值
ORD107622,2026-06-29,S01,P01,1,32.00,支付宝
ORD100499,2026-05-04,S04,P14,1,10.00,支付宝
ORD108323,2026-07-05,S05,P13,1,20.00,会员储值
ORD105590,2026-06-14,S05,P12,2,16.00,会员储值
ORD108582,2026-07-07,S01,P13,1,20.00,银行卡
ORD103463,2026-05-29,S01,P99,4,88.00,会员储值
ORD105658,2026-06-14,S02,P14,1,10.00,支付宝
ORD108050,2026-07-03,S03,P05,1,34.00,现金
ORD100942,2026-05-08,S05,P01,3,96.00,现金
ORD101032,2026-05-09,S03,P07,1,22.00,银行卡
ORD107642,2026-06-30,S04,P14,3,30.00,银行卡
ORD104475,2026-06-06,S04,P16,2,10.00,支付宝
ORD108854,2026-07-09,S05,P18,2,36.00,支付宝
ORD108684,2026-07-08,S01,P08,1,25.00,支付宝
ORD101117,2026-05-09,S02,P18,4,72.00,支付宝
ORD108844,2026-07-09,S01,P07,1,22.00,微信
ORD107087,2026-06-26,S03,P18,1,18.00,银行卡
ORD105428,2026-06-13,S03,P02,2,60.00,会员储值
ORD102263,2026-05-19,S05,P12,1,8.00,微信
ORD104953,2026-06-09,S05,P15,2,12.00,微信
ORD107041,2026-06-25,S05,P12,4,32.00,微信
ORD111351,2026-07-26,S03,P02,2,60.00,支付宝
ORD105461,2026-06-13,S04,P15,2,12.00,支付宝
ORD110451,2026-07-20,S03,P07,2,44.00,银行卡
ORD101452,2026-05-12,S04,P11,2,52.00,银行卡
ORD110162,2026/07/18,S03,P11,1,26.00,会员储值
ORD101594,2026-05-13,S05,P20,1,22.00,现金
ORD109099,2026-07-11,S05,P02,1,30.00,会员储值
ORD103751,2026-05-31,S01,P20,1,22.00,现金
ORD104113,2026-06-03,S04,P19,2,30.00,银行卡
ORD109039,2026-07-11,S03,P08,1,25.00,支付宝
ORD103192,2026-05-26,S05,P11,3,78.00,微信
ORD107269,2026-06-27,S05,P20,1,22.00,现金
ORD107974,2026-07-03,S01,P12,1,8.00,现金
ORD110834,2026-07-23,S02,P13,0,40.00,会员储值
ORD109224,2026-07-12,S03,P18,1,18.00,微信
ORD102552,2026-05-22,S01,P19,3,45.00,会员储值
ORD100002,2026-05-01,S02,P20,1,22.00,支付宝
ORD101503,2026-05-13,S02,P20,3,66.00,支付宝
ORD103318,2026-05-27,S01,P13,1,20.00,支付宝
ORD101846,2026-05-16,S03,P06,3,126.00,会员储值
ORD104678,2026-06-07,S03,P15,3,18.00,支付宝
ORD110523,2026-07-21,S03,P02,4,120.00,现金
ORD111446,2026-07-27,S04,P05,2,68.00,支付宝
ORD100500,2026-05-04,S05,P15,1,6.00,现金
ORD107457,2026-06-28,S05,P14,1,10.00,微信
ORD102908,2026-05-24,S02,P06,2,84.00,现金
ORD106842,2026-06-23,S04,P03,1,26.00,银行卡
ORD111911,2026-07-31,S04,P20,2,44.00,银行卡
ORD106241,2026-06-20,S05,P07,1,22.00,银行卡
ORD108095,2026-07-04,S05,P17,1,12.00,会员储值
ORD107270,2026-06-27,S01,P15,1,6.00,银行卡
ORD100632,2026-05-05,S05,P07,1,22.00,微信
ORD106448,2026-06-21,S01,P10,1,24.00,会员储值
ORD107414,2026-06-28,S01,P19,2,30.00,现金
ORD105933,2026-06-17,S05,P11,1,26.00,支付宝
ORD106680,2026-06-22,S03,P15,1,6.00,微信
ORD100762,2026-05-07,S02,P20,1,22.00,现金
ORD101322,2026-05-11,S04,P08,1,25.00,支付宝
ORD107994,2026-07-03,S05,P06,2,84.00,会员储值
ORD100279,2026-05-02,S05,P12,2,16.00,微信
ORD103614,2026-05-30,S02,P18,1,18.00,会员储值
ORD111141,2026-07-25,S04,P04,2,76.00,银行卡
ORD107580,2026-06-29,S03,P05,2,68.00,现金
ORD110690,2026-07-22,S03,P01,2,64.00,现金
ORD111556,2026-07-28,S01,P10,2,48.00,支付宝
ORD108797,2026-07-09,S04,P04,1,38.00,微信
ORD109071,2026-07-11,S03,P20,2,44.00,会员储值
ORD103585,2026-05-30,S04,P04,1,38.00,银行卡
ORD107059,2026-06-25,S03,P07,1,22.00,微信
ORD105670,2026-06-14,S02,P09,2,36.00,银行卡
ORD106224,2026-06-20,S04,P14,1,,银行卡
ORD108432,2026-07-06,S04,P18,2,36.00,银行卡
ORD104711,2026-06-07,S03,P06,1,42.00,银行卡
ORD103491,2026-05-29,S04,P03,2,52.00,会员储值
ORD101756,2026-05-15,S02,P20,1,22.00,银行卡
ORD112039,2026-07-31,S03,P05,1,34.00,现金
ORD111063,2026-07-25,S04,P14,1,10.00,现金
ORD104561,2026-06-06,S01,P07,2,44.00,微信
ORD111184,2026-07-26,S03,P20,1,22.00,微信
ORD108005,2026-07-03,S04,P15,2,12.00,现金
ORD110571,2026-07-21,S01,P15,1,6.00,会员储值
ORD106443,2026-06-21,S04,P11,1,26.00,微信
ORD106689,2026-06-22,S05,P06,1,42.00,现金
ORD104217,2026-06-04,S01,P12,1,8.00,现金
ORD109812,2026-07-16,S04,P20,2,44.00,微信
ORD101265,2026-05-10,S02,P09,1,18.00,会员储值
ORD112029,31-07-2026,S05,P10,3,72.00,会员储值
ORD110797,2026-07-23,S04,P05,1,34.00,微信
ORD102578,2026-05-22,S05,P03,1,26.00,会员储值
ORD107908,2026-07-02,S04,P02,1,30.00,现金
ORD105845,2026-06-16,S05,P07,1,22.00,微信
ORD105966,2026-06-17,S03,P05,2,68.00,银行卡
ORD108224,2026-07-04,S01,P18,3,54.00,微信
ORD109639,2026-07-14,S05,P14,2,20.00,微信
ORD102028,2026-05-17,S03,P11,2,52.00,银行卡
ORD105100,2026-06-10,S04,P07,2,44.00,支付宝
ORD107690,2026-06-30,S03,P14,3,30.00,现金
ORD105181,2026-06-11,S05,P11,1,26.00,现金
ORD103096,2026-05-25,S99,P01,1,32.00,会员储值
ORD109211,2026-07-12,S02,P09,3,54.00,现金
ORD103350,2026-05-28,S05,P01,1,32.00,微信
ORD111485,2026-07-27,S01,P19,2,30.00,银行卡
ORD110602,2026-07-21,S04,P10,1,24.00,现金
ORD111477,2026-07-27,S03,P16,1,5.00,银行卡
ORD111935,2026-07-31,S05,P19,1,15.00,支付宝
ORD106086,2026-06-18,S02,P14,3,30.00,银行卡
ORD107450,2026-06-28,S05,P13,2,40.00,会员储值
ORD110374,2026-07-20,S04,P14,1,10.00,现金
ORD100354,2026-05-03,S04,P15,1,6.00,会员储值
ORD111149,2026-07-25,S04,P02,1,30.00,会员储值
ORD104414,2026-06-06,S02,P09,3,54.00,支付宝
ORD105039,2026-06-10,S04,P12,1,8.00,现金
ORD105221,2026-06-11,S04,P15,3,18.00,支付宝
ORD106278,2026-06-20,S04,P01,1,32.00,银行卡
ORD109795,2026-07-16,S04,P01,1,32.00,微信
ORD100489,2026-05-04,S04,P12,1,8.00,现金
ORD104948,2026-06-09,S01,P17,3,36.00,银行卡
ORD103892,2026-06-01,S01,P18,2,36.00,支付宝
ORD107441,2026-06-28,S01,P17,3,36.00,现金
ORD103422,2026-05-28,S04,P09,3,54.00,现金
ORD110133,2026-07-18,S02,P19,3,45.00,微信
ORD104549,2026-06-06,S04,P15,1,6.00,现金
ORD111303,2026-07-26,S04,P08,1,25.00,微信
ORD109731,2026-07-15,S02,P18,3,54.00,会员储值
ORD100409,2026-05-03,S01,P03,1,26.00,支付宝
ORD104703,2026-06-07,S03,P07,3,66.00,会员储值
ORD111677,2026-07-29,S04,P07,2,44.00,微信
ORD109011,2026-07-10,S05,P05,1,34.00,银行卡
ORD105876,2026-06-16,S02,P19,2,30.00,微信
ORD104873,2026-06-08,S05,P09,1,18.00,支付宝
ORD111738,2026-07-29,S05,P12,1,8.00,银行卡
ORD108093,2026-07-04,S01,P07,1,22.00,支付宝
ORD108508,2026-07-06,S03,P09,3,54.00,微信
ORD110489,2026-07-21,S04,P20,1,22.00,现金
ORD111093,2026-07-25,S04,P19,4,60.00,银行卡
ORD102378,2026-05-20,S03,P15,1,6.00,银行卡
ORD101381,2026-05-11,S01,P02,1,30.00,支付宝
ORD103907,2026-06-01,S02,P17,1,12.00,现金
ORD104099,2026-06-03,S04,P17,1,12.00,银行卡
ORD101497,2026-05-12,S01,P15,1,6.00,微信
ORD110874,2026-07-24,S05,P03,2,52.00,银行卡
ORD108853,2026-07-09,S03,P17,2,24.00,微信
ORD101255,2026-05-10,S01,P20,1,22.00,微信
ORD103189,2026-05-26,S03,P19,1,15.00,微信
ORD105508,2026-06-13,S01,P08,3,75.00,银行卡
ORD108707,2026-07-08,S05,P09,2,36.00,银行卡
ORD106317,2026-06-20,S04,P13,1,20.00,微信
ORD105509,2026-06-13,S03,P15,1,6.00,现金
ORD106258,2026-06-20,S01,P20,1,22.00,支付宝
ORD102351,2026-05-20,S05,P03,3,78.00,支付宝
ORD103461,2026-05-29,S05,P06,3,126.00,现金
ORD107647,2026-06-30,S02,P10,3,72.00,银行卡
ORD105539,2026-06-14,S01,P16,1,5.00,会员储值
ORD106463,2026-06-21,S02,P15,2,12.00,微信
ORD100728,2026-05-06,S01,P19,1,15.00,银行卡
ORD110005,2026-07-17,S01,P02,4,120.00,会员储值
ORD110689,2026-07-22,S04,P10,1,24.00,会员储值
ORD104125,2026-06-03,S05,P12,1,8.00,银行卡
ORD110356,2026-07-20,S04,P01,1,32.00,会员储值
ORD101611,2026-05-13,S04,P11,2,52.00,支付宝
ORD109379,2026-07-12,S01,P02,1,30.00,会员储值
ORD105639,2026-06-14,S01,P06,1,42.00,会员储值
ORD104757,2026-06-07,S05,P09,2,36.00,微信
ORD101311,2026-05-11,S04,P18,1,18.00,现金
ORD103952,2026-06-01,S05,P18,3,54.00,现金
ORD107766,2026-07-01,S02,P15,1,6.00,现金
ORD111190,2026-07-26,S03,P15,2,12.00,支付宝
ORD100844,2026-05-07,S01,P03,3,78.00,银行卡
ORD104802,2026-06-08,S03,P20,2,44.00,现金
ORD101415,2026-05-12,S01,P15,1,6.00,现金
ORD108873,2026-07-09,S05,P13,2,40.00,现金
ORD102539,2026-05-22,S03,P11,3,78.00,现金
ORD105314,2026-06-12,S05,P16,1,5.00,支付宝
ORD104445,2026-06-06,S04,P20,1,22.00,微信
ORD105771,2026-06-15,S04,P01,1,32.00,微信
ORD102541,2026-05-22,S01,P13,2,40.00,现金
ORD105230,2026-06-11,S01,P12,1,8.00,现金
ORD106163,2026-06-19,S02,P99,4,80.00,支付宝
ORD110657,2026-07-22,S01,P16,1,5.00,支付宝
ORD108674,2026-07-08,S02,P13,4,80.00,银行卡
ORD103206,2026-05-26,S04,P14,1,10.00,银行卡
ORD102374,2026-05-20,S01,P09,1,18.00,银行卡
ORD111378,2026-07-26,S03,P18,3,54.00,银行卡
ORD102925,2026-05-24,s01,P14,1,10.00,支付宝
ORD100483,2026-05-04,S03,P15,2,12.00,银行卡
ORD110753,2026-07-23,S01,P20,2,44.00,银行卡
ORD100358,2026-05-03,S05,P19,1,15.00,支付宝
ORD104116,2026-06-03,S02,P12,2,16.00,会员储值
ORD101518,2026-05-13,S05,P16,1,5.00,现金
ORD105572,2026-06-14,S01,P13,1,20.00,银行卡
ORD110040,2026-07-18,S05,P05,1,34.00,支付宝
ORD105518,2026-06-13,S04,P12,2,16.00,现金
ORD111712,2026-07-29,S02,P12,3,24.00,现金
ORD111486,2026-07-27,S02,P10,1,24.00,银行卡
ORD101290,2026-05-10,S03,P16,1,5.00,微信
ORD107335,2026-06-27,S05,P07,1,22.00,支付宝
ORD107387,2026-06-28,S05,P11,2,52.00,微信
ORD101978,2026-05-16,S01,P13,2,40.00,支付宝
ORD110896,2026-07-24,S02,P14,2,20.00,现金
ORD104345,2026-06-05,S04,P07,2,44.00,银行卡
ORD102826,2026-05-24,S04,P17,1,12.00,微信
ORD104771,2026-06-07,S05,P03,1,26.00,会员储值
ORD102885,2026-05-24,S05,P01,1,32.00,会员储值
ORD103069,2026-05-25,S04,P17,1,12.00,会员储值
ORD111605,2026-07-28,S01,P13,1,20.00,微信
ORD110440,2026-07-20,S03,P04,4,152.00,现金
ORD112028,2026-07-31,S01,P01,1,32.00,现金
ORD104361,2026-06-05,S04,P18,4,72.00,银行卡
ORD107262,2026-06-27,S01,P02,1,30.00,会员储值
ORD101393,2026-05-12,S02,P14,1,10.00,现金
ORD104611,2026-06-07,S03,P19,2,,会员储值
ORD101425,2026-05-12,S02,P18,1,18.00,会员储值
ORD101563,2026-05-13,S05,P16,4,20.00,微信
ORD101277,2026-05-10,S01,P07,1,22.00,支付宝
ORD102432,2026-05-21,S01,P15,2,12.00,支付宝
ORD110822,2026-07-23,S05,P09,1,18.00,微信
ORD105705,2026-06-15,S05,P14,3,30.00,支付宝
ORD100921,2026-05-08,S01,P01,2,64.00,支付宝
ORD105250,2026-06-11,S03,P05,1,34.00,银行卡
ORD102127,2026-05-17,S02,P19,1,15.00,微信
ORD102981,2026-05-25,S03,P18,1,18.00,银行卡
ORD109386,2026-07-12,S05,P13,2,40.00,微信
ORD102685,2026-05-23,S04,P04,1,38.00,微信
ORD101037,2026-05-09,S03,P20,2,44.00,支付宝
ORD111799,2026-07-30,S01,P17,1,12.00,微信
ORD101732,2026-05-15,S03,P12,2,16.00,支付宝
ORD110323,2026-07-19,S02,P13,1,20.00,会员储值
ORD107183,2026-06-26,S05,P03,1,26.00,现金
ORD111057,2026-07-25,S02,P20,1,22.00,银行卡
ORD103598,2026-05-30,S05,P18,1,18.00,银行卡
ORD111808,2026-07-30,S04,P11,3,78.00,支付宝
ORD104736,2026-06-07,S05,P09,1,18.00,会员储值
ORD104512,2026-06-06,S05,P04,1,38.00,支付宝
ORD106522,2026-06-21,S04,P06,1,42.00,会员储值
ORD109401,2026-07-13,S05,P19,3,45.00,会员储值
ORD102279,2026-05-19,S04,P17,1,12.00,现金
ORD111426,2026-07-27,S04,P05,1,34.00,会员储值
ORD111260,2026-07-26,S03,P12,2,16.00,支付宝
ORD106200,2026-06-19,S03,P02,1,30.00,微信
ORD100562,2026-05-04,S02,P06,2,84.00,支付宝
ORD102816,2026-05-24,S02,P02,2,60.00,现金
ORD111726,2026-07-29,S04,P02,1,30.00,银行卡
ORD101113,2026-05-09,S02,P10,2,48.00,支付宝
ORD109825,2026-07-16,S02,P04,1,38.00,银行卡
ORD110601,2026-07-21,S04,P14,3,,支付宝
ORD102073,2026-05-17,S05,P08,1,25.00,会员储值
ORD107785,2026-07-01,S05,P09,1,18.00,会员储值
ORD106824,2026-06-23,S05,P12,1,8.00,微信
ORD106654,2026-06-22,S02,P06,1,42.00,银行卡
ORD104690,2026-06-07,S03,P02,4,120.00,会员储值
ORD104564,2026-06-06,S01,P11,1,26.00,会员储值
ORD103818,2026-05-31,S03,P18,2,36.00,支付宝
ORD102445,2026-05-21,S04,P15,3,18.00,支付宝
ORD108561,2026-07-07,S05,P11,1,26.00,微信
ORD109968,2026-07-17,S04,P09,1,18.00,银行卡
ORD103771,2026-05-31,S04,P03,2,52.00,微信
ORD103086,2026-05-25,S01,P10,3,72.00,现金
ORD105956,2026-06-17,S03,P08,1,25.00,微信
ORD108373,2026-07-05,S01,P20,2,44.00,微信
ORD104654,2026-06-07,S02,P12,1,8.00,会员储值
ORD109618,2026-07-14,S04,P11,2,52.00,会员储值
ORD111652,2026-07-29,S03,P01,1,32.00,支付宝
ORD104274,2026-06-04,S04,P03,1,26.00,银行卡
ORD106052,2026-06-18,S05,P02,1,30.00,会员储值
ORD108035,2026-07-03,S05,P02,1,30.00,现金
ORD106539,2026-06-21,S05,P09,3,54.00,会员储值
ORD101848,2026-05-16,S01,P16,2,10.00,现金
ORD102069,2026-05-17,S02,P18,2,36.00,会员储值
ORD102035,2026-05-17,S05,P06,2,84.00,银行卡
ORD100316,2026-05-03,S04,P12,1,8.00,会员储值
ORD103684,2026-05-30,S01,P07,3,66.00,会员储值
ORD102984,2026-05-25,S05,P07,1,22.00,微信
ORD109949,2026-07-17,S05,P06,4,168.00,会员储值
ORD102162,2026-05-18,S02,P20,2,44.00,支付宝
ORD102690,2026-05-23,S02,P04,1,38.00,微信
ORD111011,2026-07-25,S02,P10,1,24.00,微信
ORD107153,2026-06-26,S05,P19,2,30.00,支付宝
ORD110315,2026-07-19,S02,P05,2,68.00,支付宝
ORD102324,2026-05-20,S03,P15,1,6.00,会员储值
ORD102462,2026-05-21,S04,P08,3,75.00,银行卡
ORD107264,2026-06-27,S04,P13,1,20.00,微信
ORD107741,2026-07-01,S02,P05,1,34.00,会员储值
ORD107739,01-07-2026,S02,P04,1,38.00,支付宝
ORD105733,2026-06-15,S01,P06,1,42.00,支付宝
ORD102244,2026-05-19,S04,P10,1,24.00,现金
ORD105251,2026-06-11,S04,P05,1,34.00,会员储值
ORD101595,2026-05-13,S02,P16,2,10.00,会员储值
ORD102080,2026-05-17,S03,P12,1,8.00,支付宝
ORD103313,2026-05-27,S04,P18,1,18.00,支付宝
ORD102023,2026-05-17,S05,P03,1,26.00,微信
ORD110814,2026-07-23,S02,P08,1,25.00,现金
ORD100108,2026-05-02,S02,P18,1,18.00,银行卡
ORD103808,2026-05-31,S02,P09,2,36.00,现金
ORD106279,2026-06-20,S01,P02,1,30.00,会员储值
ORD109604,2026-07-14,S02,P10,1,24.00,支付宝
ORD111292,2026-07-26,S02,P03,2,52.00,支付宝
ORD109368,2026-07-12,S02,P17,3,36.00,支付宝
ORD101075,2026-05-09,S02,P03,2,52.00,银行卡
ORD109630,2026-07-14,S02,P06,2,84.00,会员储值
ORD111978,2026-07-31,S01,P06,1,42.00,现金
ORD102165,2026-05-18,S03,P14,3,30.00,会员储值
ORD102424,2026-05-20,S03,P06,1,42.00,微信
ORD105807,2026-06-16,S03,P17,2,24.00,银行卡
ORD105453,2026-06-13,S02,P04,2,76.00,会员储值
ORD102843,2026-05-24,S02,P03,1,26.00,银行卡
ORD103524,2026-05-29,S04,P01,1,32.00,支付宝
ORD105889,2026-06-17,S03,P10,1,24.00,支付宝
ORD110499,2026-07-21,S05,P11,1,26.00,会员储值
ORD100313,2026-05-03,S05,P20,3,66.00,现金
ORD107981,2026-07-03,S04,P10,2,48.00,银行卡
ORD101408,2026-05-12,S05,P07,1,22.00,银行卡
ORD111996,2026-07-31,S01,P12,2,16.00,银行卡
ORD100848,2026-05-07,S05,P05,1,34.00,支付宝
ORD102281,2026-05-19,S03,P13,1,20.00,银行卡
ORD102312,2026-05-19,S03,P08,3,75.00,银行卡
ORD107062,2026-06-25,S01,P06,1,42.00,现金
ORD102406,2026-05-20,S02,P10,3,72.00,支付宝
ORD109533,2026-07-13,S01,P14,1,10.00,支付宝
ORD101502,2026-05-13,S02,P20,1,22.00,支付宝
ORD107814,2026-07-01,S02,P14,1,10.00,银行卡
ORD110542,2026-07-21,S03,P18,3,54.00,支付宝
ORD105309,2026-06-12,S03,P09,1,18.00,现金
ORD107613,2026-06-29,S04,P02,1,30.00,支付宝
ORD102626,2026-05-22,S04,P17,2,24.00,微信
ORD105446,2026-06-13,S01,P01,1,32.00,支付宝
ORD110327,2026-07-19,S02,P06,1,42.00,会员储值
ORD110294,2026-07-19,S03,P01,1,32.00,会员储值
ORD106681,2026-06-22,S01,P10,1,24.00,现金
ORD104432,2026-06-06,S05,P13,2,40.00,银行卡
ORD101748,2026-05-15,S05,P14,4,40.00,会员储值
ORD102642,2026-05-23,S04,P18,1,18.00,微信
ORD103428,2026-05-28,S05,P04,1,38.00,微信
ORD107342,2026-06-28,S01,P18,1,18.00,现金
ORD105176,2026-06-11,S04,P16,1,5.00,支付宝
ORD100387,2026-05-03,S05,P05,1,34.00,会员储值
ORD111995,2026-07-31,S05,P03,1,26.00,现金
ORD102856,2026-05-24,S01,P16,4,20.00,现金
ORD103900,2026-06-01,S01,P02,1,30.00,微信
ORD104959,2026-06-09,S03,P13,1,20.00,现金
ORD108231,2026-07-04,S01,P04,2,76.00,银行卡
ORD102573,2026-05-22,S05,P13,1,20.00,银行卡
ORD111092,2026-07-25,S03,P02,3,90.00,会员储值
ORD105871,2026-06-16,S03,P06,1,42.00,银行卡
ORD111396,2026-07-27,S04,P03,1,26.00,微信
ORD111432,2026-07-27,S02,P15,2,12.00,现金
ORD105627,2026-06-14,S02,P17,1,12.00,现金
ORD101673,2026-05-14,S01,P17,3,36.00,支付宝
ORD102085,2026-05-17,S05,P17,3,36.00,支付宝
ORD105631,2026-06-14,S05,P01,1,32.00,会员储值
ORD102230,2026-05-18,S01,P14,1,10.00,现金
ORD103569,2026-05-30,S01,P06,1,42.00,微信
ORD100430,2026-05-03,S01,P17,2,24.00,银行卡
ORD103912,2026-06-01,S04,P14,1,10.00,支付宝
ORD103627,2026-05-30,S04,P05,2,68.00,会员储值
ORD102420,2026-05-20,S04,P17,3,36.00,支付宝
ORD105474,2026-06-13,S04,P11,2,52.00,微信
ORD103289,2026-05-27,S05,P14,2,20.00,会员储值
ORD106240,2026-06-20,S01,P09,1,18.00,银行卡
ORD100047,2026-05-01,S02,P19,2,30.00,微信
ORD107550,2026-06-29,S02,P17,2,24.00,现金
ORD107442,2026-06-28,S05,P19,1,15.00,现金
ORD111236,2026-07-26,S03,P12,1,-8.00,银行卡
ORD102594,2026-05-22,S05,P20,1,22.00,会员储值
ORD100446,2026-05-03,S01,P10,2,48.00,现金
ORD102650,2026-05-23,S03,P03,2,52.00,微信
ORD111580,2026-07-28,S04,P16,1,5.00,微信
ORD108305,2026-07-05,S02,P10,3,72.00,银行卡
ORD109875,2026-07-17,S05,P10,1,24.00,微信
ORD105000,2026-06-09,S04,P07,3,66.00,支付宝
ORD109253,2026-07-12,S01,P12,1,8.00,支付宝
ORD109511,2026-07-13,S05,P20,1,22.00,会员储值
ORD101883,2026-05-16,S05,P15,1,6.00,银行卡
ORD111540,2026-07-28,S04,P19,-1,15.00,微信
ORD108242,2026-07-04,S03,P20,1,22.00,微信
ORD102923,2026-05-24,S01,P12,1,8.00,微信
ORD111688,2026-07-29,S05,P18,3,54.00,微信
ORD100478,2026-05-04,S02,P08,2,50.00,银行卡
ORD109462,2026-07-13,S05,P18,1,18.00,现金
ORD106362,2026-06-20,S01,P09,2,36.00,支付宝
ORD101714,2026-05-15,S05,P16,2,10.00,会员储值
ORD103324,2026-05-27,S03,P20,4,88.00,微信
ORD107298,2026-06-27,S01,P03,2,52.00,支付宝
ORD107303,2026-06-27,S01,P13,2,40.00,会员储值
ORD109942,2026-07-17,S05,P18,1,18.00,现金
ORD106413,2026-06-20,S03,P11,2,52.00,支付宝
ORD100972,2026-05-09,S03,P09,1,18.00,微信
ORD107818,2026-07-01,S03,P19,1,15.00,会员储值
ORD108829,2026-07-09,S04,P09,1,18.00,支付宝
ORD105424,2026-06-13,S02,P09,1,18.00,现金
ORD105233,2026-06-11,S03,P19,1,15.00,支付宝
ORD107871,2026-07-02,S04,P20,1,22.00,银行卡
ORD103033,2026-05-25,S02,P16,2,10.00,会员储值
ORD109955,2026-07-17,S02,P11,1,26.00,支付宝
ORD103499,2026-05-29,S05,P10,1,24.00,支付宝
ORD102161,2026-05-18,S03,P06,1,42.00,支付宝
ORD110884,2026-07-24,S02,P07,1,22.00,银行卡
ORD104282,2026-06-04,S05,P09,1,18.00,银行卡
ORD103695,2026-05-30,S03,P03,1,26.00,支付宝
ORD110718,2026-07-22,S04,P03,1,26.00,会员储值
ORD105542,2026-06-14,S03,P10,4,96.00,支付宝
ORD108902,2026-07-10,S04,P05,2,68.00,现金
ORD100764,2026-05-07,S01,P13,2,40.00,微信
ORD103024,2026-05-25,S02,P11,1,26.00,支付宝
ORD101170,2026-05-10,S03,P11,2,52.00,支付宝
ORD110241,2026-07-19,S01,P08,2,50.00,支付宝
ORD111113,2026-07-25,S03,P18,2,36.00,现金
ORD108452,2026-07-06,S04,P14,1,10.00,微信
ORD109655,2026-07-15,S02,P03,1,26.00,会员储值
ORD103542,2026-05-29,S02,P03,1,26.00,现金
ORD101815,2026-05-15,S01,P19,1,15.00,支付宝
ORD104657,2026-06-07,S01,P18,1,18.00,微信
ORD107209,2026-06-27,S05,P04,2,76.00,支付宝
ORD104194,2026-06-03,S01,P14,1,10.00,银行卡
ORD100753,2026-05-07,S01,P04,1,38.00,会员储值
ORD105476,2026-06-13,S01,P17,1,12.00,支付宝
ORD105389,2026-06-13,S02,P19,4,60.00,微信
ORD103979,2026-06-01,S05,P19,1,15.00,微信
ORD111466,2026-07-27,S02,P04,1,38.00,支付宝
ORD105217,2026-06-11,S04,P12,2,16.00,支付宝
ORD104533,2026-06-06,S05,P18,1,18.00,支付宝
ORD111071,2026-07-25,S04,P14,1,10.00,支付宝
ORD111670,2026-07-29,S02,P13,1,20.00,现金
ORD104105,2026-06-03,S01,P03,2,52.00,现金
ORD104763,2026-06-07,S04,P13,2,40.00,支付宝
ORD111603,2026-07-28,S04,P06,1,42.00,银行卡
ORD104293,2026-06-05,S02,P14,1,10.00,现金
ORD111954,2026-07-31,S05,P18,1,18.00,会员储值
ORD104600,2026-06-07,S02,P19,2,30.00,现金
ORD102255,2026-05-19,S03,P06,1,42.00,银行卡
ORD109813,2026-07-16,S05,P11,1,26.00,微信
ORD110696,2026-07-22,S01,P08,2,50.00,会员储值
ORD106559,2026-06-21,S01,P10,2,48.00,微信
ORD100887,2026-05-08,S01,P07,1,22.00,现金
ORD109563,2026-07-14,S04,P01,1,32.00,现金
ORD107390,2026-06-28,S05,P18,2,36.00,微信
ORD103803,2026-05-31,S01,P18,1,18.00,会员储值
ORD104520,2026-06-06,S01,P14,3,30.00,银行卡
ORD101323,2026-05-11,S02,P16,1,5.00,微信
ORD109681,2026-07-15,S05,P07,1,22.00,银行卡
ORD102758,2026-05-23,S04,P16,2,10.00,微信
ORD106840,2026-06-23,S03,P03,1,,微信
ORD100087,2026-05-01,S01,P18,1,18.00,会员储值
ORD111977,2026-07-31,S03,P08,2,50.00,支付宝
ORD104257,2026-06-04,S01,P18,2,36.00,微信
ORD102607,2026-05-22,S03,P13,2,40.00,微信
ORD111665,2026-07-29,S02,P12,1,8.00,支付宝
ORD106875,2026-06-24,S03,P12,2,16.00,现金
ORD101084,2026-05-09,S03,P08,2,50.00,微信
ORD109416,2026-07-13,S01,P11,3,78.00,现金
ORD111897,2026-07-30,S05,P10,1,24.00,现金
ORD111720,2026-07-29,S03,P02,1,30.00,微信
ORD108292,2026-07-05,S02,P19,2,30.00,会员储值
ORD102572,2026-05-22,S03,P14,1,10.00,会员储值
ORD109237,2026-07-12,S04,P06,1,42.00,支付宝
ORD108715,2026-07-08,S03,P20,1,22.00,会员储值
ORD104545,2026-06-06,S03,P11,1,26.00,微信
ORD100280,2026-05-02,S04,P04,3,114.00,银行卡
ORD102754,2026-05-23,S05,P19,3,45.00,会员储值
ORD103545,2026-05-29,S04,P18,1,18.00,银行卡
ORD104569,2026-06-06,S01,P04,2,76.00,会员储值
ORD101509,2026-05-13,S03,P11,2,52.00,现金
ORD107947,2026-07-02,S05,P02,2,60.00,微信
ORD101753,2026-05-15,S03,P03,4,104.00,会员储值
ORD104054,2026-06-02,S01,P02,2,60.00,支付宝
ORD105941,2026-06-17,S02,P08,1,25.00,支付宝
ORD101061,2026-05-09,S01,P05,2,68.00,微信
ORD109268,2026-07-12,S05,P19,1,15.00,支付宝
ORD109678,2026-07-15,S02,P18,2,36.00,银行卡
ORD106155,2026-06-19,S01,P01,1,32.00,支付宝
ORD104782,2026-06-07,S02,P19,2,30.00,微信
ORD106438,2026-06-21,S03,P17,1,12.00,微信
ORD103780,2026-05-31,S03,P02,1,30.00,会员储值
ORD109597,2026-07-14,S04,P01,2,64.00,会员储值
ORD105333,2026-06-12,S04,P11,1,26.00,支付宝
ORD108835,2026-07-09,S02,P10,3,72.00,微信
ORD105191,2026-06-11,S05,P10,1,24.00,支付宝
ORD108849,2026-07-09,S05,P02,2,60.00,支付宝
ORD108936,2026-07-10,S04,P12,2,16.00,微信
ORD107532,2026-06-29,S05,P19,1,15.00,支付宝
ORD104348,2026-06-05,S03,P01,2,64.00,银行卡
ORD100193,2026-05-02,S03,P13,3,60.00,会员储值
ORD100581,2026-05-05,S02,P11,1,26.00,银行卡
ORD105458,2026-06-13,S01,P18,3,54.00,银行卡
ORD103393,2026-05-28,S01,P14,1,10.00,微信
ORD104869,2026-06-08,S03,P15,4,24.00,现金
ORD102786,2026-05-23,S04,P12,1,8.00,银行卡
ORD101765,2026-05-15,S02,P17,1,12.00,微信
ORD107851,2026-07-02,S01,P13,1,20.00,现金
ORD108343,2026-07-05,S04,P16,1,5.00,现金
ORD101725,2026-05-15,S03,P07,1,22.00,现金
ORD104590,2026-06-07,S02,P06,2,84.00,支付宝
ORD107175,2026-06-26,S05,P07,2,44.00,微信
ORD100344,2026-05-03,S01,P12,2,16.00,现金
ORD109736,2026-07-15,S01,P08,3,75.00,银行卡
ORD109495,2026-07-13,S01,P02,4,120.00,现金
ORD110412,2026-07-20,S01,P07,2,44.00,微信
ORD103322,2026-05-27,S01,P08,4,100.00,支付宝
ORD101332,2026-05-11,S05,P16,1,5.00,会员储值
ORD111138,2026-07-25,S05,P06,2,84.00,微信
ORD101915,2026-05-16,S05,P03,1,26.00,银行卡
ORD107470,2026-06-28,S05,P18,2,36.00,微信
ORD103469,2026-05-29,S05,P17,1,12.00,银行卡
ORD108739,2026-07-08,S04,P05,3,102.00,现金
ORD106655,2026-06-22,S05,P10,1,24.00,会员储值
ORD106216,2026-06-20,S02,P06,1,42.00,微信
ORD110805,2026-07-23,S01,P19,2,30.00,银行卡
ORD106712,2026-06-22,S02,P06,3,126.00,支付宝
ORD106814,2026-06-23,S04,P02,2,60.00,现金
ORD102492,2026-05-21,S01,P11,2,52.00,现金
ORD103263,2026-05-27,S05,P06,2,84.00,现金
ORD108246,2026-07-04,S01,P02,2,60.00,会员储值
ORD102347,2026-05-20,S02,P05,1,,微信
ORD104945,2026-06-09,S02,P02,2,60.00,银行卡
ORD111861,2026-07-30,S01,P10,4,96.00,会员储值
ORD100082,2026-05-01,S01,P10,2,48.00,会员储值
ORD105650,2026-06-14,S05,P10,1,24.00,会员储值
ORD104983,2026-06-09,S01,P10,1,24.00,银行卡
ORD103144,2026-05-26,S01,P09,3,54.00,支付宝
ORD107547,2026-06-29,S04,P20,3,66.00,会员储值
ORD108755,2026-07-08,S01,P01,1,32.00,银行卡
ORD108563,2026-07-07,S01,P10,1,24.00,会员储值
ORD107747,2026-07-01,S04,P03,1,26.00,支付宝
ORD102681,2026-05-23,S05,P04,2,76.00,现金
ORD110437,2026-07-20,S02,P17,3,36.00,支付宝
ORD110584,2026-07-21,S02,P15,1,6.00,银行卡
ORD100184,2026-05-02,S04,P10,1,24.00,支付宝
ORD104401,2026-06-06,S05,P05,2,68.00,微信
ORD108653,2026-07-08,S01,P13,2,40.00,微信
ORD106185,2026-06-19,S02,P15,3,18.00,微信
ORD103933,2026-06-01,S02,P19,1,15.00,支付宝
ORD107524,2026-06-29,S03,P11,4,104.00,现金
ORD104402,2026-06-06,S02,P19,2,30.00,银行卡
ORD106533,2026-06-21,S04,P10,1,24.00,支付宝
ORD111543,2026-07-28,S02,P13,1,20.00,微信
ORD108597,2026-07-07,S05,P04,2,76.00,现金
ORD105047,2026-06-10,S01,P12,1,8.00,银行卡
ORD100343,2026-05-03,S03,P15,1,6.00,会员储值
ORD104578,2026-06-06,S04,P18,2,36.00,现金
ORD103854,2026-05-31,S04,P12,1,8.00,微信
ORD111905,2026-07-31,S04,P10,1,24.00,现金
ORD109763,2026-07-16,S02,P13,1,20.00,支付宝
ORD105310,2026-06-12,S03,P20,3,66.00,微信
ORD100664,2026-05-06,S03,P06,1,42.00,微信
ORD108272,2026-07-05,S02,P13,2,40.00,微信
ORD109174,2026-07-11,S01,P16,1,5.00,银行卡
ORD102506,2026-05-21,S02,P06,3,126.00,会员储值
ORD106873,2026-06-24,S01,P02,1,30.00,会员储值
ORD102832,2026-05-24,S05,P15,1,6.00,支付宝
ORD109302,2026-07-12,S04,P03,2,52.00,支付宝
ORD103130,2026-05-26,S02,P17,3,36.00,现金
ORD107157,2026-06-26,S03,P02,2,60.00,微信
ORD111205,2026-07-26,S02,P13,1,20.00,现金
ORD106661,2026-06-22,S05,P06,1,42.00,银行卡
ORD110800,2026-07-23,S01,P07,1,22.00,会员储值
ORD110361,2026-07-20,S02,P14,1,10.00,支付宝
ORD102687,2026-05-23,S03,P02,1,30.00,银行卡
ORD103431,2026-05-28,S02,P05,2,68.00,现金
ORD103044,2026-05-25,S05,P17,2,24.00,微信
ORD104563,2026-06-06,S01,P13,1,20.00,银行卡
ORD102906,2026-05-24,S05,P04,1,38.00,微信
ORD101723,2026-05-15,S03,P14,1,10.00,银行卡
ORD106054,2026-06-18,S02,P01,1,32.00,会员储值
ORD100287,2026-05-03,S05,P10,1,24.00,支付宝
ORD110301,2026-07-19,S02,P08,2,50.00,支付宝
ORD102647,2026-05-23,S04,P10,3,72.00,会员储值
ORD100949,2026-05-08,S01,P19,1,15.00,银行卡
ORD104251,2026-06-04,S04,P20,2,44.00,支付宝
ORD105722,2026-06-15,S01,P01,3,96.00,会员储值
ORD107721,2026-06-30,S03,P20,1,22.00,现金
ORD101796,2026-05-15,S01,P12,1,8.00,会员储值
ORD103182,2026-05-26,S03,P18,1,18.00,现金
ORD105862,2026-06-16,S01,P09,1,18.00,会员储值
ORD106332,2026-06-20,S04,P10,1,24.00,会员储值
ORD101854,2026-05-16,S04,P01,1,32.00,银行卡
ORD104350,2026-06-05,S05,P19,2,30.00,微信
ORD109465,2026-07-13,S03,P20,3,66.00,银行卡
ORD109351,2026-07-12,S03,P15,1,6.00,支付宝
ORD105163,2026-06-11,S03,P07,1,22.00,现金
ORD111134,2026-07-25,S02,P10,2,48.00,会员储值
ORD109446,2026-07-13,S03,P16,2,10.00,银行卡
ORD110456,2026-07-21,S04,P04,2,76.00,支付宝
ORD102544,2026-05-22,S03,P03,1,26.00,银行卡
ORD111713,2026-07-29,S04,P15,1,6.00,银行卡
ORD111329,2026-07-26,S04,P17,1,12.00,银行卡
ORD108243,2026-07-04,S01,P17,1,12.00,银行卡
ORD106123,2026-06-19,S05,P08,1,25.00,微信
ORD107677,2026-06-30,S03,P19,1,15.00,现金
ORD101421,2026-05-12,S03,P10,3,72.00,支付宝
ORD102223,2026-05-18,S02,P18,2,36.00,微信
ORD112051,2026-07-31,S03,P18,2,36.00,支付宝
ORD109105,2026-07-11,S01,P04,1,38.00,支付宝
ORD104710,2026-06-07,S05,P12,1,8.00,微信
ORD108598,2026-07-07,S01,P99,1,25.00,微信
ORD110781,2026-07-23,S02,P07,2,44.00,会员储值
ORD112038,2026-07-31,S04,P18,2,36.00,现金
ORD106156,2026-06-19,S04,P09,2,36.00,微信
ORD104593,2026-06-07,S02,P19,1,15.00,现金
ORD108241,2026-07-04,S01,P14,1,10.00,银行卡
ORD104848,2026-06-08,S05,P07,1,22.00,支付宝
ORD110967,2026-07-24,S05,P19,1,15.00,银行卡
ORD108490,2026-07-06,S05,P08,3,75.00,现金
ORD108895,2026-07-09,S02,P05,1,34.00,银行卡
ORD107877,2026-07-02,S04,P19,2,30.00,现金
ORD107174,2026-06-26,S03,P07,1,22.00,支付宝
ORD104962,2026-06-09,S03,P12,1,8.00,会员储值
ORD109980,2026-07-17,S05,P04,1,38.00,微信
ORD105645,2026-06-14,S04,P14,3,30.00,银行卡
ORD110286,2026-07-19,S02,P13,1,20.00,微信
ORD102251,2026-05-19,S05,P13,1,20.00,会员储值
ORD103885,2026-05-31,S05,P13,1,20.00,支付宝
ORD104639,2026-06-07,S01,P03,2,52.00,微信
ORD108737,2026-07-08,S02,P13,3,60.00,会员储值
ORD100838,2026-05-07,S05,P08,1,25.00,微信
ORD109521,2026-07-13,S05,P11,1,26.00,支付宝
ORD109079,2026-07-11,S04,P01,1,32.00,银行卡
ORD103198,2026-05-26,S04,P12,3,24.00,会员储值
ORD110517,2026-07-21,S02,P07,3,¥66.00,银行卡
ORD104816,2026-06-08,S04,P05,1,34.00,会员储值
ORD107135,2026-06-26,S01,P13,1,20.00,微信
ORD104982,2026-06-09,S02,P09,1,18.00,银行卡
ORD104150,2026-06-03,S01,P15,2,12.00,微信
ORD110570,2026-07-21,S05,P07,1,22.00,支付宝
ORD100814,2026-05-07,S05,P12,1,8.00,会员储值
ORD100028,2026-05-01,S02,P11,1,26.00,银行卡
ORD110937,2026-07-24,S05,P07,1,22.00,会员储值
ORD108782,2026-07-09,S04,P12,4,32.00,现金
ORD104849,2026-06-08,S04,P10,3,72.00,微信
ORD101648,2026-05-14,S04,P10,1,24.00,会员储值
ORD111211,2026-07-26,S03,P04,2,76.00,会员储值
ORD102296,2026-05-19,S05,P19,1,15.00,微信
ORD101275,2026-05-10,S01,P20,1,22.00,微信
ORD100459,2026-05-04,S04,P05,1,34.00,支付宝
ORD106555,2026-06-21,S02,P08,1,25.00,会员储值
ORD100978,2026-05-09,S04,P10,1,24.00,会员储值
ORD111198,2026-07-26,S05,P11,1,26.00,银行卡
ORD101593,2026-05-13,S05,P03,2,52.00,银行卡
ORD111865,2026-07-30,S01,P14,1,10.00,微信
ORD107844,2026-07-02,S02,P08,2,50.00,会员储值
ORD105143,2026-06-11,S01,P10,2,48.00,会员储值
ORD101658,2026-05-14,S02,P10,1,24.00,支付宝
ORD105438,2026-06-13,S02,P02,1,30.00,现金
ORD102232,2026-05-18,S01,P15,1,6.00,会员储值
ORD108883,2026-07-09,S03,P10,2,48.00,银行卡
ORD108010,2026-07-03,S02,P03,2,52.00,会员储值
ORD111780,2026-07-30,S05,P04,1,38.00,微信
ORD109201,2026-07-12,S02,P20,1,22.00,会员储值
ORD110979,2026-07-24,S02,P05,1,34.00,银行卡
ORD106441,2026-06-21,S04,P01,1,32.00,支付宝
ORD111030,2026-07-25,S02,P01,1,32.00,现金
ORD103361,2026-05-28,S03,P03,3,78.00,微信
ORD105037,2026-06-10,S01,P04,1,38.00,支付宝
ORD111958,2026-07-31,S04,P08,1,25.00,支付宝
ORD104031,2026-06-02,S01,P07,1,22.00,支付宝
ORD110902,2026-07-24,S03,P07,4,88.00,支付宝
ORD101880,2026-05-16,S01,P13,2,40.00,会员储值
ORD105015,2026-06-10,S03,P12,4,32.00,支付宝
ORD103919,2026-06-01,S04,P11,3,78.00,微信
ORD100682,2026-05-06,S03,P15,1,6.00,支付宝
ORD110819,2026-07-23,S01,P11,1,26.00,会员储值
ORD108379,2026-07-05,S03,P06,1,42.00,现金
ORD110071,2026-07-18,S05,P18,2,36.00,银行卡
ORD102949,2026-05-24,S02,P12,4,32.00,微信
ORD110946,2026-07-24,S01,P06,2,84.00,微信
ORD107279,2026-06-27,S01,P12,2,16.00,会员储值
ORD100566,2026-05-04,S02,P10,1,24.00,微信
ORD102405,2026-05-20,S02,P13,2,40.00,支付宝
ORD101886,2026-05-16,S04,P09,1,18.00,会员储值
ORD106669,2026-06-22,S05,P18,1,18.00,银行卡
ORD110616,2026-07-22,S02,P13,1,20.00,会员储值
ORD109737,2026-07-15,S04,P17,3,36.00,支付宝
ORD103396,2026-05-28,S01,P01,2,64.00,支付宝
ORD109409,2026-07-13,S03,P10,1,24.00,银行卡
ORD110953,2026-07-24,S01,P20,1,22.00,支付宝
ORD103658,2026-05-30,S04,P03,1,26.00,微信
ORD106437,2026-06-21,S03,P14,1,10.00,现金
ORD108055,2026-07-03,S03,P08,1,25.00,微信
ORD110662,2026-07-22,S04,P03,1,26.00,现金
ORD104168,2026-06-03,S04,P16,1,5.00,微信
ORD108190,2026-07-04,S04,P02,1,30.00,会员储值
ORD100437,2026-05-03,S02,P04,3,114.00,支付宝
ORD102392,2026-05-20,S03,P15,1,6.00,现金
ORD104379,2026-06-06,S01,P12,2,16.00,会员储值
ORD101140,2026-05-10,S01,P02,1,30.00,现金
ORD107499,2026-06-29,S02,P19,3,45.00,微信
ORD111424,2026-07-27,S05,P03,1,26.00,会员储值
ORD111220,2026-07-26,S01,P13,2,40.00,会员储值
ORD108308,2026-07-05,S05,P10,1,24.00,微信
ORD108339,2026-07-05,S01,P07,4,88.00,支付宝
ORD104138,2026-06-03,S05,P10,1,24.00,会员储值
ORD109656,2026-07-15,S02,P05,1,34.00,会员储值
ORD111272,2026-07-26,S05,P07,2,44.00,会员储值
ORD108017,2026-07-03,S04,P03,1,26.00,银行卡
ORD107280,2026-06-27,S05,P10,4,96.00,微信
ORD109246,2026-07-12,S04,P18,1,18.00,银行卡
ORD103516,2026-05-29,S02,P11,1,26.00,微信
ORD106937,2026-06-24,S01,P03,1,26.00,会员储值
ORD109593,2026-07-14,S05,P11,1,26.00,现金
ORD109444,2026-07-13,S01,P03,2,52.00,现金
ORD110177,2026-07-18,S05,P09,1,18.00,现金
ORD103570,2026-05-30,S01,P19,3,45.00,现金
ORD105061,2026-06-10,S01,P11,1,26.00,支付宝
ORD108347,2026-07-05,S01,P12,1,8.00,支付宝
ORD111960,2026-07-31,S02,P04,1,38.00,银行卡
ORD104978,2026-06-09,S02,P11,1,26.00,会员储值
ORD100394,2026-05-03,S01,P05,2,68.00,微信
ORD111468,2026-07-27,S01,P17,3,36.00,会员储值
ORD101341,2026-05-11,S01,P14,1,10.00,微信
ORD109279,2026-07-12,S05,P13,1,20.00,支付宝
ORD101056,2026-05-09,S04,P16,2,10.00,微信
ORD103094,2026-05-25,S03,P10,1,24.00,现金
ORD104727,2026-06-07,S01,P03,2,52.00,银行卡
ORD102286,2026-05-19,S02,P04,4,152.00,现金
ORD106343,2026-06-20,S04,P03,2,52.00,会员储值
ORD101817,2026-05-15,S02,P14,1,10.00,支付宝
ORD108155,2026-07-04,S01,P17,2,24.00,会员储值
ORD103939,2026-06-01,S05,P01,3,96.00,会员储值
ORD100516,2026-05-04,S01,P08,1,25.00,现金
ORD108942,2026-07-10,S04,P08,1,25.00,会员储值
ORD102651,2026-05-23,S05,P18,1,18.00,会员储值
ORD103016,2026-05-25,S02,P15,2,12.00,现金
ORD101559,2026-05-13,S04,P08,1,25.00,会员储值
ORD101387,2026-05-11,S05,P12,3,24.00,支付宝
ORD107883,2026-07-02,S05,P09,1,18.00,现金
ORD111221,2026-07-26,S01,P09,4,72.00,会员储值
ORD107404,2026-06-28,S04,P10,1,24.00,支付宝
ORD110561,2026-07-21,S04,P17,4,48.00,现金
ORD109238,2026-07-12,S04,P03,1,26.00,微信
ORD109701,2026-07-15,S04,P12,1,8.00,会员储值
ORD100712,2026-05-06,S04,P08,2,50.00,微信
ORD101165,2026-05-10,S04,P10,2,48.00,支付宝
ORD100299,2026-05-03,S02,P19,2,30.00,微信
ORD103918,2026-06-01,S02,P12,2,16.00,会员储值
ORD106839,2026-06-23,S03,P01,1,32.00,现金
ORD110452,2026-07-20,S04,P15,1,6.00,现金
ORD111608,2026-07-28,S02,P20,1,22.00,现金
ORD111342,2026-07-26,S02,P11,1,26.00,银行卡
ORD111442,2026-07-27,S02,P15,2,12.00,银行卡
ORD102840,2026-05-24,S04,P08,3,75.00,会员储值
ORD101874,2026-05-16,S04,P01,1,32.00,现金
ORD103133,2026-05-26,S05,P03,2,52.00,现金
ORD102215,2026-05-18,S04,P08,1,25.00,银行卡
ORD101177,2026-05-10,S02,P12,3,24.00,微信
ORD103911,2026-06-01,S02,P11,1,26.00,微信
ORD104622,2026-06-07,S04,P12,4,32.00,现金
ORD106884,2026-06-24,S01,P17,1,12.00,现金
ORD108287,2026-07-05,S04,P16,1,5.00,银行卡
ORD101139,2026-05-10,S01,P16,2,10.00,银行卡
ORD107254,2026-06-27,S02,P01,3,96.00,微信
ORD110369,2026-07-20,S05,P04,2,76.00,支付宝
ORD109117,2026-07-11,S01,P15,1,6.00,现金
ORD101419,2026-05-12,S01,P12,2,16.00,支付宝
ORD100518,2026-05-04,S02,P11,1,26.00,现金
ORD107322,2026-06-27,S02,P19,2,30.00,微信
ORD100290,2026-05-03,S01,P18,1,18.00,支付宝
ORD110754,2026-07-23,S01,P02,1,30.00,支付宝
ORD108028,2026-07-03,S01,P03,1,26.00,银行卡
ORD103188,2026-05-26,S03,P16,2,10.00,会员储值
ORD104927,2026-06-09,S02,P11,4,104.00,会员储值
ORD100829,2026-05-07,S01,P20,2,44.00,支付宝
ORD107822,2026-07-01,S03,P18,1,18.00,银行卡
ORD106918,2026-06-24,S04,P01,1,32.00,微信
ORD102648,2026-05-23,S01,P09,3,54.00,会员储值
ORD103810,2026-05-31,S04,P13,2,40.00,现金
ORD102882,2026-05-24,S03,P16,1,5.00,现金
ORD105236,2026-06-11,S05,P02,2,60.00,支付宝
ORD108233,2026-07-04,S05,P04,3,114.00,微信
ORD104605,2026-06-07,S02,P17,1,12.00,现金
ORD106061,2026-06-18,S03,P03,2,52.00,会员储值
ORD107514,2026-06-29,S05,P10,4,96.00,银行卡
ORD105700,2026-06-15,S03,P14,3,30.00,现金
ORD107558,2026-06-29,S03,P10,1,24.00,支付宝
ORD102962,2026-05-24,S01,P05,1,34.00,微信
ORD109088,2026-07-11,S05,P18,3,54.00,会员储值
ORD107242,2026-06-27,S05,P08,3,75.00,微信
ORD105863,2026-06-16,S03,P15,1,6.00,微信
ORD111974,2026-07-31,S05,P17,1,12.00,现金
ORD102684,2026-05-23,S05,P12,2,16.00,现金
ORD111170,2026-07-25,S03,P08,1,25.00,会员储值
ORD104183,2026-06-03,S02,P06,1,42.00,银行卡
ORD105764,2026-06-15,S03,P12,4,32.00,支付宝
ORD106718,2026-06-22,S05,P10,1,24.00,支付宝
ORD106598,2026-06-21,S01,P99,1,26.00,银行卡
ORD111436,2026-07-27,S02,P10,4,96.00,支付宝
ORD100611,2026-05-05,S01,P15,2,12.00,银行卡
ORD104881,2026-06-08,S03,P16,1,5.00,支付宝
ORD107040,2026-06-25,S04,P02,1,30.00,微信
ORD104919,2026-06-09,S05,P16,1,5.00,银行卡
ORD109269,2026-07-12,S05,P12,1,8.00,现金
ORD103623,2026-05-30,S03,P06,1,42.00,会员储值
ORD101736,2026-05-15,S02,P06,2,84.00,微信
ORD106732,2026-06-22,S03,P07,1,22.00,银行卡
ORD110770,2026-07-23,S01,P17,2,24.00,支付宝
ORD105259,2026-06-12,S01,P10,2,,会员储值
ORD107931,2026/07/02,S05,P14,1,10.00,银行卡
ORD102861,2026-05-24,S03,P05,3,102.00,银行卡
ORD111838,2026-07-30,S05,P05,1,34.00,微信
ORD109984,2026-07-17,S02,P06,1,42.00,微信
ORD105608,2026-06-14,S02,P03,3,78.00,银行卡
ORD103732,2026-05-31,S02,P13,3,60.00,微信
ORD109420,2026-07-13,S05,P03,2,52.00,银行卡
ORD108551,2026-07-07,S01,P02,1,30.00,微信
ORD103743,2026-05-31,S05,P01,2,64.00,现金
ORD105920,2026-06-17,S03,P13,3,60.00,微信
ORD104965,2026-06-09,S04,P05,1,34.00,银行卡
ORD101196,2026-05-10,S05,P18,2,36.00,银行卡
ORD100901,2026-05-08,S02,P02,1,30.00,支付宝
ORD103448,2026-05-28,S02,P16,1,5.00,现金
ORD108607,2026-07-07,S03,P19,1,15.00,现金
ORD108472,2026-07-06,S05,P02,2,60.00,微信
ORD100876,2026-05-08,S02,P10,1,24.00,银行卡
ORD110061,2026-07-18,S03,P16,1,5.00,会员储值
ORD104509,2026-06-06,S04,P15,1,6.00,银行卡
ORD102175,2026-05-18,S02,P13,3,60.00,现金
ORD103847,2026-05-31,S03,P14,1,10.00,微信
ORD106879,2026-06-24,S03,P08,1,25.00,微信
ORD102020,2026-05-17,S04,P12,1,8.00,银行卡
ORD108300,2026-07-05,S01,P07,1,22.00,银行卡
ORD107250,2026-06-27,S05,P12,1,8.00,银行卡
ORD108937,2026-07-10,S03,P04,3,114.00,银行卡
ORD108630,2026-07-07,S03,P05,3,102.00,微信
ORD104097,2026-06-03,S02,P11,2,52.00,银行卡
ORD102924,2026-05-24,S04,P13,4,80.00,微信
ORD103367,2026-05-28,S04,P13,1,20.00,微信
ORD104504,2026-06-06,S04,P10,4,96.00,会员储值
ORD105347,2026-06-13,S02,P16,3,15.00,微信
ORD110883,2026-07-24,S05,P20,1,22.00,银行卡
ORD108365,2026-07-05,S03,P10,2,48.00,银行卡
ORD111262,2026-07-26,S04,P20,1,22.00,支付宝
ORD104532,2026-06-06,S01,P16,3,15.00,支付宝
ORD106988,2026-06-25,S03,P03,2,52.00,银行卡
ORD100955,2026-05-08,S04,P10,4,96.00,会员储值
ORD109072,2026-07-11,S02,P06,2,84.00,微信
ORD110470,2026-07-21,S01,P02,1,30.00,银行卡
ORD110986,2026-07-24,S04,P16,3,15.00,微信
ORD104354,2026-06-05,S04,P13,1,20.00,支付宝
ORD111902,2026-07-31,S01,P10,1,24.00,银行卡
ORD107230,2026-06-27,S05,P17,1,12.00,会员储值
ORD104176,2026-06-03,S01,P15,1,6.00,支付宝
ORD111472,2026-07-27,S02,P18,1,18.00,支付宝
ORD105783,2026-06-16,S05,P05,3,102.00,微信
ORD103020,2026-05-25,S04,P07,4,88.00,会员储值
ORD105837,2026-06-16,S01,P13,1,20.00,银行卡
ORD101778,2026-05-15,S04,P04,2,76.00,微信
ORD108384,2026-07-05,S02,P03,1,26.00,现金
ORD104988,2026-06-09,S02,P04,2,76.00,银行卡
ORD102187,2026-05-18,S03,P12,2,16.00,微信
ORD102266,2026-05-19,S01,P05,3,102.00,微信
ORD107758,2026-07-01,S02,P07,2,44.00,银行卡
ORD100968,2026-05-08,S04,P19,1,15.00,支付宝
ORD104003,2026-06-02,S02,P16,2,10.00,支付宝
ORD110921,2026-07-24,S04,P07,2,44.00,银行卡
ORD100639,2026-05-05,S04,P11,1,26.00,支付宝
ORD110341,2026-07-19,S02,P13,4,80.00,会员储值
ORD100237,2026-05-02,S04,P06,1,42.00,微信
ORD111015,2026-07-25,S04,P10,1,24.00,会员储值
ORD111264,2026-07-26,S01,P02,3,90.00,会员储值
ORD108687,2026-07-08,S01,P06,1,42.00,微信
ORD107879,2026-07-02,S01,P09,1,18.00,银行卡
ORD106466,2026-06-21,S01,P14,1,10.00,微信
ORD109377,2026-07-12,S04,P04,3,114.00,支付宝
ORD100070,2026-05-01,S01,P12,1,8.00,支付宝
ORD110037,18-07-2026,S03,P02,2,60.00,银行卡
ORD109666,2026-07-15,S05,P14,1,10.00,银行卡
ORD102144,2026-05-18,S05,P17,3,36.00,微信
ORD102198,2026-05-18,S05,P16,2,10.00,微信
ORD110552,2026-07-21,S01,P15,1,6.00,现金
ORD109636,2026-07-14,S05,P19,1,15.00,微信
ORD110432,2026-07-20,S02,P05,1,34.00,支付宝
ORD105712,2026-06-15,S01,P20,1,22.00,微信
ORD103970,2026-06-01,S01,P17,1,12.00,会员储值
ORD106540,2026/06/21,S05,P09,1,18.00,支付宝
ORD105603,2026-06-14,S05,P08,1,25.00,支付宝
ORD108833,2026-07-09,S02,P05,3,102.00,微信
ORD106062,2026-06-18,S03,P19,2,30.00,会员储值
ORD107394,2026-06-28,S02,P17,2,-24.00,支付宝
ORD110221,2026-07-19,S02,P15,2,12.00,会员储值
ORD101706,2026-05-14,S02,P17,4,48.00,会员储值
ORD103793,2026-05-31,S04,P06,2,84.00,现金
ORD106651,2026-06-22,S03,P01,1,32.00,微信
ORD105718,2026-06-15,S01,P18,1,18.00,银行卡
ORD105414,2026-06-13,S01,P08,1,25.00,银行卡
ORD111121,2026-07-25,S03,P03,1,26.00,会员储值
ORD111206,2026-07-26,S03,P20,1,22.00,现金
ORD100930,2026-05-08,S01,P17,2,24.00,支付宝
ORD106894,2026-06-24,S01,P15,4,24.00,微信
ORD100328,2026-05-03,S05,P17,1,,微信
ORD103577,2026-05-30,S04,P01,3,96.00,会员储值
ORD108324,2026-07-05,S04,P15,4,24.00,会员储值
ORD111187,2026-07-26,S04,P11,1,26.00,现金
ORD104126,2026-06-03,S01,P02,1,30.00,微信
ORD101154,2026-05-10,S02,P02,4,120.00,微信
ORD111237,2026-07-26,S02,P08,3,75.00,银行卡
ORD103884,2026-05-31,S01,P17,3,36.00,支付宝
ORD104039,2026-06-02,S03,P20,2,44.00,支付宝
ORD105066,2026-06-10,S02,P17,1,12.00,银行卡
ORD109183,2026-07-11,S04,P20,3,66.00,会员储值
ORD106244,2026-06-20,S04,P17,1,12.00,会员储值
ORD111916,2026-07-31,S02,P08,2,50.00,微信
ORD102287,2026-05-19,S05,P10,2,48.00,银行卡
ORD100626,2026/05/05,S05,P19,1,15.00,微信
ORD110243,2026-07-19,S03,P13,2,40.00,支付宝
ORD100865,2026-05-07,S04,P18,1,18.00,支付宝
ORD100630,2026-05-05,S04,P12,1,8.00,会员储值
ORD101896,2026-05-16,S04,P15,1,6.00,现金
ORD104878,2026-06-08,S04,P15,1,6.00,微信
ORD109547,2026-07-14,S03,P05,1,34.00,会员储值
ORD108397,2026-07-05,S03,P14,1,10.00,支付宝
ORD109044,2026-07-11,S02,P17,1,12.00,现金
ORD106356,2026-06-20,S02,P02,1,30.00,会员储值
ORD104236,2026-06-04,S05,P10,1,24.00,支付宝
ORD106904,2026-06-24,S05,P06,2,84.00,银行卡
ORD106818,2026-06-23,S02,P12,3,24.00,银行卡
ORD107058,2026-06-25,S04,P02,2,60.00,银行卡
ORD110095,2026-07-18,S02,P12,1,8.00,微信
ORD102015,2026-05-17,S02,P10,1,24.00,微信
ORD109472,2026-07-13,S03,P08,1,25.00,会员储值
ORD104221,2026-06-04,S04,P03,3,78.00,支付宝
ORD100251,2026-05-02,S05,P08,2,50.00,银行卡
ORD101361,2026-05-11,S04,P09,1,18.00,银行卡
ORD106027,2026-06-18,S02,P13,2,40.00,支付宝
ORD102806,2026-05-23,S02,P05,1,34.00,微信
ORD103931,2026-06-01,S02,P20,2,44.00,会员储值
ORD111702,2026-07-29,S04,P06,1,42.00,会员储值
ORD111966,2026-07-31,S05,P20,4,88.00,微信
ORD104571,2026-06-06,S04,P16,1,5.00,现金
ORD103898,2026-06-01,S05,P10,1,24.00,现金
ORD101710,2026-05-15,S02,P19,1,15.00,现金
ORD103103,2026-05-25,S05,P16,2,10.00,银行卡
ORD100720,2026-05-06,S02,P04,2,76.00,微信
ORD101729,2026-05-15,S05,P07,1,22.00,微信
ORD111937,2026-07-31,S02,P09,1,18.00,支付宝
ORD107101,2026-06-26,S05,P16,1,5.00,现金
ORD108972,2026-07-10,S04,P19,3,45.00,支付宝
ORD109846,2026-07-16,S04,P02,3,90.00,微信
ORD101932,2026-05-16,S05,P11,1,26.00,银行卡
ORD109002,2026-07-10,S02,P03,1,26.00,会员储值
ORD109868,2026-07-16,S04,P09,1,18.00,银行卡
ORD106090,2026-06-18,S04,P04,4,152.00,会员储值
ORD100663,2026-05-06,S03,P07,2,44.00,会员储值
ORD105544,14-06-2026,S05,P18,3,54.00,支付宝
ORD111027,2026-07-25,S01,P17,3,36.00,支付宝
ORD102134,2026-05-18,S03,P14,3,30.00,会员储值
ORD101893,2026-05-16,S02,P08,4,100.00,现金
ORD109584,2026-07-14,S02,P10,2,48.00,现金
ORD105647,2026-06-14,S05,P14,4,40.00,现金
ORD110916,2026-07-24,S05,P12,1,8.00,支付宝
ORD107959,2026-07-02,S03,P15,3,18.00,微信
ORD104688,2026-06-07,S05,P01,1,32.00,银行卡
ORD102192,2026-05-18,S01,P17,2,24.00,微信
ORD106180,2026-06-19,S03,P09,1,18.00,微信
ORD103936,2026-06-01,S04,P02,1,30.00,支付宝
ORD101985,2026-05-16,S01,P18,4,72.00,银行卡
ORD111917,2026-07-31,S01,P04,2,76.00,银行卡
ORD111691,2026-07-29,S04,P10,1,24.00,会员储值
ORD106160,2026-06-19,S03,P04,1,38.00,现金
ORD100458,2026-05-04,S02,P20,1,22.00,现金
ORD100018,2026-05-01,S01,P03,1,26.00,支付宝
ORD100144,2026-05-02,S01,P19,2,30.00,银行卡
ORD101106,2026-05-09,S02,P09,2,36.00,微信
ORD105138,2026-06-11,S03,P14,2,20.00,微信
ORD104916,2026-06-09,S05,P17,1,12.00,会员储值
ORD111371,2026-07-26,S05,P09,2,36.00,微信
ORD105148,2026-06-11,S05,P04,1,38.00,支付宝
ORD110387,2026-07-20,S05,P20,3,66.00,现金
ORD108666,2026-07-08,S03,P18,1,18.00,现金
ORD105088,2026-06-10,S02,P17,1,12.00,现金
ORD110743,2026-07-23,S04,P05,1,34.00,支付宝
ORD100418,2026-05-03,S04,P17,1,12.00,会员储值
ORD104055,2026-06-02,S01,P06,2,84.00,现金
ORD110620,2026-07-22,S01 ,P11,2,52.00,银行卡
ORD111895,2026-07-30,S01,P05,1,34.00,微信
ORD103129,2026-05-26,S04,P01,1,32.00,微信
ORD108934,2026-07-10,S02,P17,1,12.00,微信
ORD109375,2026-07-12,S02,P14,2,20.00,银行卡
ORD101014,2026-05-09,S02,P12,1,8.00,会员储值
ORD102436,2026-05-21,S04,P10,4,96.00,会员储值
ORD100360,2026-05-03,S04,P09,1,18.00,支付宝
ORD102774,2026-05-23,S03,P19,1,15.00,银行卡
ORD103045,2026-05-25,S05,P17,2,24.00,支付宝
ORD104924,2026-06-09,S03,P06,2,84.00,银行卡
ORD104198,2026-06-04,S03,P03,3,78.00,会员储值
ORD103527,2026-05-29,S03,P03,1,26.00,会员储值
ORD100963,2026-05-08,S03,P07,1,22.00,支付宝
ORD111365,2026-07-26,S04,P10,1,24.00,银行卡
ORD100247,2026-05-02,S01,P14,2,20.00,银行卡
ORD101464,2026-05-12,S05,P17,1,12.00,银行卡
ORD108298,2026-07-05,S02,P15,1,6.00,微信
ORD100387,2026-05-03,S05,P05,1,34.00,会员储值
ORD109859,2026-07-16,S01,P06,3,126.00,现金
ORD103190,2026-05-26,S01,P04,2,76.00,现金
ORD111200,2026-07-26,S02,P08,1,¥25.00,微信
ORD105886,2026-06-16,S01,P17,1,12.00,银行卡
ORD105067,2026-06-10,S02,P09,2,36.00,银行卡
ORD109460,2026-07-13,S02,P02,1,30.00,会员储值
ORD101267,2026-05-10,S01,P08,4,100.00,现金
ORD107808,2026-07-01,S03,P07,2,44.00,现金
ORD103001,2026-05-25,S04,P08,1,25.00,支付宝
ORD111213,2026-07-26,S02,P14,1,10.00,银行卡
ORD108340,2026-07-05,S03,P11,1,26.00,银行卡
ORD103479,2026-05-29,S02,P14,2,20.00,支付宝
ORD100777,2026-05-07,S02,P13,3,60.00,会员储值
ORD103344,2026-05-27,S05,P07,1,22.00,微信
ORD105732,2026-06-15,S02,P01,1,32.00,支付宝
ORD108554,2026-07-07,S03,P02,2,60.00,银行卡
ORD105562,2026-06-14,S03,P13,1,20.00,支付宝
ORD102847,2026-05-24,S04,P15,4,24.00,微信
ORD111845,2026-07-30,S02,P09,2,36.00,银行卡
ORD103330,2026-05-27,S04,P09,2,36.00,现金
ORD100818,07-05-2026,S05,P11,1,26.00,银行卡
ORD104283,2026-06-05,S04,P14,1,10.00,微信
ORD102044,2026-05-17,S04,P13,1,20.00,会员储值
ORD110272,2026-07-19,S05,P15,1,6.00,会员储值
ORD107340,2026-06-28,S04,P05,2,68.00,微信
ORD102773,2026-05-23,S04,P08,1,25.00,支付宝
ORD105175,2026-06-11,S02,P01,1,32.00,微信
ORD109363,2026-07-12,S05,P13,3,60.00,会员储值
ORD107333,2026-06-27,S04,P03,1,26.00,支付宝
ORD109756,2026-07-15,S04,P09,1,18.00,现金
ORD102576,2026-05-22,S01,P07,1,22.00,现金
ORD101059,2026-05-09,S05,P16,1,5.00,现金
ORD103774,2026-05-31,S03,P12,1,8.00,支付宝
ORD102027,2026-05-17,S03,P11,3,78.00,现金
ORD111046,2026-07-25,S05,P01,2,64.00,银行卡
ORD105742,2026-06-15,S03,P05,1,34.00,现金
ORD100789,2026-05-07,S04,P06,1,42.00,微信
ORD107288,2026-06-27,S04,P04,1,38.00,现金
ORD105875,2026-06-16,S01,P18,1,18.00,微信
ORD111962,2026-07-31,S04,P03,1,26.00,现金
ORD105120,2026-06-10,S03,P19,1,15.00,微信
ORD103454,2026-05-29,S05,P05,1,34.00,现金
ORD102751,2026-05-23,S01,P18,1,18.00,现金
ORD109194,2026-07-11,S05,P11,1,26.00,支付宝
ORD100312,2026-05-03,S02,P16,2,10.00,支付宝
ORD106498,2026-06-21,S04,P07,2,44.00,会员储值
ORD103217,2026-05-27,S04,P16,2,10.00,支付宝
ORD101037,2026-05-09,S03,P20,2,44.00,支付宝
ORD109256,2026-07-12,S05,P11,1,26.00,支付宝
ORD111856,2026-07-30,S05,P03,1,26.00,支付宝
ORD103387,2026-05-28,S01,P02,1,30.00,现金
ORD108360,2026-07-05,S01,P08,2,50.00,银行卡
ORD109675,2026-07-15,S01,P02,1,30.00,微信
ORD102858,2026-05-24,S02,P12,2,16.00,微信
ORD106885,2026-06-24,S03,P14,2,20.00,会员储值
ORD102014,2026-05-17,S04,P18,1,18.00,银行卡
ORD106816,2026-06-23,S04,P05,0,102.00,银行卡
ORD104279,2026-06-04,S03,P17,3,36.00,会员储值
ORD103889,2026-06-01,S02,P12,1,8.00,支付宝
ORD108708,2026-07-08,S05,P15,2,12.00,支付宝
ORD108280,2026-07-05,S04,P07,1,22.00,支付宝
ORD104363,2026-06-05,S03,P11,3,78.00,支付宝
ORD108400,2026-07-05,S05,P13,1,20.00,银行卡
ORD100701,2026-05-06,S05,P20,1,22.00,会员储值
ORD100525,2026-05-04,S05,P09,3,54.00,银行卡
ORD102434,2026-05-21,S03,P20,2,44.00,会员储值
ORD102394,2026-05-20,S01,P10,1,24.00,现金
ORD102742,2026/05/23,S05,P10,1,24.00,会员储值
ORD101583,2026-05-13,S02,P08,1,25.00,支付宝
ORD105521,2026-06-13,S05,P06,2,84.00,银行卡
ORD106114,2026-06-18,S03,P08,2,50.00,银行卡
ORD106475,2026-06-21,S03,P07,1,22.00,支付宝
ORD105667,2026-06-14,S01,P11,3,78.00,现金
ORD101454,2026-05-12,S02,P04,2,76.00,微信
ORD106310,2026-06-20,S02,P12,1,8.00,银行卡
ORD109848,2026-07-16,S03,P04,1,38.00,银行卡
ORD106786,2026-06-23,S04,P06,4,168.00,银行卡
ORD108030,2026-07-03,S02,P11,1,26.00,微信
ORD103485,2026-05-29,S02,P18,1,18.00,会员储值
ORD102429,2026-05-20,S04,P01,2,64.00,现金
ORD108311,2026-07-05,S02,P18,1,18.00,会员储值
ORD104391,2026-06-06,S04,P04,4,152.00,现金
ORD103820,2026-05-31,S02,P05,2,68.00,银行卡
ORD102676,2026-05-23,S05,P01,2,64.00,支付宝
ORD110666,2026-07-22,S04,P10,3,72.00,支付宝
ORD110075,2026-07-18,S05,P09,2,36.00,银行卡
ORD103576,2026-05-30,S02,P07,1,22.00,支付宝
ORD110149,18-07-2026,S03,P04,3,114.00,支付宝
ORD111282,2026-07-26,S01,P12,1,8.00,银行卡
ORD101282,2026-05-10,S05,P07,1,22.00,现金
ORD109708,2026-07-15,S05,P09,1,18.00,现金
ORD107656,2026-06-30,S05,P16,1,5.00,微信
ORD105841,2026-06-16,S04,P14,1,10.00,支付宝
ORD111844,2026-07-30,S01,P10,1,24.00,现金
ORD101147,2026-05-10,S02,P09,2,36.00,微信
ORD105905,2026-06-17,S04,P01,1,32.00,银行卡
ORD108121,2026-07-04,S02,P15,1,6.00,银行卡
ORD104626,2026-06-07,S04,P20,2,44.00,会员储值
ORD102164,2026-05-18,S05,P11,1,26.00,支付宝
ORD104667,2026-06-07,S03,P11,2,52.00,银行卡
ORD107343,2026-06-28,S03,P19,4,60.00,现金
ORD105870,2026-06-16,S04,P04,2,76.00,银行卡
ORD108195,2026-07-04,S01,P01,1,32.00,会员储值
ORD110938,2026-07-24,S03,P09,1,18.00,支付宝
ORD105932,2026-06-17,S01,P11,2,52.00,银行卡
ORD109406,2026-07-13,S03,P08,1,25.00,银行卡
ORD101358,2026-05-11,S05,P15,1,6.00,支付宝
ORD109475,2026-07-13,S01,P14,2,20.00,支付宝
ORD106328,2026-06-20,S03,P01,2,64.00,银行卡
ORD104547,2026-06-06,S01,P11,1,26.00,现金
ORD110035,2026-07-18,S02,P15,1,6.00,支付宝
ORD101558,2026-05-13,S05,P05,1,34.00,现金
ORD110200,2026-07-19,S05,P06,1,42.00,银行卡
ORD100116,2026-05-02,S02,P12,4,32.00,银行卡
ORD102641,2026-05-23,S05,P02,1,30.00,支付宝
ORD101987,2026-05-16,S03,P02,2,60.00,支付宝
ORD107187,2026-06-26,S01,P01,3,96.00,会员储值
ORD102201,2026-05-18,S04,P07,1,22.00,会员储值
ORD100795,2026-05-07,S03,P03,2,52.00,微信
ORD106407,2026-06-20,S05,P19,2,30.00,微信
ORD108496,2026-07-06,S04,P14,3,30.00,微信
ORD107257,2026-06-27,S01,P08,2,50.00,现金
ORD100941,2026-05-08,S01,P07,1,22.00,会员储值
ORD106592,2026-06-21,S03,P10,3,72.00,银行卡
ORD110547,2026-07-21,S03,P01,1,32.00,现金
ORD111300,2026-07-26,S01,P05,4,136.00,微信
ORD103299,2026-05-27,S03,P14,4,40.00,现金
ORD103364,2026-05-28,S05,P01,4,128.00,银行卡
ORD105025,2026-06-10,S05,P19,2,30.00,微信
ORD105274,2026-06-12,S02,P17,1,12.00,微信
ORD101661,2026/05/14,S03,P20,4,88.00,会员储值
ORD106787,2026-06-23,S03,P20,1,22.00,微信
ORD106455,2026-06-21,S01,P15,1,6.00,会员储值
ORD105584,2026-06-14,S03,P18,2,36.00,现金
ORD111157,2026-07-25,S03,P16,1,5.00,支付宝
ORD107232,2026-06-27,S03,P06,2,84.00,微信
ORD106321,2026-06-20,S02,P19,2,30.00,会员储值
ORD100128,2026-05-02,S01,P08,1,25.00,微信
ORD104649,2026-06-07,S03,P14,3,30.00,微信
ORD105753,2026-06-15,S01,P15,2,12.00,微信
ORD111411,2026-07-27,S04,P06,2,84.00,现金
ORD106618,2026-06-21,S01,P02,1,30.00,会员储值
ORD101976,2026-05-16,S02,P17,2,24.00,现金
ORD111816,2026-07-30,S05,P05,1,34.00,现金
ORD101716,2026-05-15,S05,P09,1,18.00,微信
ORD100908,2026-05-08,S01,P19,2,30.00,支付宝
ORD106934,2026-06-24,S02,P20,1,22.00,银行卡
ORD104178,2026-06-03,S05,P12,1,8.00,支付宝
ORD110779,2026-07-23,S01,P15,3,18.00,会员储值
ORD105788,2026-06-16,S02,P14,2,,会员储值
ORD109137,2026-07-11,S03,P12,2,16.00,支付宝
ORD109592,2026-07-14,S03,P12,4,32.00,微信
ORD108523,2026-07-07,S03,P13,1,20.00,支付宝
ORD109262,2026-07-12,S01,P10,1,24.00,会员储值
ORD111997,2026-07-31,S01,P11,1,26.00,现金
ORD107722,2026-06-30,S05,P17,1,12.00,微信
ORD105922,2026-06-17,S04,P13,2,40.00,银行卡
ORD103647,2026-05-30,S03,P17,1,12.00,银行卡
ORD101566,2026-05-13,S04,P06,1,42.00,现金
ORD106042,2026-06-18,S01,P13,3,60.00,微信
ORD105317,2026-06-12,S04,P12,1,8.00,微信
ORD110398,2026-07-20,S02,P05,1,34.00,银行卡
ORD108102,2026-07-04,S04,P09,1,18.00,现金
ORD106583,2026-06-21,S04,P07,1,22.00,现金
ORD104594,2026-06-07,S04,P03,1,26.00,微信
ORD101545,2026-05-13,S05,P19,1,15.00,现金
ORD101539,2026-05-13,S04,P12,1,8.00,微信
ORD100697,2026-05-06,S04,P06,2,84.00,微信
ORD102643,2026-05-23,S03,P17,3,36.00,会员储值
ORD107710,2026/06/30,S02,P07,1,22.00,现金
ORD107004,2026-06-25,S05,P19,1,15.00,会员储值
ORD108116,2026-07-04,S02,P18,1,18.00,会员储值
ORD104371,2026-06-06,S03,P19,1,15.00,支付宝
ORD100048,2026-05-01,S04,P01,1,32.00,支付宝
ORD107056,2026-06-25,S05,P03,1,26.00,微信
ORD100155,2026-05-02,S03,P06,1,42.00,现金
ORD109335,2026-07-12,S05,P14,2,20.00,现金
ORD106423,2026-06-21,S05,P04,1,38.00,会员储值
ORD103961,2026-06-01,S01,P15,1,6.00,支付宝
ORD110195,2026-07-19,S04,P03,2,52.00,银行卡
ORD109797,2026-07-16,S01,P05,2,68.00,现金
ORD106474,2026-06-21,S02,P12,3,24.00,支付宝
ORD111946,2026-07-31,S02,P05,3,102.00,现金
ORD103809,2026-05-31,S03,P16,1,5.00,微信
ORD110894,2026-07-24,S01,P19,2,30.00,会员储值
ORD101910,2026-05-16,S05,P14,1,10.00,银行卡
ORD105988,2026-06-17,S03,P02,2,60.00,银行卡
ORD103929,2026-06-01,S02,P09,1,18.00,银行卡
ORD105311,2026-06-12,S04,P10,1,24.00,会员储值
ORD111739,2026-07-29,S04,P02,1,30.00,会员储值
ORD101571,2026-05-13,S01,P12,4,32.00,会员储值
ORD106445,2026-06-21,S02,P08,1,25.00,会员储值
ORD108823,2026-07-09,S03,P02,2,60.00,会员储值
ORD106087,2026-06-18,S01,P03,1,26.00,微信
ORD106889,2026-06-24,S02,P16,2,10.00,会员储值
ORD109742,2026-07-15,S02,P02,1,30.00,会员储值
ORD100806,2026-05-07,S01,P19,2,30.00,现金
ORD108680,2026-07-08,S04,P06,1,42.00,微信
ORD103512,2026-05-29,S03,P16,1,5.00,微信
ORD111447,2026-07-27,S05,P20,1,22.00,微信
ORD109424,2026-07-13,S03,P12,1,8.00,银行卡
ORD110124,2026-07-18,S04,P16,1,5.00,会员储值
ORD103487,2026-05-29,S01,P12,1,8.00,支付宝
ORD106773,2026-06-23,S04,P16,1,5.00,银行卡
ORD111572,2026-07-28,S05,P04,1,38.00,银行卡
ORD110464,2026-07-21,S03,P19,2,30.00,银行卡
ORD109303,2026-07-12,S05,P16,1,5.00,支付宝
ORD105098,2026-06-10,S04,P12,1,8.00,现金
ORD102978,2026-05-25,S02,P20,1,22.00,微信
ORD107597,2026-06-29,S02,P08,1,25.00,银行卡
ORD107548,2026-06-29,S04,P15,2,12.00,会员储值
ORD109709,2026-07-15,S02,P08,1,25.00,会员储值
ORD108910,2026-07-10,S04,P04,1,38.00,会员储值
ORD106059,2026-06-18,S05,P04,1,38.00,微信
ORD108822,2026-07-09,S02,P01,1,32.00,银行卡
ORD103176,2026-05-26,S03,P05,3,102.00,银行卡
ORD109166,2026-07-11,S01,P18,3,54.00,银行卡
ORD102979,2026-05-25,S04,P04,1,38.00,现金
ORD105326,2026-06-12,S01,P19,2,30.00,支付宝
ORD110911,2026-07-24,S04,P03,1,26.00,支付宝
ORD102393,2026-05-20,S01,P20,-1,22.00,支付宝
ORD106347,2026-06-20,S02,P18,1,18.00,现金
ORD110621,2026-07-22,S02,P03,2,52.00,现金
ORD109339,2026-07-12,S04,P09,4,72.00,银行卡
ORD103300,2026-05-27,S04,P11,1,26.00,银行卡
ORD102769,2026-05-23,S04,P06,1,42.00,银行卡
ORD101876,2026-05-16,S02,P08,2,50.00,银行卡
ORD104383,2026-06-06,S01,P08,1,25.00,微信
ORD109833,2026-07-16,S04,P02,1,30.00,微信
ORD110101,2026-07-18,S02,P07,1,22.00,会员储值
ORD104487,2026-06-06,S04,P11,1,26.00,微信
ORD109657,2026-07-15,S02,P13,4,80.00,银行卡
ORD108213,2026-07-04,S05,P18,2,36.00,微信
ORD106994,2026-06-25,S04,P01,2,64.00,现金
ORD108408,2026-07-06,S02,P10,1,24.00,支付宝
ORD105303,2026-06-12,S02,P13,2,40.00,支付宝
ORD102345,2026-05-20,S02,P14,1,10.00,银行卡
ORD102160,2026-05-18,S05,P11,1,26.00,会员储值
ORD103914,2026-06-01,S04,P12,2,16.00,微信
ORD103260,2026-05-27,S03,P03,2,52.00,现金
ORD103846,2026-05-31,S05,P04,2,76.00,支付宝
ORD108673,2026-07-08,S02,P19,1,15.00,现金
ORD111860,2026-07-30,S01,P05,1,34.00,银行卡
ORD109459,2026-07-13,S04,P19,2,30.00,会员储值
ORD105777,2026-06-15,S02,P03,1,26.00,微信
ORD105090,2026-06-10,S01,P01,1,32.00,支付宝
ORD109359,2026-07-12,S01,P07,1,-22.00,现金
ORD105411,2026-06-13,S05,P05,1,34.00,会员储值
ORD100691,2026-05-06,S02,P15,1,6.00,微信
ORD108878,2026-07-09,S04,P19,3,45.00,现金
ORD103618,2026-05-30,S03,P16,1,5.00,支付宝
ORD109778,2026-07-16,S02,P05,1,34.00,现金
ORD102551,2026-05-22,S05,P11,2,52.00,银行卡
ORD104583,2026-06-07,S05,P04,3,114.00,会员储值
ORD106460,2026-06-21,S03,P01,2,64.00,银行卡
ORD102325,2026-05-20,S05,P13,2,40.00,支付宝
ORD100822,2026-05-07,S03,P17,1,12.00,会员储值
ORD106833,2026-06-23,S03,P15,1,6.00,银行卡
ORD102635,2026-05-22,S01,P12,2,16.00,会员储值
ORD101601,2026-05-13,S04,P19,3,45.00,银行卡
ORD106058,2026-06-18,S01,P11,1,26.00,会员储值
ORD103715,2026-05-30,S01,P01,2,-64.00,现金
ORD101476,2026-05-12,S04,P11,1,26.00,银行卡
ORD110741,2026-07-23,S05,P16,1,5.00,支付宝
ORD106372,2026-06-20,S05,P10,1,24.00,支付宝
ORD101607,2026-05-13,S04,P02,1,30.00,微信
ORD103458,2026-05-29,S01,P06,2,84.00,会员储值
ORD101445,2026-05-12,S01,P13,2,40.00,支付宝
ORD104470,2026-06-06,S02,P13,1,20.00,会员储值
ORD107639,2026-06-30,S05,P09,1,18.00,银行卡
ORD109092,2026-07-11,S02,P05,2,68.00,微信
ORD106674,2026-06-22,S03,P20,1,22.00,支付宝
ORD105409,2026-06-13,S02,P03,1,26.00,微信
ORD111349,2026-07-26,S04,P06,1,42.00,微信
ORD109374,2026-07-12,S01,P01,1,32.00,支付宝
ORD109258,2026-07-12,S04,P10,1,24.00,支付宝
ORD109921,2026-07-17,S04,P01,2,64.00,微信
ORD101296,2026-05-11,S03,P19,1,15.00,微信
ORD105810,2026-06-16,S01,P01,4,128.00,会员储值
ORD109918,2026-07-17,S05,P17,1,12.00,银行卡
ORD106364,2026-06-20,S05,P03,2,52.00,支付宝
ORD107419,2026-06-28,S04,P16,2,10.00,微信
ORD106157,2026-06-19,S01,P13,4,80.00,微信
ORD110995,2026-07-25,S05,P05,2,68.00,会员储值
ORD102314,2026-05-19,S05,P11,3,78.00,微信
ORD102549,2026-05-22,S05,P15,2,12.00,银行卡
ORD107601,2026-06-29,S03,P19,1,15.00,银行卡
ORD111129,2026-07-25,S05,P13,1,20.00,银行卡
ORD110459,2026-07-21,S04,P07,1,22.00,会员储值
ORD110764,2026-07-23,S02,P04,4,152.00,现金
ORD101460,2026-05-12,S02,P10,3,72.00,会员储值
ORD100636,2026-05-05,S04,P18,1,18.00,微信
ORD101309,2026-05-11,S01,P13,2,40.00,微信
ORD101605,2026-05-13,S04,P06,2,84.00,支付宝
ORD110522,2026-07-21,S04,P01,1,32.00,微信
ORD109396,2026-07-12,S02,P19,2,30.00,支付宝
ORD103258,2026-05-27,S01,P19,4,60.00,现金
ORD101629,2026-05-14,S04,P18,3,54.00,会员储值
ORD101486,2026-05-12,S03,P03,1,26.00,会员储值
ORD106991,2026-06-25,S03,P03,4,104.00,银行卡
ORD102323,2026-05-20,S02,P11,4,104.00,会员储值
ORD106775,2026-06-23,S05,P14,1,10.00,微信
ORD109766,2026-07-16,S02,P03,1,26.00,微信
ORD101682,2026-05-14,S05,P02,4,120.00,微信
ORD109934,2026-07-17,S05,P03,2,52.00,现金
ORD104313,2026-06-05,S01,P05,1,34.00,会员储值
ORD111298,2026-07-26,S01,P11,1,26.00,会员储值
ORD100029,2026-05-01,S04,P16,1,5.00,现金
ORD111947,2026-07-31,S02,P15,1,6.00,会员储值
ORD105451,2026-06-13,S04,P18,2,36.00,会员储值
ORD111239,2026-07-26,S01,P16,3,15.00,银行卡
ORD107805,2026-07-01,S03,P04,2,76.00,会员储值
ORD102117,2026-05-17,S01,P12,3,24.00,会员储值
ORD106227,2026-06-20,S05,P11,2,52.00,会员储值
ORD111407,2026-07-27,S05,P14,1,10.00,银行卡
ORD111189,2026-07-26,S02,P12,1,8.00,支付宝
ORD109342,2026-07-12,S04,P19,1,15.00,银行卡
ORD105537,2026-06-14,S03,P05,2,68.00,银行卡
ORD106399,2026-06-20,S03,P05,2,68.00,会员储值
ORD106974,2026-06-24,S02,P18,1,18.00,银行卡
ORD106349,20-06-2026,S02,P14,1,10.00,银行卡
ORD106805,2026-06-23,S01,P17,3,36.00,会员储值
ORD112026,2026-07-31,S01,P20,1,22.00,现金
ORD106374,2026-06-20,S04,P17,1,12.00,支付宝
ORD100341,2026-05-03,S02,P08,2,50.00,现金
ORD108728,2026-07-08,S03,P17,1,12.00,银行卡
ORD109313,2026-07-12,S01,P03,3,78.00,微信
ORD101542,2026-05-13,S02,P09,1,18.00,银行卡
ORD110596,2026-07-21,S03,P08,2,50.00,会员储值
ORD107775,2026-07-01,S05,P14,1,10.00,支付宝
ORD111792,2026-07-30,S03,P09,2,36.00,微信
ORD109323,2026-07-12,S04,P15,2,12.00,会员储值
ORD101505,2026-05-13,S05,P05,1,34.00,会员储值
ORD110193,2026-07-19,S01,P04,3,114.00,支付宝
ORD108148,2026-07-04,S04,P18,1,-18.00,支付宝
ORD109447,2026-07-13,S02,P16,3,15.00,银行卡
ORD107757,2026-07-01,S02,P10,1,24.00,会员储值
ORD105055,2026-06-10,S02,P05,2,68.00,现金
ORD105900,2026-06-17,S04,P15,1,6.00,支付宝
ORD105188,2026-06-11,S01,P16,1,5.00,支付宝
ORD104859,2026-06-08,S02,P09,4,72.00,现金
ORD111592,2026-07-28,S05,P06,1,42.00,银行卡
ORD106081,2026-06-18,S03,P10,1,24.00,支付宝
ORD100543,2026-05-04,S05,P10,2,48.00,现金
ORD109545,2026-07-14,S05,P09,1,18.00,微信
ORD103213,2026-05-26,S01,P06,1,42.00,会员储值
ORD104453,2026-06-06,S05,P10,1,24.00,现金
ORD103610,2026-05-30,S03,P09,1,18.00,银行卡
ORD105676,2026-06-14,S05,P17,1,12.00,银行卡
ORD108651,2026-07-08,S04,P14,1,10.00,支付宝
ORD108711,2026-07-08,S01,P18,2,36.00,会员储值
ORD109828,2026-07-16,S02,P12,3,24.00,银行卡
ORD101967,2026-05-16,S04,P01,1,32.00,银行卡
ORD104944,2026-06-09,S05,P14,1,10.00,会员储值
ORD107120,2026-06-26,S02,P12,1,8.00,现金
ORD110251,2026-07-19,S01,P12,2,16.00,银行卡
ORD104640,2026-06-07,S04,P10,1,24.00,银行卡
ORD105478,2026-06-13,S01,P09,2,36.00,支付宝
ORD107435,2026-06-28,S04,P17,1,12.00,现金
ORD102202,2026-05-18,S02,P08,2,50.00,支付宝
ORD107732,2026-06-30,S05,P04,1,38.00,现金
ORD103325,2026-05-27,S01,P17,4,48.00,支付宝
ORD108916,2026-07-10,S01,P16,4,20.00,支付宝
ORD104124,2026-06-03,S01,P05,3,102.00,银行卡
ORD107099,2026-06-26,S04,P19,2,-30.00,微信
ORD109089,2026-07-11,S01,P04,1,38.00,现金
ORD106064,2026-06-18,S01,P02,1,30.00,支付宝
ORD100006,2026-05-01,S04,P04,2,76.00,微信
ORD106140,2026-06-19,S03,P06,1,42.00,银行卡
ORD109891,2026-07-17,S01,P08,1,25.00,银行卡
ORD104070,2026-06-02,S05,P11,2,52.00,银行卡
ORD105971,2026-06-17,S01,P15,2,12.00,会员储值
ORD110945,2026-07-24,S03,P06,3,126.00,银行卡
ORD111286,2026-07-26,S02,P06,2,84.00,银行卡
ORD103955,2026-06-01,S03,P09,1,18.00,微信
ORD101749,2026-05-15,S04,P11,1,26.00,现金
ORD108512,2026-07-06,S02,P18,1,18.00,现金
ORD110307,2026-07-19,S02,P16,1,5.00,银行卡
ORD100815,2026-05-07,S05,P16,1,5.00,现金
ORD109990,2026-07-17,S02,P11,3,78.00,现金
ORD108609,2026-07-07,S02,P15,2,12.00,银行卡
ORD110389,2026-07-20,S05,P03,1,26.00,会员储值
ORD110845,2026-07-24,S05,P11,1,26.00,会员储值
ORD100406,2026-05-03,S05,P05,3,102.00,微信
ORD104078,2026-06-02,S01,P19,1,15.00,微信
ORD109481,2026-07-13,S05,P15,4,24.00,微信
ORD109487,2026-07-13,S03,P04,1,38.00,支付宝
ORD106308,2026/06/20,S01,P19,2,30.00,支付宝
ORD111042,2026-07-25,S04,P03,1,26.00,支付宝
ORD102145,2026-05-18,S02,P01,1,32.00,会员储值
ORD101622,2026-05-14,S04,P02,1,30.00,现金
ORD109804,2026-07-16,S03,P06,1,42.00,会员储值
ORD110183,2026-07-19,S03,P07,1,22.00,银行卡
ORD101457,2026-05-12,S02,P15,1,6.00,现金
ORD103053,2026-05-25,S03,P10,1,24.00,支付宝
ORD107244,2026-06-27,S04,P11,1,26.00,支付宝
ORD102738,23-05-2026,S05,P18,1,18.00,会员储值
ORD101444,2026-05-12,S04,P01,2,64.00,支付宝
ORD109538,2026-07-13,S01,P20,1,22.00,银行卡
ORD111952,2026-07-31,S02,P11,4,104.00,微信
ORD101758,2026-05-15,S02,P06,1,42.00,微信
ORD105877,2026-06-16,S05,P12,1,8.00,现金
ORD110998,2026-07-25,S04,P07,2,44.00,微信
ORD111659,2026-07-29,S02,P12,1,8.00,支付宝
ORD111400,2026-07-27,S04,P04,1,38.00,银行卡
ORD110131,2026-07-18,S05,P12,2,16.00,银行卡
ORD105962,2026-06-17,S05,P17,1,12.00,银行卡
ORD110161,18-07-2026,S03,P08,4,100.00,现金
ORD108197,2026-07-04,S03,P15,1,6.00,会员储值
ORD111715,2026-07-29,S02,P99,1,18.00,微信
ORD107076,2026-06-26,S02,P07,3,66.00,银行卡
ORD102261,2026-05-19,S01,P17,1,12.00,微信
ORD103199,2026-05-26,S05,P13,1,20.00,会员储值
ORD105432,2026-06-13,S01,P19,2,30.00,会员储值
ORD111087,2026-07-25,S05,P09,4,72.00,支付宝
ORD107961,2026-07-02,S05,P10,1,24.00,支付宝
ORD109613,2026-07-14,S01,P09,1,18.00,银行卡
ORD105749,2026-06-15,S01,P12,1,8.00,支付宝
ORD107072,2026-06-26,S02,P15,1,6.00,微信
ORD107703,2026-06-30,S04,P01,1,32.00,支付宝
ORD111552,2026-07-28,S02,P08,1,25.00,支付宝
ORD100041,2026-05-01,S03,P03,1,26.00,微信
ORD107684,2026-06-30,S01,P04,1,38.00,微信
ORD108675,2026-07-08,S03,P16,4,20.00,银行卡
ORD109645,2026-07-15,S03,P03,1,26.00,现金
ORD107611,2026-06-29,S05,P15,2,12.00,支付宝
ORD100615,2026-05-05,S04,P14,1,10.00,会员储值
ORD111383,2026-07-26,S01,P15,2,12.00,会员储值
ORD106285,2026-06-20,S01,P07,1,22.00,微信
ORD105629,2026-06-14,S01,P05,1,34.00,微信
ORD108053,2026-07-03,S01,P05,1,34.00,微信
ORD109537,2026-07-13,S05,P19,1,15.00,会员储值
ORD108228,2026-07-04,S03,P20,2,44.00,会员储值
ORD101003,2026-05-09,S04,P14,3,30.00,支付宝
ORD101488,2026-05-12,S01,P02,2,60.00,现金
ORD111745,2026-07-29,S03,P05,1,34.00,微信
ORD101576,2026-05-13,S03,P99,1,38.00,支付宝
ORD108388,2026-07-05,S02,P11,1,26.00,银行卡
ORD101718,2026-05-15,S01,P02,1,30.00,会员储值
ORD110658,22-07-2026,S03,P20,2,44.00,微信
ORD108697,2026-07-08,S01,P17,4,48.00,微信
ORD108188,2026-07-04,S03,P02,1,30.00,微信
ORD102057,2026-05-17,S01,P14,4,40.00,会员储值
ORD101004,2026-05-09,S02,P18,1,18.00,支付宝
ORD104890,2026-06-08,S02,P16,4,20.00,微信
ORD111898,2026-07-30,S05,P02,2,60.00,会员储值
ORD107021,2026-06-25,S03,P20,2,44.00,微信
ORD105612,2026-06-14,S03,P12,3,24.00,现金
ORD105874,2026-06-16,S02,P05,2,68.00,银行卡
ORD104459,2026-06-06,S01,P06,1,42.00,现金
ORD102851,2026-05-24,S03,P05,3,102.00,银行卡
ORD102311,2026-05-19,S05,P07,2,44.00,支付宝
ORD106898,2026-06-24,S01,P17,1,12.00,银行卡
ORD101738,2026-05-15,S05,P18,2,36.00,会员储值
ORD110228,2026-07-19,S02,P14,4,40.00,支付宝
ORD109233,2026-07-12,S04,P17,2,24.00,银行卡
ORD105284,2026-06-12,S02,P02,1,30.00,支付宝
ORD106350,2026-06-20,S02,P15,1,6.00,会员储值
ORD105132,2026-06-11,S03,P03,1,26.00,现金
ORD102739,2026-05-23,S05,P09,2,36.00,支付宝
ORD105864,2026-06-16,S05,P15,2,12.00,会员储值
ORD106297,2026-06-20,S03,P04,2,76.00,会员储值
ORD105934,2026-06-17,S01,P18,2,36.00,银行卡
ORD106506,2026-06-21,S04,P17,1,12.00,银行卡
ORD110110,2026-07-18,S02,P01,1,32.00,现金
ORD106911,2026-06-24,S03,P13,1,20.00,银行卡
ORD105665,2026-06-14,S04,P16,2,10.00,微信
ORD102453,2026-05-21,S05,P05,2,68.00,会员储值
ORD109670,2026-07-15,S01,P08,3,75.00,微信
ORD106373,2026-06-20,S02,P11,1,26.00,会员储值
ORD104898,2026-06-08,S02,P05,1,34.00,支付宝
ORD106649,2026-06-22,S04,P15,1,6.00,银行卡
ORD103281,2026-05-27,S05,P06,1,42.00,会员储值
ORD102056,2026-05-17,S03,P15,1,6.00,支付宝
ORD102788,2026-05-23,S05,P07,1,22.00,现金
ORD101151,2026-05-10,S04,P08,4,100.00,银行卡
ORD103084,2026-05-25,S04,P08,2,50.00,微信
ORD105644,2026-06-14,S03,P03,1,26.00,现金
ORD104497,2026-06-06,S03,P20,1,22.00,微信
ORD108196,2026-07-04,S03,P04,1,38.00,银行卡
ORD102632,2026-05-22,S04,P18,3,54.00,微信
ORD107899,2026-07-02,S05,P08,1,25.00,会员储值
ORD105048,2026-06-10,S04,P09,1,18.00,会员储值
ORD107118,2026-06-26,S01,P04,1,38.00,银行卡
ORD103290,2026-05-27,S04,P04,1,38.00,支付宝
ORD100847,2026-05-07,S03,P13,2,40.00,银行卡
ORD106124,2026-06-19,S05,P03,1,26.00,银行卡
ORD104968,2026-06-09,S02,P02,2,60.00,微信
ORD100780,2026-05-07,S02,P03,1,26.00,银行卡
ORD101841,2026-05-16,S05,P12,1,8.00,支付宝
ORD108570,2026-07-07,S05,P18,1,18.00,银行卡
ORD101688,2026-05-14,S02,P20,2,44.00,微信
ORD104905,2026-06-09,S01,P09,1,18.00,会员储值
ORD102664,2026-05-23,S04,P12,1,8.00,会员储值
ORD105394,2026-06-13,S02,P19,2,30.00,会员储值
ORD103110,2026-05-25,S03,P07,3,66.00,微信
ORD106761,2026-06-23,S04,P19,1,15.00,微信
ORD103434,2026-05-28,S03,P09,2,36.00,银行卡
ORD111651,2026-07-29,S03,P05,1,34.00,现金
ORD103675,2026-05-30,S04,P16,1,5.00,会员储值
ORD101471,2026-05-12,S04,P20,1,22.00,现金
ORD107649,2026-06-30,S05,P11,1,26.00,银行卡
ORD111626,2026-07-29,S01,P08,3,75.00,微信
ORD111036,2026-07-25,S01,P08,1,25.00,现金
ORD110482,2026-07-21,S02,P10,3,72.00,会员储值
ORD103926,2026-06-01,S03,P20,1,22.00,现金
ORD107204,2026-06-27,S04,P14,1,10.00,会员储值
ORD111074,2026-07-25,S03,P14,-1,40.00,会员储值
ORD105525,2026-06-13,S03,P20,1,22.00,银行卡
ORD104188,2026-06-03,S03,P99,1,22.00,微信
ORD105433,2026-06-13,S01,P11,2,52.00,银行卡
ORD100471,2026-05-04,S01,P09,1,18.00,现金
ORD101410,2026-05-12,S01,P01,1,32.00,现金
ORD109478,2026-07-13,S02,P04,3,114.00,微信
ORD106301,2026-06-20,S04,P19,1,15.00,微信
ORD106861,2026-06-23,S04,P02,1,30.00,支付宝
ORD111921,2026-07-31,S02,P18,2,36.00,微信
ORD110992,2026-07-25,S03,P20,2,44.00,银行卡
ORD104264,2026-06-04,S04,P04,3,114.00,银行卡
ORD109068,2026-07-11,S04,P07,2,44.00,微信
ORD109769,2026-07-16,S03,P11,1,26.00,微信
ORD108462,2026-07-06,S05,P11,1,26.00,会员储值
ORD101519,2026-05-13,S02,P18,4,72.00,微信
ORD111381,2026-07-26,S04,P14,1,10.00,银行卡
ORD110905,2026-07-24,S02,P06,1,42.00,现金
ORD101271,2026-05-10,S05,P11,3,78.00,会员储值
ORD106863,2026-06-23,S01,P08,1,25.00,会员储值
ORD106566,2026-06-21,S01,P07,1,22.00,银行卡
ORD105327,2026-06-12,S05,P03,1,26.00,会员储值
ORD103122,2026-05-26,S01,P05,2,68.00,现金
ORD101384,2026-05-11,S03,P09,1,18.00,银行卡
ORD111684,2026-07-29,S01,P11,1,26.00,会员储值
ORD105691,2026-06-15,S03,P14,2,20.00,银行卡
ORD105165,2026-06-11,S01,P09,1,18.00,银行卡
ORD102837,2026-05-24,S03,P08,4,100.00,银行卡
ORD101461,2026-05-12,S04,P04,1,38.00,支付宝
ORD102950,2026-05-24,S05,P01,4,128.00,会员储值
ORD107556,2026-06-29,S03,P19,1,15.00,微信
ORD105985,2026-06-17,S03,P03,1,26.00,微信
ORD102912,2026-05-24,S05,P06,1,42.00,银行卡
ORD110867,2026-07-24,S02,P07,1,22.00,银行卡
ORD106385,2026-06-20,S01,P08,2,50.00,会员储值
ORD108509,2026-07-06,S05,P05,2,68.00,微信
ORD111265,2026-07-26,S02,P01,2,64.00,会员储值
ORD107410,2026-06-28,S05,P18,4,72.00,支付宝
ORD105149,2026-06-11,S05,P19,2,30.00,微信
ORD100888,2026-05-08,S03,P13,1,20.00,现金
ORD105937,2026-06-17,S03,P08,4,100.00,微信
ORD103178,2026-05-26,S04,P14,1,10.00,微信
ORD103654,2026-05-30,S04,P05,3,102.00,现金
ORD108439,2026-07-06,S01,P01,2,64.00,会员储值
ORD110751,2026-07-23,S03,P14,1,10.00,银行卡
ORD106116,2026-06-19,S01,P05,1,34.00,会员储值
ORD101529,2026-05-13,S03,P17,2,24.00,微信
ORD105825,2026-06-16,S05,P05,1,34.00,微信
ORD106921,2026-06-24,S02,P16,2,10.00,微信
ORD105861,2026-06-16,S05,P09,1,18.00,银行卡
ORD104089,2026-06-02,S02,P17,3,36.00,现金
ORD106354,2026-06-20,S01,P15,4,,银行卡
ORD109771,2026-07-16,S04,P02,3,90.00,会员储值
ORD100756,2026-05-07,S02,P19,4,¥60.00,现金
ORD104902,2026-06-08,S04,P05,3,102.00,银行卡
ORD102491,2026-05-21,S05,P99,1,6.00,银行卡
ORD106831,2026-06-23,S03,P09,2,36.00,现金
ORD111821,2026-07-30,S03,P18,1,18.00,支付宝
ORD106063,2026-06-18,S03,P07,2,44.00,会员储值
ORD104441,2026-06-06,S01,P01,4,128.00,会员储值
ORD105790,2026-06-16,S01,P03,2,52.00,银行卡
ORD101925,2026-05-16,S03,P18,4,72.00,银行卡
ORD102800,2026-05-23,S05,P16,2,10.00,微信
ORD110390,2026-07-20,S05,P09,4,,会员储值
ORD111943,2026-07-31,S02,P11,1,26.00,支付宝
ORD104017,2026-06-02,S01,P11,2,52.00,会员储值
ORD102916,2026-05-24,S04,P11,1,26.00,支付宝
ORD106565,2026-06-21,S02,P18,1,18.00,银行卡
ORD107993,2026-07-03,S01,P01,1,32.00,现金
ORD103927,2026-06-01,S03,P06,2,84.00,支付宝
ORD100590,2026-05-05,S02,P17,4,48.00,微信
ORD109989,2026-07-17,S02,P11,1,26.00,支付宝
ORD111280,2026-07-26,S01,P20,1,22.00,支付宝
ORD110063,2026-07-18,S02,P01,1,32.00,微信
ORD105736,2026-06-15,S04,P14,3,30.00,现金
ORD108876,2026-07-09,S02,P05,3,102.00,微信
ORD101506,2026-05-13,S02,P15,2,12.00,微信
ORD107820,2026-07-01,S01,P17,4,48.00,现金
ORD106788,2026-06-23,S04,P19,2,30.00,会员储值
ORD107207,2026-06-27,S02,P15,1,6.00,微信
ORD108205,2026-07-04,S02,P19,3,45.00,银行卡
ORD100909,2026-05-08,S04,P20,1,22.00,银行卡
ORD100735,2026-05-06,S04,P15,3,18.00,现金
ORD104046,2026-06-02,S04,P05,1,34.00,微信
ORD108351,2026-07-05,S03,P05,1,34.00,现金
ORD111813,2026-07-30,S03,P20,3,66.00,支付宝
ORD109832,2026-07-16,S04,P16,3,15.00,现金
ORD110541,2026-07-21,S03,P09,1,18.00,支付宝
ORD108040,2026-07-03,S05,P05,1,34.00,会员储值
ORD109870,2026-07-16,S01,P09,1,18.00,微信
ORD111120,2026-07-25,S02,P08,2,50.00,会员储值
ORD105744,2026-06-15,S01,P07,1,22.00,微信
ORD111461,2026-07-27,S03,P07,1,22.00,银行卡
ORD106971,2026-06-24,S05,P06,3,126.00,银行卡
ORD101537,2026-05-13,S01,P15,2,12.00,会员储值
ORD107456,2026-06-28,S01,P02,2,60.00,银行卡
ORD109946,2026-07-17,S04,P02,2,60.00,银行卡
ORD111759,2026-07-29,S02,P06,2,84.00,支付宝
ORD105850,2026-06-16,S03,P14,3,30.00,微信
ORD102722,2026-05-23,S04,P06,1,42.00,微信
ORD100916,2026-05-08,S01,P06,1,42.00,会员储值
ORD103733,2026-05-31,S04,P20,2,44.00,现金
ORD101200,2026-05-10,S02,P02,1,30.00,微信
ORD109242,2026-07-12,S04,P16,2,10.00,支付宝
ORD109372,2026-07-12,S04,P10,1,24.00,银行卡
ORD101759,2026-05-15,S05,P05,2,68.00,现金
ORD105719,2026-06-15,S03,P01,1,32.00,会员储值
ORD105439,2026-06-13,S05,P07,1,22.00,支付宝
ORD102173,2026-05-18,S05,P17,1,12.00,现金
ORD110559,2026-07-21,S01,P02,2,60.00,银行卡
ORD110891,2026-07-24,S02,P17,1,12.00,微信
ORD100308,2026-05-03,S02,P01,1,32.00,会员储值
ORD111369,2026-07-26,S03,P03,3,78.00,微信
ORD103156,2026-05-26,S03,P16,2,10.00,微信
ORD105659,2026-06-14,S04,P02,1,30.00,银行卡
ORD106213,2026-06-20,S04,P16,1,5.00,银行卡
ORD101901,2026-05-16,S05,P20,1,22.00,会员储值
ORD112036,2026-07-31,S05,P18,2,36.00,支付宝
ORD107407,2026-06-28,S03,P14,4,40.00,银行卡
ORD101034,2026-05-09,S03,P01,1,32.00,会员储值
ORD105095,2026-06-10,S03,P08,2,50.00,银行卡
ORD101259,2026-05-10,S01,P07,1,22.00,微信
ORD107645,2026-06-30,S04,P17,0,12.00,会员储值
ORD100936,2026-05-08,S04,P07,2,44.00,银行卡
ORD109531,2026-07-13,S03,P18,1,18.00,现金
ORD104095,2026-06-02,S03,P01,1,32.00,现金
ORD109131,2026-07-11,S02,P04,1,38.00,现金
ORD104044,2026-06-02,S03,P01,2,64.00,银行卡
ORD102319,2026-05-19,S04,P13,1,20.00,会员储值
ORD105179,2026-06-11,S01,P06,2,,现金
ORD105470,2026-06-13,S05,P20,1,22.00,支付宝
ORD110105,2026-07-18,S02,P04,4,152.00,微信
ORD102497,2026-05-21,S03,P14,3,30.00,银行卡
ORD106170,2026-06-19,S03,P18,1,18.00,微信
ORD103355,2026-05-28,S03,P13,1,20.00,现金
ORD102208,2026-05-18,S02,P02,1,30.00,现金
ORD101128,2026-05-09,S03,P15,1,6.00,微信
ORD108486,2026-07-06,S01,P18,1,18.00,会员储值
ORD110959,2026-07-24,S05,P07,1,22.00,银行卡
ORD104553,2026-06-06,S02,P11,1,26.00,微信
ORD103685,2026-05-30,S05,P10,1,24.00,微信
ORD108950,2026-07-10,s01,P10,2,48.00,支付宝
ORD108333,2026-07-05,S04,P17,1,12.00,现金
ORD105386,2026-06-13,S02,P19,1,15.00,支付宝
ORD105170,2026-06-11,S02,P09,3,54.00,现金
ORD103421,2026-05-28,S03,P14,1,10.00,银行卡
ORD105430,2026-06-13,S04,P01,2,64.00,支付宝
ORD103057,2026-05-25,S01,P17,1,12.00,微信
ORD104457,2026-06-06,S05,P17,2,24.00,微信
ORD100737,2026-05-06,S03,P06,2,84.00,支付宝
ORD101281,2026-05-10,S01,P04,1,38.00,现金
ORD111957,2026-07-31,S03,P19,3,45.00,现金
ORD108504,2026-07-06,S02,P13,2,40.00,支付宝
ORD110144,2026-07-18,S05,P20,1,22.00,微信
ORD111708,2026-07-29,S02,P16,1,5.00,银行卡
ORD109168,2026-07-11,S01,P20,1,22.00,会员储值
ORD108334,2026-07-05,S02,P04,2,76.00,银行卡
ORD111508,2026-07-27,S03,P15,1,6.00,银行卡
ORD108688,2026-07-08,S03,P16,2,10.00,银行卡
ORD104149,2026-06-03,S02,P07,3,66.00,银行卡
ORD103718,2026-05-30,S04,P17,2,24.00,银行卡
ORD108085,2026-07-03,S03,P16,2,10.00,支付宝
ORD102210,2026-05-18,S04,P11,3,78.00,会员储值
ORD101316,2026-05-11,S04,P20,2,44.00,微信
ORD103707,2026-05-30,S01,P06,2,84.00,现金
ORD107166,2026-06-26,S01,P05,1,34.00,支付宝
ORD103869,2026-05-31,S02,P05,3,102.00,支付宝
ORD108368,2026-07-05,S03,P05,1,34.00,微信
ORD111775,2026-07-30,S01,P19,1,15.00,银行卡
ORD101676,2026-05-14,S04,P12,1,8.00,现金
ORD101812,2026-05-15,S05,P20,1,22.00,支付宝
ORD100745,2026-05-07,S05,P07,1,22.00,支付宝
ORD109909,2026-07-17,S05,P14,1,10.00,现金
ORD108386,2026-07-05,S01,P14,1,¥10.00,支付宝
ORD101191,2026-05-10,S04,P03,1,26.00,会员储值
ORD102793,2026-05-23,S05,P10,3,72.00,银行卡
ORD108992,2026-07-10,S03,P11,4,104.00,银行卡
ORD109524,2026-07-13,S03,P10,1,24.00,银行卡
ORD103128,2026-05-26,S02,P01,2,64.00,支付宝
ORD106829,2026-06-23,S01,P01,1,32.00,银行卡
ORD108956,2026-07-10,S03,P11,1,26.00,现金
ORD103673,2026-05-30,S04,P07,2,44.00,会员储值
ORD102011,2026-05-17,S04,P03,1,26.00,现金
ORD109668,2026-07-15,S01,P13,1,20.00,会员储值
ORD104620,2026-06-07,S04,P10,1,24.00,现金
ORD103676,2026-05-30,S05,P08,2,50.00,会员储值
ORD111707,2026-07-29,S05,P01,2,64.00,现金
ORD110511,2026-07-21,S01,P20,1,22.00,会员储值
ORD108808,2026-07-09,S03,P17,3,36.00,现金
ORD111623,2026-07-29,S05,P18,1,18.00,微信
ORD101179,2026-05-10,S05,P01,1,32.00,微信
ORD108954,2026-07-10,S01,P03,1,26.00,微信
ORD107673,2026-06-30,S03,P19,1,15.00,微信
ORD100411,2026-05-03,S05,P20,1,22.00,银行卡
ORD101412,2026-05-12,S03,P18,1,18.00,支付宝
ORD104851,2026-06-08,S04,P10,3,72.00,银行卡
ORD107962,2026-07-02,S02,P13,1,20.00,现金
ORD106582,2026-06-21,S02,P18,2,36.00,现金
ORD106177,2026-06-19,S04,P09,1,18.00,银行卡
ORD110898,2026-07-24,S02,P04,2,76.00,现金
ORD109822,2026-07-16,S04,P02,2,60.00,支付宝
ORD108946,2026-07-10,S04,P11,2,52.00,支付宝
ORD105158,2026-06-11,S02,P08,1,25.00,支付宝
ORD104334,2026-06-05,S05,P17,3,36.00,会员储值
ORD107802,2026-07-01,S05,P19,2,30.00,现金
ORD111705,2026-07-29,S03,P04,1,38.00,微信
ORD111462,2026-07-27,S02,P01,1,32.00,微信
ORD110964,2026-07-24,S05,P20,3,66.00,微信
ORD100841,2026-05-07,S02,P15,3,18.00,支付宝
ORD107543,2026-06-29,S05,P15,3,18.00,现金
ORD102660,2026-05-23,S05,P18,1,-18.00,微信
ORD111750,2026-07-29,S01,P09,3,54.00,现金
ORD109325,2026-07-12,S05,P04,4,152.00,微信
ORD102179,2026-05-18,S03,P10,2,48.00,支付宝
ORD110348,2026-07-20,S01,P12,1,8.00,微信
ORD110837,2026-07-23,S03,P09,1,18.00,银行卡
ORD108244,2026-07-04,S02,P06,1,-42.00,会员储值
ORD108484,2026-07-06,S03,P18,2,36.00,现金
ORD108856,2026-07-09,S04,P09,1,18.00,会员储值
ORD105826,2026-06-16,S05,P16,1,5.00,银行卡
ORD102791,2026-05-23,S03,P02,1,30.00,支付宝
ORD109627,2026-07-14,S04,P14,1,10.00,支付宝
ORD106638,2026-06-22,S03,P01,3,96.00,微信
ORD105538,2026-06-14,S03,P19,3,45.00,银行卡
ORD107026,2026-06-25,S04,P19,2,30.00,微信
ORD105155,2026-06-11,S02,P17,1,12.00,会员储值
ORD106783,2026-06-23,S03,P10,2,48.00,支付宝
ORD109021,2026-07-10,S03,P08,2,50.00,现金
ORD102946,2026-05-24,S04,P07,2,44.00,银行卡
ORD109452,2026-07-13,S01,P19,3,45.00,支付宝
ORD105907,2026-06-17,S05,P14,2,20.00,微信
ORD109872,2026-07-16,S03,P13,1,20.00,微信
ORD100576,2026-05-05,S05,P20,1,22.00,支付宝
ORD109782,2026-07-16,S02,P12,1,8.00,现金
ORD106542,2026-06-21,S04,P14,3,30.00,会员储值
ORD101427,2026-05-12,S04,P01,1,32.00,银行卡
ORD108695,2026-07-08,S02,P08,2,50.00,会员储值
ORD100839,2026-05-07,S04,P01,2,64.00,支付宝
ORD102985,2026-05-25,S04,P11,1,26.00,现金
ORD104858,2026-06-08,S01,P01,1,32.00,银行卡
ORD102967,2026-05-24,S05,P02,3,90.00,银行卡
ORD104625,2026-06-07,S05,P09,4,72.00,支付宝
ORD102933,2026-05-24,S01,P20,1,22.00,银行卡
ORD102228,2026-05-18,S02,P15,1,6.00,支付宝
ORD101989,2026-05-16,S05,P05,2,68.00,支付宝
ORD111143,2026-07-25,S02,P03,3,78.00,现金
ORD107439,2026-06-28,S04,P09,4,72.00,现金
ORD101551,2026-05-13,S01,P04,1,38.00,现金
ORD101105,2026-05-09,S01,P01,0,64.00,会员储值
ORD110278,2026-07-19,S03,P04,1,38.00,会员储值
ORD109680,2026-07-15,S05,P14,1,10.00,微信
ORD109139,2026-07-11,S04,P14,4,40.00,会员储值
ORD103932,2026-06-01,S03,P20,2,44.00,微信
ORD108839,2026-07-09,S02,P15,1,6.00,微信
ORD101775,2026-05-15,S04,P09,1,18.00,支付宝
ORD105495,2026-06-13,S05,P19,3,45.00,微信
ORD105036,2026-06-10,S04,P08,1,25.00,微信
ORD110139,2026-07-18,S02,P10,2,48.00,微信
ORD108279,2026-07-05,S03,P05,2,68.00,会员储值
ORD105063,2026-06-10,S04,P07,1,22.00,微信
ORD101899,2026-05-16,S02,P01,2,64.00,微信
ORD109505,2026-07-13,S02,P10,2,48.00,银行卡
ORD100475,2026-05-04,S01,P03,1,26.00,会员储值
ORD101762,2026-05-15,S01,P17,2,24.00,微信
ORD107247,2026-06-27,S01,P07,1,22.00,银行卡
ORD108560,2026-07-07,S02,P15,2,12.00,微信
ORD103445,2026-05-28,S02,P02,1,30.00,银行卡
ORD108891,2026-07-09,S05,P18,2,36.00,会员储值
ORD102047,2026-05-17,S05,P14,3,30.00,会员储值
ORD102112,2026-05-17,S04,P05,1,34.00,银行卡
ORD102317,2026-05-19,S04,P13,2,40.00,支付宝
ORD108139,2026-07-04,S04,P13,1,20.00,支付宝
ORD104269,2026-06-04,S05,P18,1,18.00,现金
ORD107708,2026-06-30,S02,P09,1,18.00,现金
ORD103450,2026-05-28,S05,P10,2,48.00,支付宝
ORD109111,2026-07-11,S02,P10,2,48.00,银行卡
ORD100580,2026-05-05,S01,P11,3,78.00,银行卡
ORD108331,2026-07-05,S03,P01,1,32.00,会员储值
ORD104008,2026-06-02,S02,P02,2,60.00,会员储值
ORD100127,2026-05-02,S03,P03,1,26.00,微信
ORD111056,2026-07-25,S05,P03,2,52.00,支付宝
ORD101213,2026-05-10,S02,P17,1,12.00,微信
ORD106872,2026-06-24,S02,P01,1,32.00,支付宝
ORD105142,2026-06-11,S05,P20,2,44.00,会员储值
ORD103028,2026-05-25,S04,P03,2,52.00,微信
ORD110433,2026-07-20,S05,P20,3,66.00,现金
ORD100119,2026-05-02,S02,P04,4,152.00,支付宝
ORD100542,2026-05-04,S03,P11,1,26.00,会员储值
ORD104036,2026-06-02,S05,P06,1,42.00,会员储值
ORD106135,2026-06-19,S04,P15,1,6.00,支付宝
ORD107217,2026-06-27,S01,P18,2,36.00,现金
ORD100342,03-05-2026,S01,P02,1,30.00,微信
ORD108743,2026-07-08,S05,P03,2,52.00,会员储值
ORD108914,2026-07-10,S02,P08,4,,现金
ORD105089,2026-06-10,S02,P03,1,26.00,支付宝
ORD110768,2026-07-23,S02,P17,1,12.00,支付宝
ORD108499,2026-07-06,S04,P11,1,26.00,会员储值
ORD106524,2026-06-21,S05,P16,1,5.00,银行卡
ORD108915,2026-07-10,S01,P12,1,8.00,会员储值
ORD104496,2026-06-06,S03,P17,2,24.00,微信
ORD100413,2026-05-03,S04,P06,2,84.00,微信
ORD110487,2026-07-21,S03,P06,1,42.00,现金
ORD108073,2026-07-03,S04,P14,1,10.00,支付宝
ORD104202,2026-06-04,S03,P02,2,60.00,银行卡
ORD110438,2026-07-20,S02,P13,1,20.00,现金
ORD106000,2026-06-17,S01,P07,1,22.00,支付宝
ORD107266,2026-06-27,S02,P03,1,26.00,支付宝
ORD103953,2026-06-01,S01,P13,1,20.00,微信
ORD101380,2026-05-11,S03,P16,1,5.00,支付宝
ORD106976,2026-06-24,S01,P08,2,50.00,银行卡
ORD107554,2026-06-29,S05,P01,1,32.00,会员储值
ORD106153,2026-06-19,S05,P18,1,18.00,银行卡
ORD111328,2026-07-26,S03,P18,1,-18.00,银行卡
ORD104066,2026-06-02,S05,P02,1,30.00,微信
ORD102511,2026-05-21,S04,P19,1,15.00,微信
ORD101365,2026-05-11,S03,P09,1,18.00,银行卡
ORD100759,2026-05-07,S02,P04,1,38.00,银行卡
ORD109765,2026-07-16,S02,P05,2,68.00,支付宝
ORD106481,2026-06-21,S02,P18,2,36.00,会员储值
ORD106436,2026-06-21,S01,P01,3,96.00,现金
ORD104200,2026/06/04,S05,P02,3,90.00,银行卡
ORD111409,2026-07-27,S04,P12,2,16.00,会员储值
ORD110888,2026-07-24,S05,P01,1,32.00,支付宝
ORD106424,2026-06-21,S01,P02,4,120.00,微信
ORD109000,2026-07-10,S05,P11,2,52.00,支付宝
ORD111018,2026-07-25,S04,P20,2,44.00,微信
ORD100578,2026-05-05,S02,P06,1,42.00,微信
ORD107070,2026-06-26,S05,P17,1,12.00,现金
ORD107330,2026-06-27,S05,P18,2,36.00,会员储值
ORD104037,2026-06-02,S02,P03,1,26.00,支付宝
ORD102636,2026-05-22,S04,P15,2,12.00,银行卡
ORD102645,2026-05-23,S05,P01,2,64.00,会员储值
ORD104022,2026-06-02,S02,P16,3,15.00,支付宝
ORD100767,2026-05-07,S02,P09,3,54.00,支付宝
ORD109814,2026-07-16,S03,P11,1,26.00,支付宝
ORD110507,2026-07-21,S01,P18,2,36.00,支付宝
ORD111523,2026-07-28,S05,P16,1,5.00,支付宝
ORD108528,2026-07-07,S05,P12,2,16.00,微信
ORD103835,2026-05-31,S01,P01,1,32.00,支付宝
ORD110444,2026-07-20,S03,P01,1,32.00,银行卡
ORD103116,2026-05-26,S03,P08,1,25.00,现金
ORD101626,2026-05-14,S02,P09,2,36.00,现金
ORD110212,2026-07-19,S01,P18,1,,支付宝
ORD102682,2026-05-23,S02,P14,1,10.00,银行卡
ORD105295,2026-06-12,S01,P05,1,34.00,现金
ORD103471,2026-05-29,S05,P08,1,25.00,会员储值
ORD110018,2026-07-17,S05,P18,1,18.00,会员储值
ORD106270,2026/06/20,S01,P17,1,12.00,银行卡
ORD103077,2026-05-25,S05,P11,3,78.00,会员储值
ORD104446,2026-06-06,S01,P10,1,24.00,会员储值
ORD105382,2026-06-13,S01,P08,1,25.00,银行卡
ORD105483,2026-06-13,S05,P01,1,32.00,会员储值
ORD103018,2026-05-25,S02,P12,1,8.00,现金
ORD111410,2026-07-27,S02,P04,2,76.00,会员储值
ORD105755,2026-06-15,S04,P15,1,6.00,现金
ORD101990,2026-05-16,S02,P15,1,6.00,支付宝
ORD109907,2026-07-17,S02,P01,2,64.00,银行卡
ORD108770,2026-07-08,S05,P06,2,84.00,现金
ORD105546,2026-06-14,S05,P18,1,18.00,现金
ORD101986,2026-05-16,S02,P07,1,22.00,会员储值
ORD110396,2026-07-20,S04,P17,1,12.00,支付宝
ORD102328,2026-05-20,S01,P20,1,22.00,微信
ORD109647,2026-07-15,S04,P16,1,5.00,现金
ORD105664,2026-06-14,S03,P19,1,15.00,微信
ORD104964,2026-06-09,S05,P15,1,6.00,银行卡
ORD102399,2026-05-20,S04,P08,3,75.00,会员储值
ORD106208,2026-06-20,S03,P11,1,26.00,现金
ORD104861,2026-06-08,S03,P02,1,30.00,银行卡
ORD111505,2026-07-27,S01,P14,2,20.00,支付宝
ORD110408,2026-07-20,S03,P17,1,12.00,微信
ORD104705,2026-06-07,S05,P20,1,22.00,会员储值
ORD101824,2026-05-15,S01,P07,1,22.00,会员储值
ORD105393,2026-06-13,S02,P14,1,10.00,会员储值
ORD110156,2026-07-18,S01,P08,4,100.00,支付宝
ORD106319,2026/06/20,S02,P09,1,18.00,微信
ORD103243,2026-05-27,S03,P02,2,60.00,银行卡
ORD110600,2026-07-21,S02,P14,1,,微信
ORD111081,2026-07-25,S05,P20,2,44.00,微信
ORD100922,2026-05-08,S05,P20,1,22.00,支付宝
ORD105689,2026-06-15,S04,P10,2,48.00,银行卡
ORD107896,2026-07-02,S05,P01,1,32.00,现金
ORD104974,2026-06-09,S02,P08,1,25.00,支付宝
ORD111909,2026-07-31,S01,P04,3,114.00,支付宝
ORD104832,2026-06-08,S01,P03,1,26.00,会员储值
ORD111598,2026-07-28,S05,P11,1,26.00,现金
ORD107617,2026-06-29,S05,P01,1,32.00,支付宝
ORD111673,2026-07-29,S05,P13,1,20.00,微信
ORD106756,2026-06-22,S04,P13,2,40.00,微信
ORD110121,2026-07-18,S04,P20,2,44.00,银行卡
ORD109314,2026-07-12,S01,P07,1,22.00,会员储值
ORD104692,2026-06-07,S03,P18,2,36.00,会员储值
ORD111276,2026-07-26,S01,P06,1,42.00,银行卡
ORD108600,2026-07-07,S03,P15,1,6.00,支付宝
ORD104364,2026-06-05,S03,P04,1,38.00,银行卡
ORD108483,2026-07-06,S04,P11,1,26.00,银行卡
ORD108938,2026-07-10,S03,P04,2,76.00,银行卡
ORD103669,2026-05-30,S05,P17,2,24.00,微信
ORD101024,2026-05-09,S05,P19,1,15.00,微信
ORD105528,2026-06-13,S02,P09,2,36.00,微信
ORD109469,2026-07-13,S03,P09,3,54.00,会员储值
ORD102543,2026-05-22,S03,P10,2,48.00,支付宝
ORD103635,2026-05-30,S02,P08,1,25.00,微信
ORD111764,2026-07-30,S04,P10,1,24.00,现金
ORD105799,2026-06-16,S02,P09,2,36.00,会员储值
ORD107952,2026-07-02,S02,P01,1,32.00,现金
ORD104261,2026-06-04,S04,P15,3,18.00,会员储值
ORD103390,2026-05-28,S04,P02,2,60.00,支付宝
ORD100398,2026-05-03,S02,P09,3,54.00,现金
ORD107065,2026-06-25,S01,P17,2,24.00,会员储值
ORD104498,2026-06-06,S01,P20,1,22.00,支付宝
ORD100774,2026-05-07,S03,P16,1,5.00,支付宝
ORD107467,2026-06-28,S02,P13,1,20.00,现金
ORD104357,2026-06-05,S05,P10,1,24.00,微信
ORD109532,2026-07-13,S02,P09,2,36.00,微信
ORD102537,2026-05-21,S04,P17,1,12.00,支付宝
ORD105049,2026-06-10,S03,P13,2,40.00,银行卡
ORD107053,2026-06-25,S02,P16,3,15.00,微信
ORD105472,2026-06-13,S03,P14,3,30.00,现金
ORD102525,2026-05-21,S01,P08,1,25.00,微信
ORD108325,2026-07-05,S02,P14,1,10.00,现金
ORD106835,2026-06-23,S05,P19,1,15.00,银行卡
ORD111135,2026-07-25,S05,P09,2,36.00,支付宝
ORD104601,2026-06-07,S03,P04,2,76.00,现金
ORD110734,2026-07-22,S01,P11,1,26.00,支付宝
ORD103950,2026-06-01,S03,P05,1,34.00,会员储值
ORD108818,2026-07-09,S04,P10,1,24.00,微信
ORD104381,2026-06-06,S03,P17,2,24.00,支付宝
ORD105680,2026-06-15,S04,P16,2,10.00,微信
ORD104695,2026-06-07,S04,P18,4,72.00,微信
ORD108559,2026-07-07,S01,P10,1,24.00,会员储值
ORD100373,2026-05-03,S03,P11,3,78.00,现金
ORD110885,2026-07-24,S02,P14,1,10.00,现金
ORD100174,2026-05-02,S02,P08,2,50.00,银行卡
ORD103104,2026-05-25,S01,P04,3,114.00,会员储值
ORD107002,2026-06-25,S01,P16,1,5.00,现金
ORD110783,2026-07-23,S05,P06,1,42.00,支付宝
ORD111024,2026-07-25,S05,P15,1,6.00,会员储值
ORD107402,2026-06-28,S01,P02,3,90.00,支付宝
ORD101389,2026-05-11,S04,P01,2,64.00,微信
ORD107074,2026-06-26,S02,P01,1,32.00,现金
ORD107263,2026-06-27,S03,P02,1,30.00,银行卡
ORD103149,2026-05-26,S02,P20,1,22.00,微信
ORD100741,2026-05-06,S01,P07,1,22.00,支付宝
ORD111559,2026-07-28,S04,P19,1,15.00,会员储值
ORD103420,2026-05-28,S04,P01,2,64.00,现金
ORD108471,2026-07-06,S05,P06,1,42.00,会员储值
ORD107984,2026-07-03,S01,P10,1,24.00,会员储值
ORD103520,2026-05-29,S02,P01,2,64.00,会员储值
ORD103312,2026-05-27,S02,P19,1,15.00,会员储值
ORD104226,2026-06-04,S04,P03,1,26.00,银行卡
ORD109817,2026-07-16,S01,P19,2,30.00,银行卡
ORD106733,2026-06-22,S01,P12,3,24.00,银行卡
ORD102301,2026-05-19,S02,P09,2,36.00,银行卡
ORD102526,2026-05-21,S01,P03,2,52.00,现金
ORD102305,2026-05-19,S02,P13,4,80.00,银行卡
ORD100020,2026-05-01,S01,P04,1,38.00,微信
ORD107190,2026-06-27,S02,P04,1,38.00,银行卡
ORD110551,2026-07-21,S02,P12,1,8.00,支付宝
ORD106986,2026-06-25,S01,P07,2,44.00,现金
ORD107202,2026-06-27,S01,P15,3,18.00,现金
ORD103452,2026-05-28,S05,P01,2,64.00,银行卡
ORD104602,2026-06-07,S02,P12,1,8.00,银行卡
ORD104781,2026-06-07,S04,P18,1,18.00,微信
ORD100491,2026-05-04,S01,P03,3,78.00,现金
ORD110987,2026-07-24,S05,P08,1,25.00,银行卡
ORD100680,2026-05-06,S04,P19,2,30.00,会员储值
ORD109754,2026-07-15,S03,P05,1,34.00,会员储值
ORD103508,2026-05-29,S04,P05,2,68.00,支付宝
ORD110179,2026-07-19,S03,P11,1,26.00,支付宝
ORD107276,2026-06-27,S05,P08,3,75.00,会员储值
ORD102812,2026-05-24,S02,P09,1,18.00,银行卡
ORD108869,2026-07-09,S03,P99,2,30.00,支付宝
ORD107635,2026-06-30,S05,P05,1,34.00,支付宝
ORD107742,2026-07-01,S03,P20,3,66.00,支付宝
ORD101127,2026-05-09,S04,P08,1,25.00,支付宝
ORD104409,2026-06-06,S01,P03,1,26.00,微信
ORD109629,2026-07-14,S05,P08,2,50.00,微信
ORD110501,2026-07-21,S03,P17,2,24.00,会员储值
ORD110425,2026-07-20,S02,P13,1,20.00,会员储值
ORD106811,2026-06-23,S03,P07,1,22.00,微信
ORD105610,2026-06-14,S05,P06,2,84.00,会员储值
ORD100466,2026-05-04,S03,P20,1,22.00,支付宝
ORD101852,2026-05-16,S01,P04,2,76.00,现金
ORD100201,2026-05-02,S01,P19,2,30.00,现金
ORD103868,2026-05-31,S01,P01,1,32.00,会员储值
ORD107982,2026-07-03,S01,P18,3,54.00,支付宝
ORD104806,2026-06-08,S04,P12,2,16.00,现金
ORD101508,2026-05-13,S03,P08,1,25.00,微信
ORD105964,2026-06-17,S01,P17,1,12.00,支付宝
ORD107976,2026-07-03,S01,P06,2,84.00,会员储值
ORD102155,2026-05-18,S05,P06,1,42.00,会员储值
ORD109702,2026-07-15,S02,P10,2,48.00,支付宝
ORD108584,2026-07-07,S04,P13,1,20.00,微信
ORD104694,2026-06-07,S05,P10,2,48.00,银行卡
ORD101553,2026-05-13,S02,P08,2,50.00,微信
ORD102959,2026-05-24,S03,P04,1,38.00,会员储值
ORD108775,2026-07-09,S04,P03,1,26.00,支付宝
ORD111900,2026-07-30,S05,P12,2,16.00,现金
ORD102662,2026/05/23,S04,P02,3,90.00,会员储值
ORD110716,2026-07-22,S05,P02,2,60.00,现金
ORD100266,2026-05-02,S03,P07,1,22.00,会员储值
ORD108601,2026-07-07,S01,P20,1,22.00,会员储值
ORD111009,2026-07-25,S01,P14,2,20.00,现金
ORD111733,2026-07-29,S02,P04,2,76.00,现金
ORD102595,2026-05-22,S02,P01,3,96.00,微信
ORD100273,2026-05-02,S02,P18,1,18.00,支付宝
ORD110154,2026-07-18,S05,P20,4,88.00,现金
ORD101230,2026-05-10,S02,P18,3,54.00,微信
ORD105246,2026-06-11,S01,P20,4,88.00,会员储值
ORD106149,2026-06-19,S02,P02,2,60.00,会员储值
ORD107349,2026-06-28,S04,P19,1,15.00,微信
ORD102839,2026-05-24,S03,P10,2,48.00,微信
ORD102705,2026-05-23,S04,P17,1,12.00,微信
ORD103775,2026-05-31,S01,P06,2,84.00,银行卡
ORD106283,2026-06-20,S03,P03,2,52.00,会员储值
ORD104868,2026-06-08,S04,P11,2,52.00,微信
ORD101702,2026-05-14,S01,P03,1,26.00,现金
ORD111628,2026-07-29,S02,P03,2,52.00,银行卡
ORD106300,2026-06-20,S03,P06,1,42.00,现金
ORD112027,2026-07-31,S01,P06,2,84.00,微信
ORD109205,2026-07-12,S05,P17,1,12.00,支付宝
ORD100388,2026-05-03,S04,P08,1,25.00,支付宝
ORD109865,2026-07-16,S02,P20,1,22.00,支付宝
ORD104331,2026-06-05,S05,P01,2,64.00,支付宝
ORD103038,2026-05-25,S02,P15,1,6.00,微信
ORD103763,2026-05-31,S05,P20,1,22.00,会员储值
ORD110732,2026-07-22,S05,P04,1,38.00,微信
ORD103274,2026-05-27,S03,P11,1,26.00,支付宝
ORD101031,2026-05-09,S04,P11,3,78.00,银行卡
ORD100944,2026-05-08,S05,P08,1,25.00,会员储值
ORD110580,2026-07-21,S03,P11,2,52.00,微信
ORD109147,11-07-2026,S01,P16,1,5.00,银行卡
ORD107989,2026-07-03,S05,P15,2,12.00,银行卡
ORD105803,2026-06-16,S05,P17,1,12.00,银行卡
ORD109431,2026-07-13,S02,P20,4,88.00,微信
ORD109414,2026-07-13,S04,P14,1,10.00,现金
ORD106679,2026-06-22,S02,P09,1,18.00,支付宝
ORD100875,2026-05-08,S01,P07,1,22.00,会员储值
ORD105435,2026-06-13,S04,P12,2,16.00,现金
ORD109631,14-07-2026,S01,P16,3,15.00,现金
ORD101811,2026-05-15,S05,P09,2,36.00,会员储值
ORD108301,2026-07-05,S01,P03,1,26.00,银行卡
ORD105944,2026-06-17,S02,P17,1,,支付宝
ORD104870,2026-06-08,S01,P12,1,8.00,微信
ORD108660,2026-07-08,S01,P17,2,24.00,支付宝
ORD109565,2026-07-14,S03,P01,1,32.00,会员储值
ORD103429,2026-05-28,S02,P16,1,5.00,支付宝
ORD111132,2026-07-25,S04,P05,2,68.00,银行卡
ORD104034,2026-06-02,S02,P02,1,30.00,微信
ORD106785,2026-06-23,S05,P07,4,88.00,银行卡
ORD103538,2026-05-29,S03,P09,1,18.00,现金
ORD104619,2026-06-07,S02,P14,2,20.00,现金
ORD106447,2026-06-21,S02,P15,2,12.00,支付宝
ORD105257,2026-06-12,S04,P20,1,22.00,微信
ORD105503,2026-06-13,S04,P11,1,26.00,微信
ORD101159,2026-05-10,S01,P03,2,52.00,会员储值
ORD100206,2026-05-02,S01,P04,2,76.00,现金
ORD108859,2026-07-09,S01,P09,2,36.00,微信
ORD103637,2026-05-30,S02,P13,1,20.00,会员储值
ORD103424,2026-05-28,S03,P16,1,5.00,银行卡
ORD106508,2026-06-21,S05,P17,1,12.00,银行卡
ORD104223,2026-06-04,S03,P09,1,18.00,会员储值
ORD100240,2026-05-02,S05,P05,1,34.00,微信
ORD109857,2026-07-16,S01,P17,1,12.00,微信
ORD101453,2026-05-12,S04,P19,1,15.00,银行卡
ORD106408,2026-06-20,S01,P18,2,36.00,会员储值
ORD105194,2026-06-11,S03,P06,1,42.00,支付宝
ORD103899,2026-06-01,S02,P04,3,114.00,会员储值
ORD101931,2026-05-16,S03,P03,2,52.00,现金
ORD108100,2026-07-04,S04,P03,1,26.00,会员储值
ORD107345,2026-06-28,S03,P04,1,38.00,微信
ORD108274,2026-07-05,S05,P18,3,54.00,银行卡
ORD104887,2026-06-08,S03,P18,3,54.00,支付宝
ORD111379,2026-07-26,S02,P14,1,10.00,微信
ORD101076,2026-05-09,S01,P06,1,42.00,会员储值
ORD107508,2026-06-29,S03,P15,1,6.00,微信
ORD103408,2026-05-28,S05,P05,1,34.00,支付宝
ORD108268,2026-07-05,S03,P02,1,30.00,支付宝
ORD100543,2026-05-04,S05,P10,2,48.00,现金
ORD109874,2026-07-17,S02,P12,1,8.00,银行卡
ORD106509,2026-06-21,S04,P19,3,45.00,会员储值
ORD108696,2026-07-08,S02,P14,2,20.00,支付宝
ORD110563,2026-07-21,S04,P11,1,26.00,现金
ORD108926,2026-07-10,S03,P20,1,22.00,会员储值
ORD100419,2026-05-03,S01,P20,2,44.00,现金
ORD106505,2026-06-21,S03,P17,1,12.00,银行卡
ORD103233,2026-05-27,S04,P11,1,26.00,现金
ORD111412,2026-07-27,S04,P18,2,36.00,支付宝
ORD102522,2026-05-21,S04,P12,1,8.00,微信
ORD106700,2026-06-22,S01,P19,1,15.00,微信
ORD100462,2026-05-04,S01,P12,3,24.00,微信
ORD111017,2026-07-25,S01,P17,1,12.00,现金
ORD107595,2026-06-29,S01,P07,2,44.00,银行卡
ORD110181,2026-07-19,S01,P03,2,52.00,银行卡
ORD109598,2026-07-14,S02,P16,1,5.00,现金
ORD110591,2026-07-21,S03,P17,1,12.00,支付宝
ORD105925,2026-06-17,S02,P20,1,22.00,现金
ORD107289,2026-06-27,S04,P10,3,72.00,现金
ORD107351,2026-06-28,S03,P15,2,12.00,现金
ORD102848,2026-05-24,S05,P20,2,44.00,支付宝
ORD108545,2026-07-07,S02,P06,1,42.00,现金
ORD105001,2026-06-09,S05,P10,1,24.00,支付宝
ORD102801,2026-05-23,S03,P18,1,18.00,微信
ORD100845,2026-05-07,S03,P16,2,10.00,银行卡
ORD104699,2026-06-07,S05,P13,2,40.00,银行卡
ORD104315,2026-06-05,S01,P04,2,76.00,现金
ORD110397,2026-07-20,S03,P19,2,30.00,会员储值
ORD106967,2026-06-24,S05,P12,1,8.00,支付宝
ORD110625,2026-07-22,S03,P01,1,32.00,现金
ORD104049,2026-06-02,S05,P01,3,96.00,支付宝
ORD107770,2026-07-01,S04,P02,1,30.00,银行卡
ORD104932,2026-06-09,S02,P06,1,42.00,支付宝
ORD103138,2026-05-26,S05,P03,4,104.00,微信
ORD107632,2026-06-29,S02,P09,2,36.00,会员储值
ORD106225,2026-06-20,S05,P02,1,,现金
ORD104838,2026-06-08,S03,P01,1,32.00,银行卡
ORD103444,2026-05-28,S05,P09,1,18.00,支付宝
ORD109358,2026-07-12,S05,P19,3,45.00,会员储值
ORD101250,2026-05-10,S05,P07,1,22.00,银行卡
ORD104068,2026-06-02,S03,P15,1,6.00,银行卡
ORD106701,2026-06-22,S05,P18,1,18.00,微信
ORD103555,2026-05-30,S02,P16,2,10.00,支付宝
ORD107788,2026-07-01,S01,P14,3,30.00,现金
ORD100913,2026-05-08,S01,P11,1,26.00,银行卡
ORD107024,2026-06-25,S04,P20,1,22.00,现金
ORD104637,2026-06-07,S04,P16,2,10.00,现金
ORD108352,2026-07-05,S02,P17,1,12.00,银行卡
ORD105471,2026-06-13,S01,P20,2,44.00,会员储值
ORD102000,2026-05-17,S02,P15,2,12.00,支付宝
ORD101313,2026-05-11,S01,P06,4,168.00,支付宝
ORD101678,2026-05-14,S01,P13,1,20.00,支付宝
ORD107401,2026-06-28,S01,P06,2,84.00,会员储值
ORD104952,2026-06-09,S04,P04,1,38.00,会员储值
ORD106398,2026-06-20,S02,P08,1,25.00,会员储值
ORD107933,2026-07-02,S03,P06,2,84.00,银行卡
ORD108133,2026-07-04,S04,P10,3,72.00,会员储值
ORD101858,2026-05-16,S02,P05,2,68.00,微信
ORD110761,2026-07-23,S05,P07,4,88.00,现金
ORD104382,2026-06-06,S04,P20,2,44.00,现金
ORD102400,2026-05-20,S04,P14,1,10.00,银行卡
ORD100254,2026-05-02,S03,P03,1,26.00,会员储值
ORD108701,2026-07-08,S03,P14,1,10.00,支付宝
ORD107373,2026-06-28,S04,P13,1,20.00,微信
ORD103696,2026-05-30,S03,P02,3,90.00,银行卡
ORD111490,2026-07-27,S04,P05,2,68.00,银行卡
ORD110229,2026-07-19,S05,P05,1,34.00,现金
ORD109517,2026-07-13,S04,P12,1,8.00,支付宝
ORD100606,2026-05-05,S04,P10,2,48.00,微信
ORD102479,2026-05-21,S05,P04,2,76.00,微信
ORD100169,2026-05-02,S02,P03,1,26.00,微信
ORD106211,2026-06-20,S05,P05,2,68.00,会员储值
ORD100278,2026-05-02,S04,P10,1,24.00,支付宝
ORD103323,2026-05-27,S03,P11,4,104.00,微信
ORD100772,2026-05-07,S02,P01,1,32.00,现金
ORD109033,2026-07-10,S05,P11,2,52.00,银行卡
ORD111492,2026-07-27,S02,P01,1,32.00,银行卡
ORD105085,2026-06-10,S02,P13,1,20.00,支付宝
ORD102277,2026-05-19,S02,P17,2,24.00,银行卡
ORD101351,2026-05-11,S01,P20,3,¥66.00,银行卡
ORD110603,2026-07-21,S01,P11,1,26.00,现金
ORD104940,2026-06-09,S02,P07,1,22.00,银行卡
ORD109296,2026-07-12,S02,P19,3,45.00,银行卡
ORD108884,2026-07-09,S04,P10,1,24.00,银行卡
ORD105716,2026-06-15,S02,P02,1,30.00,支付宝
ORD104167,2026-06-03,S04,P16,1,5.00,现金
ORD107602,2026-06-29,S04,P01,2,64.00,会员储值
ORD101581,2026-05-13,S03,P12,2,16.00,支付宝
ORD108667,2026-07-08,S03,P13,3,60.00,会员储值
ORD100338,2026-05-03,S01,P15,1,6.00,现金
ORD102278,2026-05-19,S02,P09,1,18.00,银行卡
ORD105118,2026-06-10,S02,P09,2,36.00,支付宝
ORD101735,2026-05-15,S04,P05,1,34.00,支付宝
ORD103596,2026-05-30,S02,P02,1,30.00,支付宝
ORD103609,2026-05-30,S03,P09,1,18.00,微信
ORD102862,2026-05-24,S03,P11,1,26.00,银行卡
ORD100183,2026-05-02,S02,P12,1,8.00,支付宝
ORD105334,2026-06-12,S02,P02,2,60.00,现金
ORD100610,2026-05-05,S04,P17,1,12.00,微信
ORD110213,2026/07/19,S04,P09,1,18.00,微信
ORD110802,2026-07-23,S03,P16,2,10.00,支付宝
ORD103125,2026-05-26,S03,P19,2,30.00,银行卡
ORD105857,2026-06-16,S04,P08,4,100.00,支付宝
ORD105769,2026-06-15,S05,P11,1,26.00,现金
ORD110844,2026-07-24,S01,P05,4,136.00,微信
ORD108951,2026-07-10,S05,P18,1,18.00,银行卡
ORD101424,2026-05-12,S04,P11,1,26.00,支付宝
ORD110191,2026-07-19,S02,P04,3,114.00,银行卡
ORD106629,2026-06-22,S04,P13,1,20.00,银行卡
ORD107258,2026-06-27,S05,P20,1,22.00,支付宝
ORD110242,2026-07-19,S01,P17,1,12.00,现金
ORD103702,2026-05-30,S01,P16,1,5.00,银行卡
ORD109149,2026-07-11,S03,P15,1,6.00,支付宝
ORD103779,2026-05-31,S05,P16,1,5.00,银行卡
ORD106972,2026-06-24,S04,P04,1,38.00,支付宝
ORD103384,2026-05-28,S04,P20,1,22.00,支付宝
ORD100529,2026-05-04,S02,P08,3,75.00,银行卡
ORD109430,2026-07-13,S03,P14,2,20.00,支付宝
ORD101211,2026-05-10,S03,P02,1,30.00,支付宝
ORD107494,2026-06-28,S03,P20,3,66.00,支付宝
ORD106573,2026-06-21,S04,P20,2,44.00,微信
ORD111886,2026-07-30,S04,P03,3,78.00,支付宝
ORD101966,2026-05-16,S01,P02,3,90.00,银行卡
ORD100561,2026-05-04,S01,P09,3,54.00,现金
ORD102142,2026-05-18,S01,P14,1,10.00,会员储值
ORD102471,2026-05-21,S01,P16,1,5.00,会员储值
ORD107588,2026-06-29,S02,P17,1,12.00,支付宝
ORD111479,2026-07-27,S05,P05,1,34.00,银行卡
ORD102153,2026-05-18,S01,P02,2,60.00,支付宝
ORD100531,2026-05-04,S01,P11,4,104.00,微信
ORD104291,2026-06-05,S04,P02,1,30.00,现金
ORD111577,2026-07-28,S01,P12,2,16.00,会员储值
ORD109408,2026-07-13,S04,P01,3,96.00,微信
ORD105491,2026-06-13,S03,P03,2,52.00,现金
ORD106476,2026-06-21,S03,P13,3,60.00,会员储值
ORD111208,2026-07-26,S02,P14,1,10.00,现金
ORD101771,2026-05-15,S05,P20,1,22.00,支付宝
ORD107013,2026-06-25,S04,P15,1,6.00,银行卡
ORD104535,2026-06-06,S05,P05,1,34.00,银行卡
ORD102207,2026-05-18,S01,P16,4,20.00,现金
ORD109724,2026/07/15,S03,P19,1,15.00,支付宝
ORD104047,2026-06-02,S04,P17,1,12.00,会员储值
ORD109075,2026-07-11,S01,P16,1,5.00,现金
ORD110589,2026-07-21,S04,P06,2,84.00,银行卡
ORD111318,2026-07-26,S04,P19,3,45.00,微信
ORD107181,2026-06-26,S02,P15,1,6.00,支付宝
ORD108271,2026-07-05,S03,P02,1,,会员储值
ORD103537,2026-05-29,S04,P11,1,26.00,微信
ORD106072,2026-06-18,S02,P04,2,76.00,微信
ORD104009,2026-06-02,S02,P09,1,18.00,银行卡
ORD100549,2026-05-04,S04,P01,2,64.00,银行卡
ORD107052,2026-06-25,S04,P15,3,18.00,微信
ORD102694,2026-05-23,S03,P09,1,18.00,微信
ORD102796,2026-05-23,S01,P02,3,90.00,银行卡
ORD100100,2026-05-01,S01,P06,1,42.00,微信
ORD108013,2026-07-03,S03,P17,1,12.00,会员储值
ORD104584,2026-06-07,S02,P06,1,42.00,银行卡
ORD110207,2026-07-19,S05,P15,2,12.00,支付宝
ORD102199,2026-05-18,S02,P06,1,42.00,微信
ORD112024,2026-07-31,S02,P04,2,76.00,现金
ORD106018,2026-06-18,S03,P04,1,38.00,微信
ORD104488,2026-06-06,S01,P06,1,42.00,现金
ORD103901,2026-06-01,S01,P16,1,5.00,微信
ORD104180,2026-06-03,S04,P06,1,42.00,会员储值
ORD104790,2026-06-07,S05,P04,1,38.00,现金
ORD107045,2026-06-25,S03,P08,1,25.00,微信
ORD100535,2026-05-04,S05,P06,1,42.00,银行卡
ORD108065,2026-07-03,S05,P14,1,10.00,银行卡
ORD107443,2026-06-28,S01,P11,1,26.00,银行卡
ORD110080,2026-07-18,S01,P07,1,22.00,支付宝
ORD102700,2026-05-23,S02,P16,1,5.00,会员储值
ORD102004,2026-05-17,S03,P03,2,52.00,现金
ORD105068,2026-06-10,S01,P18,1,18.00,支付宝
ORD109473,2026-07-13,S05,P14,2,20.00,微信
ORD109967,2026-07-17,S03,P16,3,15.00,支付宝
ORD104984,2026-06-09,S03,P19,2,30.00,银行卡
ORD105115,2026-06-10,S02,P12,4,32.00,支付宝
ORD109024,2026-07-10,S01,P01,1,32.00,会员储值
ORD110826,2026-07-23,S04,P09,3,54.00,支付宝
ORD103773,2026-05-31,S01,P15,1,6.00,微信
ORD104152,2026-06-03,S01,P13,1,20.00,会员储值
ORD104933,2026-06-09,S05,P15,2,12.00,支付宝
ORD100755,2026-05-07,S03,P05,2,68.00,现金
ORD102691,2026-05-23,S03,P12,1,8.00,银行卡
ORD107088,2026-06-26,S01,P08,2,50.00,微信
ORD100649,2026-05-05,S04,P20,1,22.00,银行卡
ORD100859,2026-05-07,S01,P04,1,38.00,会员储值
ORD110332,2026-07-19,S01,P13,2,40.00,支付宝
ORD111429,2026-07-27,S03,P10,2,48.00,支付宝
ORD110475,2026-07-21,S05,P15,2,12.00,会员储值
ORD103532,2026-05-29,S03,P20,1,22.00,银行卡
ORD100077,2026-05-01,S04,P15,2,12.00,银行卡
ORD104075,2026-06-02,S01,P06,1,42.00,支付宝
ORD101318,2026-05-11,S05,P05,1,34.00,支付宝
ORD106572,2026-06-21,S03,P01,1,¥32.00,会员储值
ORD111612,2026-07-28,S01,P01,1,32.00,会员储值
ORD109748,2026-07-15,S03,P07,3,66.00,微信
ORD105605,2026-06-14,S05,P10,1,24.00,微信
ORD105600,2026-06-14,S03,P03,1,26.00,银行卡
ORD108616,2026-07-07,S01,P13,3,60.00,现金
ORD105606,2026-06-14,S04,P09,1,18.00,支付宝
ORD107128,2026-06-26,S01,P18,1,18.00,会员储值
ORD101909,2026-05-16,S05,P16,2,10.00,微信
ORD101436,2026-05-12,S02,P12,3,24.00,支付宝
ORD100567,2026-05-04,S04,P16,1,5.00,银行卡
ORD102712,2026-05-23,S04,P17,2,24.00,支付宝
ORD109093,2026-07-11,S01,P07,2,44.00,银行卡
ORD111695,2026-07-29,S03,P03,1,26.00,现金
ORD104892,2026-06-08,S02,P16,1,5.00,微信
ORD110422,2026-07-20,S04,P07,1,22.00,银行卡
ORD109694,2026-07-15,S01,P12,1,8.00,微信
ORD110400,2026-07-20,S04,P11,1,26.00,会员储值
ORD107781,2026-07-01,S05,P12,1,8.00,支付宝
ORD104341,2026-06-05,S04,P13,1,20.00,现金
ORD105927,2026-06-17,s01,P09,1,18.00,会员储值
ORD104485,2026-06-06,S05,P17,1,12.00,微信
ORD109498,2026-07-13,S04,P19,3,45.00,微信
ORD103365,2026-05-28,S03,P01,2,64.00,微信
ORD105619,2026-06-14,S03,P02,1,30.00,会员储值
ORD103329,2026-05-27,S03,P12,2,16.00,支付宝
ORD100448,2026-05-03,S02,P09,1,18.00,微信
ORD102555,2026-05-22,S03,P16,3,15.00,支付宝
ORD108862,2026-07-09,S01,P02,2,60.00,支付宝
ORD111158,2026-07-25,S05,P14,1,10.00,支付宝
ORD108414,2026-07-06,S02,P12,1,8.00,支付宝
ORD108840,2026-07-09,S01,P08,3,75.00,会员储值
ORD109203,2026-07-12,S05,P18,2,36.00,支付宝
ORD111641,2026-07-29,S05,P03,3,78.00,现金
ORD102623,2026-05-22,S01,P01,1,32.00,会员储值
ORD102763,2026-05-23,S05,P14,2,20.00,现金
ORD108265,2026-07-05,S01,P04,1,38.00,银行卡
ORD110164,2026/07/18,S03,P12,1,8.00,会员储值
ORD100739,2026-05-06,S03,P15,1,6.00,支付宝
ORD109090,2026-07-11,S03,P13,3,60.00,会员储值
ORD109327,2026-07-12,S04,P15,3,18.00,银行卡
ORD106118,2026-06-19,S05,P09,2,36.00,会员储值
ORD106739,22-06-2026,S01,P17,2,24.00,支付宝
ORD109160,2026-07-11,S04,P02,2,60.00,支付宝
ORD100485,2026-05-04,S04,P02,2,60.00,微信
ORD102046,2026-05-17,S03,P01,-1,64.00,会员储值
ORD110508,2026-07-21,S04,P11,2,52.00,支付宝
ORD110721,2026-07-22,S04,P15,2,12.00,会员储值
ORD101744,2026-05-15,S01,P07,1,22.00,会员储值
ORD100079,2026-05-01,S04,P09,3,54.00,会员储值
ORD105725,2026-06-15,S05,P07,1,22.00,会员储值
ORD100033,2026-05-01,S05,P06,1,42.00,银行卡
ORD104507,2026-06-06,S03,P02,1,30.00,现金
ORD105893,2026-06-17,S05,P13,3,60.00,微信
ORD110669,2026-07-22,S03,P01,2,64.00,银行卡
ORD102196,2026-05-18,S04,P13,3,60.00,微信
ORD104317,2026-06-05,S01,P03,1,26.00,会员储值
ORD107145,2026-06-26,S05,P06,1,42.00,现金
ORD101397,2026-05-12,S05,P14,2,20.00,现金
ORD106338,2026-06-20,S03,P08,3,75.00,支付宝
ORD100164,2026-05-02,S05,P09,2,36.00,银行卡
ORD111857,2026-07-30,S03,P04,1,38.00,微信
ORD105709,2026-06-15,S01,P11,2,52.00,现金
ORD106067,2026-06-18,S04,P17,1,12.00,微信
ORD110362,2026-07-20,S01,P12,1,8.00,现金
ORD109405,2026-07-13,S05,P05,1,34.00,现金
ORD108622,2026-07-07,S01,P15,1,6.00,现金
ORD101654,2026-05-14,S05,P03,1,26.00,支付宝
ORD101071,2026-05-09,S02,P17,1,12.00,现金
ORD111415,2026-07-27,S05,P15,2,12.00,微信
ORD102049,2026-05-17,S01,P02,4,120.00,微信
ORD105704,2026-06-15,S02,P03,1,26.00,会员储值
ORD100718,2026-05-06,S05,P02,3,90.00,微信
ORD105197,2026-06-11,S04,P17,2,24.00,会员储值
ORD110936,2026-07-24,S01,P19,1,15.00,支付宝
ORD107735,2026-06-30,S05,P07,1,22.00,支付宝
ORD111296,2026-07-26,S02,P02,4,120.00,会员储值
ORD105829,2026-06-16,S01,P11,1,26.00,支付宝
ORD101610,2026-05-13,S01,P12,1,8.00,现金
ORD103557,2026-05-30,S01,P13,1,20.00,支付宝
ORD107406,2026-06-28,S04,P05,1,34.00,银行卡
ORD104530,2026-06-06,S01,P20,4,88.00,会员储值
ORD100324,2026-05-03,S04,P19,2,30.00,会员储值
ORD100705,2026-05-06,S03,P99,1,18.00,会员储值
ORD102415,2026-05-20,S02,P08,1,25.00,会员储值
ORD105575,2026-06-14,S01,P20,1,22.00,现金
ORD109923,2026-07-17,S02,P19,2,30.00,会员储值
ORD105673,2026-06-14,S01,P09,4,72.00,微信
ORD101544,2026-05-13,S03,P09,2,,支付宝
ORD102275,2026-05-19,S05,P07,3,66.00,支付宝
ORD103433,2026-05-28,S02,P07,2,44.00,现金
ORD108066,2026-07-03,S04,P15,2,12.00,支付宝
ORD107025,2026-06-25,S03,P17,1,12.00,微信
ORD103832,2026-05-31,S03,P11,1,26.00,会员储值
ORD108216,2026-07-04,S03,P01,2,64.00,支付宝
ORD105121,2026-06-10,S01,P09,1,18.00,支付宝
ORD103481,2026-05-29,S04,P20,1,22.00,微信
ORD102329,2026-05-20,S02,P20,1,22.00,支付宝
ORD108815,2026-07-09,S03,P20,1,22.00,会员储值
ORD102570,2026-05-22,S03,P10,1,24.00,现金
ORD105485,2026-06-13,S05,P18,4,72.00,现金
ORD105081,2026-06-10,S04,P15,4,24.00,银行卡
ORD100217,2026-05-02,S05,P05,1,34.00,现金
ORD109338,2026-07-12,S03,P11,1,26.00,现金
ORD110929,2026-07-24,S01,P15,2,12.00,银行卡
ORD110059,2026-07-18,S05,P07,1,22.00,微信
ORD109977,2026-07-17,S03,P05,4,136.00,支付宝
ORD107198,2026-06-27,S01,P02,2,60.00,银行卡
ORD111487,2026-07-27,S03,P02,1,30.00,现金
ORD101879,2026-05-16,S05,P14,1,10.00,支付宝
ORD102359,2026-05-20,S04,P08,3,75.00,现金
ORD101405,2026-05-12,S02,P17,3,36.00,微信
ORD100066,2026-05-01,S05,P05,1,34.00,微信
ORD101215,2026-05-10,S02,P05,3,102.00,现金
ORD110668,2026-07-22,S02,P07,1,22.00,支付宝
ORD106261,2026-06-20,S03,P05,1,34.00,会员储值
ORD103573,2026-05-30,S04,P19,1,15.00,银行卡
ORD110560,2026-07-21,S03,P04,2,76.00,支付宝
ORD101303,2026-05-11,S03,P04,1,38.00,现金
ORD101617,2026-05-14,S01,P05,1,34.00,支付宝
ORD100318,2026-05-03,S05,P01,1,32.00,微信
ORD107843,2026-07-02,S05,P09,1,18.00,现金
ORD104302,2026-06-05,S01,P99,4,104.00,现金
ORD111554,2026-07-28,S01,P05,2,68.00,银行卡
ORD105413,2026-06-13,S05,P04,1,38.00,现金
ORD109835,2026-07-16,S01,P14,3,30.00,会员储值
ORD110114,2026-07-18,S02,P20,2,44.00,现金
ORD100439,2026-05-03,S05,P19,1,15.00,现金
ORD102693,2026-05-23,S05,P04,1,38.00,银行卡
ORD110587,2026-07-21,S05,P11,2,52.00,会员储值
ORD111841,2026-07-30,S03,P10,2,,会员储值
ORD104923,2026-06-09,S01,P09,1,18.00,会员储值
ORD106176,2026-06-19,S01,P11,2,52.00,支付宝
ORD108555,2026-07-07,S01,P11,1,26.00,会员储值
ORD107383,2026-06-28,S01,P05,1,34.00,微信
ORD104277,2026-06-04,S04,P14,1,10.00,现金
ORD103639,2026-05-30,S03,P04,2,76.00,现金
ORD110329,2026-07-19,S04,P15,2,12.00,银行卡
ORD102419,2026-05-20,S03,P04,1,38.00,会员储值
ORD106377,2026-06-20,S02,P01,1,32.00,支付宝
ORD101930,2026-05-16,S05,P10,3,72.00,银行卡
ORD108544,2026-07-07,S04,P99,1,6.00,现金
ORD106711,2026-06-22,S04,P11,4,104.00,支付宝
ORD101205,2026-05-10,S04,P04,1,38.00,现金
ORD108699,2026-07-08,S05,P20,1,22.00,会员储值
ORD106006,2026-06-17,S05,P04,2,76.00,微信
ORD103262,2026-05-27,S02,P11,3,78.00,微信
ORD110182,2026-07-19,S04,P17,3,36.00,支付宝
ORD110335,2026-07-19,S01,P10,2,48.00,会员储值
ORD104205,2026-06-04,S01,P20,1,22.00,银行卡
ORD105400,2026-06-13,S01,P10,1,24.00,银行卡
ORD105701,2026-06-15,S04,P04,1,38.00,会员储值
ORD101885,2026-05-16,S01,P15,1,6.00,现金
ORD109491,2026-07-13,S04,P10,1,24.00,现金
ORD109805,2026-07-16,S03,P11,1,26.00,银行卡
ORD108524,2026-07-07,S02,P01,2,64.00,现金
ORD103662,2026-05-30,S05,P09,1,18.00,现金
ORD106634,2026-06-22,S05,P07,2,44.00,微信
ORD102495,2026-05-21,S03,P19,1,15.00,银行卡
ORD109350,2026-07-12,S05,P02,2,60.00,支付宝
ORD107695,2026-06-30,S05,P09,1,18.00,微信
ORD100638,2026-05-05,S01,P10,1,24.00,会员储值
ORD107309,2026-06-27,S05,P04,1,38.00,银行卡
ORD110084,2026-07-18,S04,P07,2,44.00,会员储值
ORD110353,2026-07-20,S01,P04,3,114.00,会员储值
ORD107020,2026-06-25,S01,P18,1,18.00,会员储值
ORD111096,2026-07-25,S03,P06,2,84.00,银行卡
ORD104616,2026-06-07,S05,P03,1,26.00,银行卡
ORD109109,2026-07-11,S05,P18,3,54.00,支付宝
ORD103574,2026-05-30,S03,P11,2,52.00,会员储值
ORD104489,2026-06-06,S04,P19,1,15.00,现金
ORD106563,2026-06-21,S03,P14,1,10.00,微信
ORD107064,2026-06-25,S02,P01,3,96.00,会员储值
ORD102088,2026-05-17,S04,P19,1,15.00,微信
ORD101375,2026-05-11,S05,P18,1,18.00,现金
ORD111428,2026-07-27,S04,P05,2,68.00,银行卡
ORD111366,2026-07-26,S03,P18,1,18.00,现金
ORD102524,2026-05-21,S03,P03,2,52.00,银行卡
ORD108894,2026-07-09,S01,P10,2,48.00,支付宝
ORD106951,2026-06-24,S02,P08,3,75.00,支付宝
ORD102846,2026-05-24,S01,P16,1,5.00,微信
ORD102611,2026-05-22,S04,P19,3,45.00,微信
ORD105681,2026-06-15,S03,P03,2,52.00,微信
ORD105187,2026-06-11,S05,P11,1,26.00,会员储值
ORD110801,2026-07-23,S01,P05,1,34.00,银行卡
ORD111724,2026-07-29,S04,P03,1,26.00,支付宝
ORD108252,2026-07-05,S05,P11,1,26.00,支付宝
ORD106695,2026-06-22,S03,P05,2,68.00,微信
ORD102891,2026-05-24,S03,P02,1,30.00,支付宝
ORD101905,2026-05-16,S04,P11,1,26.00,现金
ORD102190,2026-05-18,S05,P18,1,18.00,微信
ORD105490,2026-06-13,S05,P19,2,30.00,银行卡
ORD106161,2026-06-19,S05,P14,1,10.00,现金
ORD101411,2026-05-12,S01,P16,1,-5.00,会员储值
ORD108689,2026-07-08,S03,P18,2,36.00,支付宝
ORD104173,2026-06-03,S03,P13,1,20.00,会员储值
ORD108356,2026-07-05,S05,P08,3,75.00,会员储值
ORD108433,2026-07-06,S02,P15,2,12.00,会员储值
ORD100134,2026-05-02,S05,P06,1,42.00,银行卡
ORD110260,2026-07-19,S02,P03,2,52.00,会员储值
ORD104852,2026-06-08,S05,P16,2,10.00,会员储值
ORD106402,2026-06-20,S03,P14,3,30.00,银行卡
ORD100852,2026-05-07,S01,P06,1,42.00,支付宝
ORD108870,2026-07-09,S02,P15,2,12.00,微信
ORD110914,2026-07-24,S02,P13,2,40.00,现金
ORD102448,2026-05-21,S02,P17,1,12.00,现金
ORD108657,2026-07-08,S04,P08,4,100.00,会员储值
ORD107829,2026-07-01,S04,P07,2,44.00,银行卡
ORD106520,2026-06-21,S05,P10,1,24.00,现金
ORD102777,2026-05-23,S02,P06,2,84.00,银行卡
ORD109738,2026-07-15,S03,P06,1,42.00,支付宝
ORD105406,2026-06-13,S04,P12,2,16.00,会员储值
ORD107066,2026-06-25,S02,P17,2,24.00,微信
ORD103065,2026-05-25,S02,P19,1,15.00,支付宝
ORD101105,2026-05-09,S01,P01,2,64.00,会员储值
ORD111079,2026-07-25,S03,P08,1,25.00,会员储值
ORD100923,2026-05-08,S02,P08,2,50.00,银行卡
ORD110217,2026-07-19,S05,P06,3,126.00,银行卡
ORD110509,2026-07-21,S03,P05,1,34.00,会员储值
ORD111166,2026-07-25,S03,P10,2,48.00,现金
ORD105609,2026-06-14,S03,P01,4,128.00,支付宝
ORD101026,2026-05-09,S01,P07,3,66.00,会员储值
ORD103645,2026-05-30,S04,P09,1,18.00,支付宝
ORD106242,2026-06-20,S01,P03,1,26.00,微信
ORD102102,2026-05-17,S02,P20,1,22.00,微信
ORD110994,2026-07-25,S04,P05,2,68.00,微信
ORD101926,2026-05-16,S04,P14,1,10.00,微信
ORD103136,2026-05-26,S04,P05,1,34.00,现金
ORD100281,2026-05-03,S05,P19,2,30.00,微信
ORD104032,2026-06-02,S03,P16,1,5.00,微信
ORD110017,2026-07-17,S05,P01,4,128.00,银行卡
ORD100754,2026-05-07,S02,P08,1,25.00,支付宝
ORD108398,2026-07-05,S05,P12,2,16.00,银行卡
ORD100613,2026-05-05,S03,P15,2,12.00,微信
ORD107585,2026-06-29,S05,P15,1,6.00,现金
ORD101974,2026-05-16,S02,P20,3,66.00,支付宝
ORD106518,2026-06-21,S01,P16,3,15.00,会员储值
ORD103748,2026-05-31,S04,P13,1,20.00,现金
ORD108941,2026-07-10,S04,P07,2,44.00,微信
ORD107963,2026-07-02,S02,P18,1,18.00,银行卡
ORD100005,2026-05-01,S05,P04,3,114.00,支付宝
ORD101108,2026-05-09,S05,P05,4,136.00,支付宝
ORD105131,2026-06-11,S02,P19,2,30.00,会员储值
ORD102214,2026-05-18,S02,P18,1,18.00,会员储值
ORD100679,2026-05-06,S02,P04,1,38.00,会员储值
ORD109122,11-07-2026,S05,P10,3,72.00,银行卡
ORD111547,2026-07-28,S05,P17,4,48.00,会员储值
ORD102402,2026-05-20,S04,P12,2,16.00,银行卡
ORD101240,2026-05-10,S01,P10,1,¥24.00,微信
ORD102603,2026-05-22,S02,P07,2,44.00,支付宝
ORD100637,2026-05-05,S03,P14,3,30.00,微信
ORD110868,2026-07-24,S03,P13,2,40.00,现金
ORD108024,2026-07-03,S03,P10,3,72.00,支付宝
ORD106635,2026-06-22,S04,P20,2,44.00,会员储值
ORD110455,2026-07-21,S05,P15,1,6.00,微信
ORD105703,2026-06-15,S04,P15,1,6.00,会员储值
ORD109660,2026-07-15,S04,P15,2,12.00,现金
ORD109889,2026-07-17,S05,P01,2,64.00,银行卡
ORD102473,2026-05-21,S01,P18,2,36.00,支付宝
ORD101958,2026-05-16,S05,P11,2,52.00,微信
ORD104841,2026-06-08,S05,P12,1,8.00,支付宝
ORD111277,2026-07-26,S05,P18,1,18.00,会员储值
ORD100400,2026-05-03,S01,P01,3,96.00,支付宝
ORD101685,2026-05-14,S04,P19,1,15.00,银行卡
ORD105543,2026-06-14,S01,P15,1,6.00,会员储值
ORD105285,2026-06-12,S05,P05,2,68.00,银行卡
ORD109312,2026-07-12,S03,P06,2,84.00,支付宝
ORD101830,2026-05-16,S03,P03,3,78.00,支付宝
ORD103265,2026-05-27,S04,P08,2,50.00,微信
ORD107692,2026-06-30,S05,P20,1,22.00,现金
ORD111563,2026-07-28,S04,P03,1,26.00,微信
ORD101155,2026-05-10,S03,P10,2,48.00,微信
ORD106253,2026-06-20,S01,P03,1,26.00,会员储值
ORD104981,2026-06-09,S04,P12,2,16.00,微信
ORD101907,2026-05-16,S02,P07,2,44.00,现金
ORD108431,2026-07-06,S02,P06,2,84.00,银行卡
ORD107983,2026-07-03,S03,P18,2,36.00,银行卡
ORD111545,2026-07-28,S01,P02,4,120.00,会员储值
ORD100114,2026-05-02,S02,P18,3,54.00,微信
ORD107745,2026-07-01,S01,P10,2,48.00,微信
ORD101535,2026-05-13,S05,P15,1,6.00,微信
ORD108238,2026-07-04,S02,P15,2,12.00,会员储值
ORD107155,2026-06-26,S01,P14,1,10.00,微信
ORD109587,2026-07-14,S01,P01,3,96.00,银行卡
ORD100980,2026-05-09,S04,P20,2,44.00,银行卡
ORD105698,2026-06-15,S04,P14,1,10.00,支付宝
ORD109053,2026-07-11,S01,P01,1,32.00,微信
ORD100950,2026-05-08,S02,P13,4,80.00,银行卡
ORD100375,2026-05-03,S02,P07,4,88.00,银行卡
ORD101451,2026-05-12,S03,P14,1,10.00,银行卡
ORD111082,2026-07-25,S01,P03,3,78.00,现金
ORD104006,2026-06-02,S02,P04,1,38.00,微信
ORD102986,2026-05-25,S03,P02,3,90.00,银行卡
ORD108627,2026/07/07,S01,P02,4,120.00,会员储值
ORD101152,2026-05-10,S01,P04,1,38.00,银行卡
ORD102704,2026-05-23,S04,P13,2,40.00,微信
ORD111372,2026-07-26,S02,P01,1,32.00,会员储值
ORD108008,2026-07-03,S05,P08,1,25.00,现金
ORD104614,2026-06-07,S02,P10,1,24.00,微信
ORD100035,2026-05-01,S01,P01,1,32.00,微信
ORD108098,2026-07-04,S01,P13,1,20.00,支付宝
ORD103415,2026-05-28,S05,P04,4,152.00,微信
ORD110842,2026-07-24,S04,P18,1,18.00,微信
ORD111308,2026-07-26,S02,P12,1,8.00,微信
ORD107594,2026-06-29,S02,P10,2,48.00,支付宝
ORD108988,2026-07-10,S02,P16,2,10.00,会员储值
ORD101774,2026-05-15,S01,P02,2,60.00,银行卡
ORD104376,2026-06-06,S02,P18,1,18.00,现金
ORD103915,2026-06-01,S02,P14,2,20.00,现金
ORD107189,2026-06-27,S02,P12,1,8.00,银行卡
ORD105935,2026-06-17,S02,P08,3,75.00,银行卡
ORD104997,2026-06-09,S01,P04,2,76.00,微信
ORD102776,2026-05-23,S02,P16,1,5.00,现金
ORD109073,2026-07-11,S04,P16,2,10.00,银行卡
ORD101171,2026-05-10,S04,P10,2,48.00,微信
ORD111767,2026-07-30,S03,P11,2,52.00,会员储值
ORD108200,2026-07-04,S05,P19,3,45.00,微信
ORD101254,2026-05-10,S04,P06,2,84.00,支付宝
ORD106882,2026-06-24,S05,P20,1,22.00,微信
ORD105690,2026-06-15,S01,P07,1,22.00,会员储值
ORD109885,2026/07/17,S03,P13,1,20.00,银行卡
ORD100434,2026-05-03,S02,P05,3,102.00,微信
ORD109730,2026-07-15,S01,P15,2,12.00,现金
ORD107071,2026-06-26,S05,P08,2,50.00,会员储值
ORD105014,2026-06-10,S05,P07,3,66.00,现金
ORD103087,2026-05-25,S02,P16,2,10.00,微信
ORD108145,2026-07-04,S02,P14,2,20.00,会员储值
ORD104246,2026-06-04,S03,P08,2,50.00,支付宝
ORD112000,2026-07-31,S04,P13,2,40.00,微信
ORD102488,2026-05-21,S02,P19,2,30.00,会员储值
ORD102930,2026-05-24,S02,P13,1,20.00,现金
ORD101000,2026-05-09,S02,P17,2,24.00,现金
ORD110039,2026-07-18,S01,P14,1,10.00,微信
ORD109179,2026-07-11,S03,P09,2,36.00,会员储值
ORD111169,2026-07-25,S02,P10,1,24.00,支付宝
ORD109346,2026-07-12,S04,P16,1,5.00,微信
ORD109819,2026-07-16,S03,P08,1,25.00,微信
ORD111850,2026-07-30,S05,P11,3,78.00,支付宝
ORD108447,2026-07-06,S05,P15,1,,会员储值
ORD101619,2026-05-14,S04,P07,1,22.00,支付宝
ORD107662,2026-06-30,S04,P17,1,12.00,支付宝
ORD111173,2026-07-25,S05,P01,1,32.00,银行卡
ORD104635,2026-06-07,S05,P13,3,60.00,现金
ORD104885,2026-06-08,S05,P06,3,126.00,现金
ORD103007,2026-05-25,S05,P18,1,18.00,支付宝
ORD109141,2026-07-11,S03,P15,3,18.00,现金
ORD109926,2026-07-17,S05,P17,1,12.00,微信
ORD104407,2026-06-06,S05,P15,1,6.00,会员储值
ORD104573,2026-06-06,S05,P17,1,12.00,支付宝
ORD104936,2026-06-09,S05,P18,3,54.00,会员储值
ORD102896,2026-05-24,S04,P11,2,52.00,现金
ORD102921,2026-05-24,S03,P05,1,34.00,现金
ORD109838,2026-07-16,S04,P08,1,25.00,会员储值
ORD105227,2026-06-11,S05,P12,1,8.00,支付宝
ORD109772,2026-07-16,S02,P13,2,-40.00,微信
ORD106736,2026-06-22,S02,P19,4,60.00,会员储值
ORD103362,2026-05-28,S04,P16,2,10.00,会员储值
ORD105466,2026-06-13,S05,P01,1,32.00,会员储值
ORD111549,2026-07-28,S03,P15,1,6.00,现金
ORD110282,2026-07-19,S05,P05,1,34.00,会员储值
ORD100429,2026-05-03,S04,P17,1,12.00,现金
ORD108644,2026-07-08,S02,P08,1,25.00,现金
ORD109881,2026-07-17,S04,P20,3,66.00,支付宝
ORD108054,2026-07-03,S04,P19,1,15.00,会员储值
ORD108239,2026-07-04,S01,P19,1,15.00,现金
ORD106012,2026-06-18,S05,P04,1,38.00,银行卡
ORD100141,2026-05-02,S05,P16,1,5.00,会员储值
ORD100263,2026-05-02,S02,P06,1,42.00,现金
ORD100502,2026-05-04,S04,P01,2,-64.00,银行卡
ORD101261,2026-05-10,S02,P20,2,44.00,会员储值
ORD104059,2026-06-02,S03,P18,2,36.00,现金
ORD109087,2026-07-11,S02,P11,1,26.00,支付宝
ORD106895,2026-06-24,S05,P12,1,8.00,会员储值
ORD110204,2026-07-19,S03,P05,1,34.00,微信
ORD111615,2026-07-28,S03,P04,1,38.00,银行卡
ORD106975,2026-06-24,S03,P02,2,60.00,支付宝
ORD100926,2026-05-08,S05,P10,3,72.00,银行卡
ORD107540,2026-06-29,S04,P06,2,84.00,银行卡
ORD101188,2026-05-10,S05,P14,3,30.00,会员储值
ORD103985,2026-06-01,S05,P07,2,44.00,现金
ORD110676,2026-07-22,S02,P13,1,20.00,微信
ORD104175,2026-06-03,S01,P19,1,15.00,会员储值
ORD111642,2026-07-29,S03,P11,1,26.00,会员储值
ORD108412,2026-07-06,S03,P14,2,20.00,银行卡
ORD104214,2026-06-04,S02,P18,2,36.00,会员储值
ORD104798,2026-06-08,S05,P19,2,30.00,银行卡
ORD108825,2026-07-09,S03,P10,2,48.00,支付宝
ORD108027,2026-07-03,S03,P03,1,26.00,现金
ORD111557,2026-07-28,S05,P07,1,22.00,现金
ORD109991,2026-07-17,S02,P19,2,30.00,现金
ORD106036,2026-06-18,S03,P05,2,68.00,支付宝
ORD104886,2026-06-08,S04,P10,1,24.00,银行卡
ORD102830,2026-05-24,S05,P02,1,30.00,现金
ORD110697,2026-07-22,S02,P05,1,34.00,银行卡
ORD105208,2026-06-11,S01,P14,1,10.00,现金
ORD110331,2026-07-19,S02,P03,1,26.00,微信
ORD100172,2026-05-02,S05,P12,1,8.00,微信
ORD106726,2026-06-22,S05,P07,2,44.00,微信
ORD106409,2026-06-20,S03,P01,1,32.00,支付宝
ORD107565,2026-06-29,S05,P10,1,24.00,现金
ORD108117,2026-07-04,S05,P01,1,32.00,微信
ORD104784,2026-06-07,S04,P17,1,12.00,会员储值
ORD101135,2026-05-09,S04,P20,2,44.00,银行卡
ORD109503,2026-07-13,S02,P12,2,16.00,现金
ORD100067,2026-05-01,S01,P15,1,6.00,支付宝
ORD101109,2026-05-09,S03,P12,1,8.00,银行卡
ORD107241,2026-06-27,S01,P10,3,72.00,会员储值
ORD101851,2026-05-16,S01,P11,4,104.00,会员储值
ORD102064,2026-05-17,S05,P13,1,20.00,会员储值
ORD106484,2026-06-21,S03,P02,1,30.00,会员储值
ORD107971,2026-07-02,S05,P04,1,38.00,支付宝
ORD101860,2026-05-16,S05,P18,2,36.00,现金
ORD105258,2026-06-12,S03,P19,1,15.00,现金
ORD107793,2026-07-01,S02,P20,1,22.00,现金
ORD100788,2026-05-07,S03,P20,1,22.00,支付宝
ORD101430,2026/05/12,S01,P05,1,34.00,支付宝
ORD105568,2026-06-14,S02,P03,3,78.00,会员储值
ORD106915,24-06-2026,S05,P14,2,20.00,现金
ORD110187,2026-07-19,S04,P08,3,75.00,会员储值
ORD109746,2026-07-15,S04,P17,2,24.00,现金
ORD110226,2026-07-19,S05,P11,1,26.00,微信
ORD109863,2026-07-16,S03,P07,1,22.00,微信
ORD103977,2026-06-01,S05,P19,1,15.00,微信
ORD103855,2026-05-31,S01,P03,3,-78.00,现金
ORD109318,2026-07-12,S03,P10,1,24.00,微信
ORD110866,2026-07-24,S04,P13,1,20.00,银行卡
ORD103315,2026-05-27,S05,P08,3,75.00,会员储值
ORD108321,2026-07-05,S03,P17,3,36.00,微信
ORD101697,2026-05-14,S03,P14,1,10.00,微信
ORD109016,2026-07-10,S05,P03,1,26.00,支付宝
ORD109896,2026-07-17,S02,P03,1,26.00,支付宝
ORD108520,2026-07-06,S01,P06,4,168.00,支付宝
ORD110465,2026-07-21,S04,P03,2,52.00,支付宝
ORD107475,2026-06-28,S05,P05,1,34.00,现金
ORD110922,2026-07-24,S04,P19,3,45.00,银行卡
ORD111406,2026-07-27,S03,P18,1,18.00,会员储值
ORD107491,2026-06-28,S01,P03,1,26.00,支付宝
ORD108285,2026-07-05,S03,P20,1,22.00,微信
ORD104108,2026-06-03,S04,P19,4,60.00,现金
ORD110527,2026-07-21,S04,P02,1,30.00,微信
ORD109292,2026-07-12,S04,P02,2,60.00,支付宝
ORD106614,2026-06-21,S01,P04,1,38.00,微信
ORD104762,2026-06-07,S03,P02,1,30.00,微信
ORD106467,2026-06-21,S01,P12,2,16.00,现金
ORD101431,2026-05-12,S03,P14,2,20.00,现金
ORD100296,2026-05-03,S02,P19,1,15.00,支付宝
ORD109815,2026-07-16,S04,P05,2,68.00,微信
ORD105969,2026-06-17,S05,P12,2,16.00,支付宝
ORD107305,2026-06-27,S04,P19,2,30.00,会员储值
ORD110371,2026-07-20,S02,P15,1,6.00,现金
ORD111698,2026-07-29,S03,P17,3,36.00,银行卡
ORD102598,2026-05-22,S05,P18,2,36.00,微信
ORD104276,2026-06-04,S02,P20,3,66.00,银行卡
ORD109387,2026-07-12,S05,P01,2,64.00,银行卡
ORD111133,2026-07-25,S02,P09,2,36.00,会员储值
ORD101219,2026-05-10,S05,P17,1,12.00,支付宝
ORD106665,2026/06/22,S02,P13,4,80.00,微信
ORD103154,2026-05-26,S04,P05,1,34.00,会员储值
ORD109284,2026-07-12,S03,P03,1,26.00,微信
ORD106284,2026-06-20,S04,P13,1,20.00,银行卡
ORD106663,2026-06-22,S01,P16,2,10.00,会员储值
ORD110461,2026-07-21,S03,P07,1,22.00,现金
ORD108500,2026-07-06,S01,P02,3,90.00,银行卡
ORD109975,2026-07-17,S04,P14,1,10.00,支付宝
ORD101232,2026-05-10,S01,P20,2,44.00,银行卡
ORD100095,2026-05-01,S01,P04,3,114.00,会员储值
ORD103688,2026-05-30,S01,P11,4,104.00,现金
ORD104732,2026-06-07,S01,P10,1,24.00,现金
ORD111232,2026-07-26,S03,P15,3,18.00,支付宝
ORD106410,2026-06-20,S04,P06,3,126.00,会员储值
ORD110934,2026-07-24,S03,P14,3,30.00,现金
ORD110533,2026-07-21,S04,P19,2,30.00,会员储值
ORD102470,2026-05-21,S04,P08,1,25.00,支付宝
ORD104707,2026-06-07,S01,P16,1,5.00,支付宝
ORD104228,2026-06-04,S05,P07,1,22.00,支付宝
ORD108039,2026-07-03,S03,P07,1,22.00,支付宝
ORD103597,2026-05-30,S01,P02,1,30.00,银行卡
ORD106039,2026-06-18,S05,P04,1,38.00,会员储值
ORD108434,2026-07-06,S03,P03,2,52.00,现金
ORD102617,2026-05-22,S02,P07,1,22.00,会员储值
ORD105502,2026-06-13,S05,P19,1,15.00,微信
ORD107234,2026-06-27,S03,P14,3,30.00,会员储值
ORD103078,2026-05-25,S01,P15,3,18.00,会员储值
ORD100320,2026-05-03,S03,P13,2,40.00,支付宝
ORD104210,2026-06-04,S05,P13,3,60.00,会员储值
ORD107991,2026-07-03,S01,P04,2,76.00,支付宝
ORD109798,2026-07-16,S05,P15,1,6.00,微信
ORD111330,2026-07-26,S04,P08,1,25.00,支付宝
ORD109796,2026-07-16,S01,P14,1,10.00,支付宝
ORD101731,2026-05-15,S01,P09,1,18.00,微信
ORD101449,2026-05-12,S03,P11,1,26.00,会员储值
ORD102243,2026-05-19,S01,P16,2,10.00,银行卡
ORD102211,2026-05-18,S05,P14,1,10.00,现金
ORD109332,2026-07-12,S05,P15,1,6.00,支付宝
ORD108128,2026-07-04,S02,P04,1,38.00,银行卡
ORD106659,2026-06-22,S03,P07,2,44.00,会员储值
ORD109080,2026-07-11,S02,P04,2,76.00,支付宝
ORD105012,2026-06-10,S01,P15,2,12.00,银行卡
ORD108217,2026-07-04,S03,P11,3,78.00,支付宝
ORD108126,2026-07-04,S02,P09,1,18.00,微信
ORD109579,2026-07-14,S03,P12,1,8.00,会员储值
ORD105760,2026-06-15,S05,P13,2,40.00,现金
ORD106564,2026-06-21,S02,P02,3,90.00,现金
ORD104556,2026-06-06,S04,P06,2,84.00,微信
ORD103613,2026-05-30,S01,P12,3,24.00,银行卡
ORD102547,2026-05-22,S03,P11,1,26.00,现金
ORD101513,2026-05-13,S05,P14,2,20.00,银行卡
ORD102241,2026-05-19,S03,P10,1,24.00,银行卡
ORD110172,2026-07-18,S05,P15,2,12.00,微信
ORD100684,2026-05-06,S03,P08,3,75.00,银行卡
ORD103270,2026-05-27,S05,P17,2,24.00,现金
ORD109418,2026-07-13,S04,P14,1,10.00,支付宝
ORD104812,2026-06-08,S03,P14,1,10.00,银行卡
ORD107506,2026-06-29,S05,P11,1,26.00,支付宝
ORD106599,2026-06-21,S04,P06,2,84.00,银行卡
ORD107085,2026-06-26,S03,P06,1,42.00,微信
ORD104164,2026-06-03,S04,P08,1,25.00,支付宝
ORD103143,2026-05-26,S01,P05,2,68.00,微信
ORD102363,2026-05-20,S03,P16,1,5.00,支付宝
ORD108380,2026-07-05,S05,P05,2,68.00,支付宝
ORD102556,2026-05-22,S04,P04,1,,现金
ORD105571,2026-06-14,S05,P03,1,26.00,银行卡
ORD102729,2026-05-23,S04,P17,2,24.00,现金
ORD101737,2026-05-15,S01,P14,2,20.00,会员储值
ORD111062,2026-07-25,S04,P05,2,68.00,银行卡
ORD106514,2026-06-21,S03,P15,1,6.00,支付宝
ORD103195,2026-05-26,S02,P18,1,18.00,银行卡
ORD107372,2026-06-28,S01,P12,1,8.00,银行卡
ORD102383,2026-05-20,S03,P09,2,36.00,现金
ORD110530,2026-07-21,S02,P12,3,24.00,会员储值
ORD111306,2026-07-26,S01,P07,2,44.00,微信
ORD100594,2026-05-05,S03,P07,1,22.00,会员储值
ORD107686,2026-06-30,S01,P10,1,24.00,会员储值
ORD107436,2026-06-28,S02,P16,2,10.00,会员储值
ORD105452,2026-06-13,S04,P04,2,76.00,会员储值
ORD102040,2026-05-17,S02,P06,1,42.00,现金
ORD102825,2026-05-24,S03,P02,1,30.00,微信
ORD101882,2026-05-16,S05,P19,1,15.00,支付宝
ORD102638,2026-05-22,S04,P08,2,50.00,支付宝
ORD107501,2026-06-29,S04,P20,1,22.00,银行卡
ORD108635,2026-07-08,S03,P12,3,24.00,支付宝
ORD106812,2026-06-23,S05,P20,1,22.00,现金
ORD101968,2026-05-16,S01,P01,1,32.00,支付宝
ORD101435,2026-05-12,S04,P07,1,22.00,微信
ORD107158,2026-06-26,S05,P11,2,52.00,微信
ORD111834,2026-07-30,S05,P07,1,22.00,微信
ORD111584,2026-07-28,S02,P02,1,30.00,现金
ORD100089,2026-05-01,S02,P18,3,54.00,微信
ORD106141,2026-06-19,S01,P03,2,52.00,现金
ORD100840,2026-05-07,S03,P10,3,72.00,银行卡
ORD104203,2026-06-04,S02,P17,1,12.00,会员储值
ORD109786,2026-07-16,S04,P07,3,66.00,现金
ORD110004,2026-07-17,S05,P04,1,38.00,微信
ORD103891,2026-06-01,S04,P11,2,52.00,现金
ORD103112,2026-05-26,S04,P17,1,12.00,银行卡
ORD111002,2026-07-25,S05,P19,2,30.00,银行卡
ORD104866,2026-06-08,S03,P15,1,6.00,微信
ORD101867,2026-05-16,S05,P06,3,126.00,银行卡
ORD104423,2026-06-06,S02,P09,1,18.00,会员储值
ORD109004,2026-07-10,S01,P15,2,12.00,支付宝
ORD108617,2026-07-07,S04,P16,1,5.00,会员储值
ORD107591,2026-06-29,S03,P17,2,24.00,银行卡
ORD103209,2026-05-26,S03,P14,1,10.00,银行卡
ORD105070,2026-06-10,S01,P18,1,18.00,微信
ORD103840,2026-05-31,S05,P16,2,10.00,现金
ORD110795,2026-07-23,S01,P07,2,44.00,会员储值
ORD101839,2026-05-16,S05,P10,4,96.00,银行卡
ORD104268,2026-06-04,S02,P16,1,5.00,现金
ORD100683,2026-05-06,S01,P16,1,5.00,现金
ORD101801,2026-05-15,S03,P02,2,60.00,银行卡
ORD106302,2026-06-20,S04,P04,1,38.00,支付宝
ORD107729,2026-06-30,S05,P18,2,36.00,会员储值
ORD102409,2026-05-20,S02,P05,1,-34.00,支付宝
ORD102748,2026-05-23,S05,P10,2,48.00,现金
ORD111970,2026-07-31,S01,P16,3,15.00,会员储值
ORD105198,2026-06-11,S04,P04,1,38.00,银行卡
ORD102431,2026-05-21,S04,P16,1,5.00,会员储值
ORD110722,2026-07-22,S02,P03,1,26.00,支付宝
ORD103399,2026-05-28,S04,P09,1,18.00,微信
ORD110578,2026-07-21,S03,P09,1,18.00,现金
ORD101609,2026-05-13,S03,P16,1,5.00,微信
ORD110872,2026-07-24,S04,P12,1,8.00,支付宝
ORD107051,2026-06-25,S01,P07,2,44.00,现金
ORD100640,2026-05-05,S05,P16,2,10.00,会员储值
ORD109527,2026-07-13,S02,P04,2,76.00,现金
ORD102297,2026-05-19,S01,P04,3,114.00,现金
ORD102081,2026-05-17,S01,P07,1,22.00,银行卡
ORD105381,2026-06-13,S05,P04,1,38.00,现金
ORD105622,2026-06-14,S03,P04,1,38.00,现金
ORD108851,2026-07-09,S04,P20,2,44.00,银行卡
ORD102272,2026-05-19,S02,P03,1,26.00,银行卡
ORD110594,2026-07-21,S05,P99,1,12.00,银行卡
ORD101809,2026-05-15,S01,P02,2,60.00,支付宝
ORD107546,2026-06-29,S01,P04,1,38.00,现金
ORD107235,2026-06-27,S02,P15,2,12.00,微信
ORD111942,2026-07-31,S04,P03,1,26.00,支付宝
ORD107791,2026-07-01,S05,P19,1,15.00,会员储值
ORD104058,2026-06-02,S02,P13,1,20.00,会员储值
ORD104169,2026-06-03,S03,P07,1,22.00,支付宝
ORD104185,2026-06-03,S02,P19,1,15.00,现金
ORD107612,2026-06-29,S01,P16,-1,5.00,现金
ORD108021,2026-07-03,S03,P13,1,20.00,银行卡
ORD100960,2026-05-08,S03,P19,1,15.00,支付宝
ORD111029,2026-07-25,S02,P12,4,32.00,现金
ORD103423,2026-05-28,S01,P07,1,22.00,支付宝
ORD104636,2026-06-07,S05,P03,2,52.00,支付宝
ORD107459,2026-06-28,S04,P12,1,8.00,支付宝
ORD110002,2026-07-17,S04,P13,2,40.00,微信
ORD111060,2026-07-25,S02,P15,1,6.00,银行卡
ORD111655,2026-07-29,S03,P12,3,24.00,现金
ORD106366,2026-06-20,S04,P11,4,104.00,支付宝
ORD107046,2026-06-25,S05,P12,1,8.00,会员储值
ORD100686,2026-05-06,S01,P06,2,84.00,会员储值
ORD100612,2026-05-05,S04,P20,1,22.00,支付宝
ORD100306,2026-05-03,S03,P05,2,68.00,银行卡
ORD104995,2026-06-09,S01,P02,1,30.00,银行卡
ORD100896,2026-05-08,S03,P06,3,126.00,微信
ORD111721,2026-07-29,S03,P10,1,24.00,会员储值
ORD109310,2026-07-12,S02,P07,3,66.00,现金
ORD106687,2026-06-22,S03,P04,1,38.00,会员储值
ORD104920,2026-06-09,S05,P08,2,50.00,银行卡
ORD110850,2026-07-24,S02,P09,1,18.00,会员储值
ORD108355,2026-07-05,S03,P01,3,96.00,现金
ORD109294,2026-07-12,S03,P10,1,24.00,银行卡
ORD102037,2026-05-17,S05,P05,2,68.00,微信
ORD108805,2026-07-09,S03,P10,1,24.00,银行卡
ORD111312,2026-07-26,S04,P14,3,30.00,支付宝
ORD101724,2026-05-15,S05,P07,2,44.00,现金
ORD100092,2026-05-01,S02,P12,1,8.00,银行卡
ORD104388,2026-06-06,S02,P15,1,6.00,会员储值
ORD111524,2026-07-28,S05,P08,1,25.00,现金
ORD103826,2026-05-31,S03,P08,1,25.00,微信
ORD104248,2026-06-04,S04,P14,2,20.00,现金
ORD110215,2026-07-19,S05,P06,1,42.00,会员储值
ORD101754,2026-05-15,S05,P04,3,114.00,会员储值
ORD100379,2026-05-03,S05,P04,2,76.00,会员储值
ORD102078,2026-05-17,S03,P12,2,16.00,支付宝
ORD110477,2026-07-21,S04,P06,1,42.00,微信
ORD101704,2026-05-14,S02,P01,2,64.00,微信
ORD100981,2026-05-09,S02,P08,4,100.00,微信
ORD108920,2026-07-10,S01,P04,4,152.00,现金
ORD108136,2026-07-04,S05,P12,1,8.00,会员储值
ORD108848,2026-07-09,S02,P02,2,60.00,银行卡
ORD111757,2026-07-29,S04,P18,1,18.00,微信
ORD111550,2026-07-28,S02,P17,2,24.00,支付宝
ORD104360,2026-06-05,S02,P13,1,20.00,会员储值
ORD105632,2026-06-14,S05,P06,3,126.00,微信
ORD105540,2026-06-14,S02,P08,1,25.00,银行卡
ORD107904,2026-07-02,S04,P09,2,36.00,现金
ORD108180,2026-07-04,S01,P06,1,42.00,现金
ORD109412,2026-07-13,S04,P18,1,18.00,会员储值
ORD111851,2026-07-30,S04,P06,1,42.00,微信
ORD103515,2026-05-29,S01,P06,1,42.00,现金
ORD110069,2026-07-18,S04,P18,2,36.00,支付宝
ORD100122,2026-05-02,S01,P03,4,104.00,银行卡
ORD111835,2026-07-30,S05,P06,1,42.00,支付宝
ORD110585,2026-07-21,S01,P15,2,12.00,银行卡
ORD105091,2026-06-10,S05,P08,3,75.00,会员储值
ORD100798,2026-05-07,S05,P16,1,5.00,银行卡
ORD104305,2026-06-05,S04,P02,1,30.00,会员储值
ORD104730,2026-06-07,S03,P16,2,10.00,会员储值
ORD110691,2026-07-22,S04,P13,4,80.00,现金
ORD109321,2026-07-12,S01,P08,1,25.00,支付宝
ORD103430,2026-05-28,S04,P10,4,96.00,现金
ORD102401,2026-05-20,S01,P14,2,20.00,微信
ORD103829,2026-05-31,S01,P02,4,120.00,银行卡
ORD105337,2026-06-12,S02,P08,2,50.00,微信
ORD107488,2026-06-28,S05,P12,3,24.00,微信
ORD101859,2026-05-16,S05,P15,1,6.00,微信
ORD110575,2026-07-21,S02,P11,2,52.00,微信
ORD104005,2026-06-02,S04,P18,2,36.00,现金
ORD106550,2026-06-21,S05,P14,2,20.00,微信
ORD102217,2026-05-18,S02,P01,1,32.00,现金
ORD106046,2026-06-18,S03,P17,1,12.00,微信
ORD110557,2026-07-21,S04,P16,3,15.00,微信
ORD110421,2026-07-20,S04,P14,1,10.00,会员储值
ORD111223,2026-07-26,S05,P11,1,26.00,会员储值
ORD100252,2026-05-02,S01,P06,1,42.00,会员储值
ORD100386,2026-05-03,S01,P19,1,15.00,会员储值
ORD101327,2026-05-11,S05,P20,3,66.00,会员储值
ORD106085,2026-06-18,S01,P15,2,12.00,现金
ORD110418,2026-07-20,S01,P15,2,12.00,支付宝
ORD102535,2026-05-21,S04,P07,4,88.00,会员储值
ORD100321,2026-05-03,S04,P07,2,44.00,现金
ORD108611,2026-07-07,S05,P20,1,22.00,现金
ORD102398,2026-05-20,S04,P08,1,25.00,微信
ORD105840,2026-06-16,S03,P12,2,16.00,支付宝
ORD101350,2026-05-11,S05,P14,1,10.00,会员储值
ORD101631,2026-05-14,S02,P19,1,15.00,会员储值
ORD104338,2026-06-05,S02,P08,2,50.00,银行卡
ORD105157,2026-06-11,S04,P08,1,25.00,银行卡
ORD104326,2026-06-05,S04,P12,1,8.00,微信
ORD102395,2026-05-20,S05,P01,2,64.00,现金
ORD106023,2026-06-18,S04,P12,1,8.00,微信
ORD106860,2026-06-23,S02,P01,1,32.00,微信
ORD103064,2026-05-25,S03,P16,2,10.00,会员储值
ORD102750,2026-05-23,S01,P09,2,36.00,会员储值
ORD108935,2026-07-10,S02,P17,2,24.00,现金
ORD105107,2026-06-10,S01,P10,3,72.00,会员储值
ORD110976,2026-07-24,S01,P01,1,32.00,微信
ORD103239,2026-05-27,S04,P15,1,6.00,支付宝
ORD105332,2026-06-12,S01,P15,1,6.00,支付宝
ORD101669,2026-05-14,S01,P13,1,20.00,微信
ORD109801,2026-07-16,S04,P13,2,40.00,现金
ORD110766,2026-07-23,S03,P04,1,38.00,支付宝
ORD105951,2026-06-17,S01,P19,2,30.00,微信
ORD104143,2026-06-03,S03,P06,2,84.00,微信
ORD105868,2026-06-16,S02,P13,3,60.00,支付宝
ORD109235,2026-07-12,S04,P18,1,18.00,银行卡
ORD104946,2026-06-09,S01,P04,1,38.00,现金
ORD105878,2026-06-16,S05,P17,2,24.00,支付宝
ORD108227,2026-07-04,S04,P05,2,68.00,微信
ORD105447,2026-06-13,S03,P16,3,15.00,支付宝
ORD106682,2026-06-22,S02,P02,2,60.00,支付宝
ORD104643,2026-06-07,S04,P05,1,34.00,微信
ORD111512,2026-07-27,S05,P05,1,34.00,支付宝
ORD101952,2026-05-16,S03,P01,1,32.00,微信
ORD100571,2026-05-04,S04,P15,1,6.00,支付宝
ORD100793,2026-05-07,S02,P18,1,18.00,支付宝
ORD110234,2026-07-19,S01,P08,1,25.00,微信
ORD108583,2026-07-07,S03,P08,1,25.00,支付宝
ORD102039,2026-05-17,S04,P19,2,30.00,现金
ORD111160,2026-07-25,S03,P18,1,18.00,会员储值
ORD105833,2026-06-16,S03,P07,1,22.00,会员储值
ORD106549,2026-06-21,S02,P02,2,60.00,银行卡
ORD110504,2026-07-21,S03,P15,1,6.00,会员储值
ORD109394,2026-07-12,S03,P17,1,12.00,微信
ORD105672,2026-06-14,S02,P05,1,34.00,银行卡
ORD106708,2026-06-22,S03,P01,1,32.00,会员储值
ORD106316,2026-06-20,S02,P16,1,5.00,银行卡
ORD104817,2026-06-08,S02,P16,3,15.00,银行卡
ORD107320,2026-06-27,S05,P04,3,114.00,支付宝
ORD110289,2026-07-19,S03,P19,2,30.00,现金
ORD109223,2026-07-12,S05,P03,1,26.00,现金
ORD101377,2026-05-11,S01,P12,2,16.00,现金
ORD104598,2026-06-07,S01,P10,1,24.00,现金
ORD101487,2026-05-12,S02,P07,1,22.00,会员储值
ORD103697,2026-05-30,S01,P06,4,168.00,支付宝
ORD111118,2026-07-25,S03,P02,1,30.00,支付宝
ORD103962,2026-06-01,S03,P08,4,100.00,现金
ORD109026,2026-07-10,S02,P16,1,5.00,微信
ORD109603,2026-07-14,S03,P11,3,78.00,支付宝
ORD108290,2026-07-05,S05,P06,3,126.00,现金
ORD107936,2026-07-02,S05,P10,2,48.00,支付宝
ORD105396,2026-06-13,S05,P10,4,96.00,会员储值
ORD108105,2026-07-04,S03,P17,3,36.00,微信
ORD101695,2026-05-14,S01,P10,2,48.00,支付宝
ORD107717,2026-06-30,S03,P15,2,12.00,现金
ORD106800,2026-06-23,S04,P16,1,5.00,微信
ORD109254,2026-07-12,S03,P02,1,30.00,微信
ORD105356,2026-06-13,S05,P06,3,126.00,现金
ORD111625,2026-07-29,S01,P11,2,52.00,支付宝
ORD105013,2026-06-10,S05,P19,1,15.00,支付宝
ORD104503,2026-06-06,S02,P18,1,18.00,银行卡
ORD104481,2026-06-06,S02,P04,1,38.00,会员储值
ORD108930,2026-07-10,S04,P05,2,68.00,微信
ORD111632,2026-07-29,S03,P01,2,64.00,支付宝
ORD109164,2026-07-11,S03,P15,2,12.00,支付宝
ORD111255,2026-07-26,S03,P11,2,52.00,支付宝
ORD102963,2026-05-24,S02,P11,2,52.00,现金
ORD107440,2026-06-28,S04,P04,1,38.00,微信
ORD107552,2026-06-29,S01,P20,2,44.00,微信
ORD101466,2026-05-12,S03,P12,2,16.00,现金
ORD103859,2026-05-31,S03,P10,1,24.00,支付宝
ORD101557,2026-05-13,S03,P09,1,18.00,现金
ORD106600,2026-06-21,S02,P19,4,60.00,银行卡
ORD104865,2026-06-08,S01,P03,1,26.00,银行卡
ORD103525,2026-05-29,S02,P08,1,25.00,银行卡
ORD110376,2026-07-20,S04,P19,3,45.00,支付宝
ORD100410,2026-05-03,S03,P13,1,20.00,现金
ORD105298,2026-06-12,S01,P07,2,44.00,银行卡
ORD106764,2026-06-23,S03,P15,1,6.00,现金
ORD100778,2026-05-07,S05,P12,1,8.00,现金
ORD101102,2026-05-09,S02,P18,1,18.00,微信
ORD108016,2026-07-03,S01,P17,3,36.00,微信
ORD109496,2026-07-13,S04,P20,1,22.00,会员储值
ORD110000,2026-07-17,S03,P18,2,36.00,微信
ORD108112,2026-07-04,S05,P12,1,8.00,会员储值
ORD109904,2026-07-17,S03,P09,1,18.00,银行卡
ORD107780,2026-07-01,S04,P07,1,22.00,支付宝
ORD107371,2026-06-28,S01,P06,1,42.00,支付宝
ORD105977,2026-06-17,S05,P17,1,12.00,银行卡
ORD110137,2026-07-18,S04,P06,2,84.00,支付宝
ORD107433,2026-06-28,S03,P16,1,5.00,支付宝
ORD101258,2026-05-10,S01,P19,1,15.00,支付宝
ORD110065,2026-07-18,S02,P08,4,100.00,现金
ORD108890,2026-07-09,S03,P02,1,30.00,支付宝
ORD103976,2026-06-01,S03,P15,2,12.00,会员储值
ORD109185,2026-07-11,S04,P07,1,22.00,支付宝
ORD104646,2026-06-07,S01,P19,2,30.00,银行卡
ORD103493,2026-05-29,S03,P01,2,64.00,现金
ORD111123,2026-07-25,S03,P02,4,120.00,现金
ORD107089,2026-06-26,S05,P12,1,8.00,支付宝
ORD102671,2026-05-23,S03,P01,2,64.00,会员储值
ORD102987,2026-05-25,S01,P09,2,36.00,现金
ORD101012,2026-05-09,S05,P05,1,34.00,微信
ORD101784,2026-05-15,S01,P03,1,26.00,银行卡
ORD111335,2026-07-26,S05,P19,2,30.00,会员储值
ORD109300,2026-07-12,S03,P20,1,22.00,银行卡
ORD103909,2026-06-01,S01,P06,2,84.00,银行卡
ORD105994,2026-06-17,S01,P02,3,90.00,支付宝
ORD107163,2026-06-26,S03,P01,1,32.00,现金
ORD106587,2026-06-21,S03,P02,1,30.00,支付宝
ORD110445,2026-07-20,S04,P10,1,24.00,会员储值
ORD102380,2026-05-20,S02,P11,3,78.00,微信
ORD101935,2026-05-16,S05,P05,2,68.00,微信
ORD100703,2026-05-06,S05,P01,1,32.00,会员储值
ORD108643,2026-07-08,S01,P18,1,18.00,会员储值
ORD100732,2026-05-06,S01,P12,1,8.00,现金
ORD106790,2026-06-23,S04,P15,2,12.00,银行卡
ORD100013,2026-05-01,S01,P16,3,15.00,银行卡
ORD108796,2026-07-09,S03,P07,1,22.00,支付宝
ORD107956,2026-07-02,S01,P15,2,12.00,会员储值
ORD109806,2026-07-16,S02,P03,2,52.00,微信
ORD101439,2026-05-12,S01,P13,1,20.00,银行卡
ORD100091,2026-05-01,S04,P17,1,12.00,支付宝
ORD109138,2026-07-11,S01,P12,1,8.00,现金
ORD108965,2026-07-10,S05,P11,2,52.00,微信
ORD107975,2026-07-03,S04,P05,1,34.00,银行卡
ORD108661,2026-07-08,S01,P12,1,8.00,微信
ORD101050,2026-05-09,S05,P16,1,5.00,会员储值
ORD110185,2026-07-19,S01,P02,3,90.00,现金
ORD108456,2026-07-06,S05,P05,3,102.00,会员储值
ORD106807,2026-06-23,S03,P07,1,22.00,现金
ORD109810,2026-07-16,S01,P12,2,16.00,微信
ORD102059,2026-05-17,S05,P04,2,76.00,会员储值
ORD110358,2026-07-20,S04,P20,1,22.00,银行卡
ORD110305,2026-07-19,S01,P19,1,15.00,会员储值
ORD107424,2026-06-28,S01,P10,3,72.00,微信
ORD110491,2026-07-21,S02,P04,1,38.00,支付宝
ORD101463,2026-05-12,S02,P08,1,25.00,现金
ORD101207,2026-05-10,S01,P19,2,30.00,银行卡
ORD111144,2026-07-25,S01,P04,3,114.00,现金
ORD111675,2026-07-29,S05,P07,3,66.00,支付宝
ORD102918,2026-05-24,S03,P14,1,10.00,现金
ORD100014,2026-05-01,S02,P07,2,44.00,银行卡
ORD100733,2026-05-06,S01,P17,1,12.00,微信
ORD100554,2026-05-04,S04,P04,2,76.00,银行卡
ORD104163,2026-06-03,S02,P09,3,54.00,现金
ORD104552,2026-06-06,S03,P18,2,36.00,现金
ORD102009,2026-05-17,S04,P06,2,84.00,微信
ORD107882,2026-07-02,S03,P16,1,5.00,支付宝
ORD109933,2026-07-17,S01,P08,1,25.00,微信
ORD107589,2026-06-29,S02,P17,2,24.00,微信
ORD108001,2026-07-03,S01,P04,1,38.00,微信
ORD104697,2026-06-07,S03,P07,4,88.00,现金
ORD103241,2026-05-27,S03,P01,2,64.00,会员储值
ORD101062,2026-05-09,S05,P15,1,6.00,支付宝
ORD105365,2026-06-13,S04,P07,1,22.00,支付宝
ORD109575,2026-07-14,S05,P14,1,10.00,支付宝
ORD102407,2026-05-20,S01,P08,4,100.00,会员储值
ORD107889,2026-07-02,S02,P07,1,22.00,微信
ORD100656,2026-05-05,S01,P06,1,42.00,现金
ORD102290,2026-05-19,S05,P08,3,75.00,支付宝
ORD103997,2026-06-02,S01,P15,1,6.00,现金
ORD102115,2026-05-17,S05,P12,1,8.00,会员储值
ORD106226,2026-06-20,S04,P11,3,78.00,支付宝
ORD111760,2026-07-30,S02,P16,1,5.00,会员储值
ORD106604,2026-06-21,S03,P03,1,26.00,微信
ORD101399,2026-05-12,S05,P12,3,24.00,会员储值
ORD109884,17-07-2026,S01,P14,1,10.00,现金
ORD105034,2026-06-10,S04,P12,1,8.00,会员储值
ORD101284,2026-05-10,S02,P19,1,15.00,银行卡
ORD103049,2026-05-25,S04,P08,1,25.00,会员储值
ORD104431,2026-06-06,S04,P05,1,34.00,微信
ORD103427,2026-05-28,S05,P11,3,78.00,会员储值
ORD105741,2026-06-15,S05,P03,3,78.00,现金
ORD103358,2026-05-28,S03,P16,2,10.00,银行卡
ORD100572,2026-05-04,S05,P07,1,22.00,银行卡
ORD100651,2026-05-05,S01,P14,1,10.00,会员储值
ORD110982,2026-07-24,S05,P12,3,24.00,现金
ORD107048,2026-06-25,S03,P09,1,18.00,会员储值
ORD102860,2026-05-24,S01,P20,2,44.00,微信
ORD109966,2026-07-17,S01,P12,1,8.00,会员储值
ORD105245,2026-06-11,S03,P15,1,6.00,银行卡
ORD111249,2026-07-26,S02,P13,1,20.00,微信
ORD110171,2026-07-18,S04,P09,1,-18.00,现金
ORD102507,2026-05-21,S05,P14,1,10.00,银行卡
ORD100196,2026-05-02,S05,P17,2,24.00,微信
ORD101112,2026-05-09,S05,P19,2,30.00,会员储值
ORD105153,2026-06-11,S03,P14,1,10.00,微信
ORD103099,2026-05-25,S01,P11,1,26.00,会员储值
ORD104406,2026-06-06,S04,P18,3,54.00,支付宝
ORD103056,2026-05-25,S02,P08,2,50.00,银行卡
ORD111151,2026-07-25,S01,P16,1,5.00,支付宝
ORD107900,2026-07-02,S05,P02,2,60.00,会员储值
ORD106892,2026-06-24,S04,P07,3,66.00,支付宝
ORD102169,2026-05-18,S01,P03,1,26.00,微信
ORD105737,2026-06-15,S04,P01,1,32.00,会员储值
ORD107328,2026-06-27,S05,P17,1,12.00,微信
ORD105339,2026-06-12,S05,P03,1,26.00,微信
ORD106387,2026-06-20,S02,P05,1,34.00,微信
ORD107846,2026-07-02,S05,P07,1,22.00,会员储值
ORD102756,2026-05-23,S03,P11,1,26.00,支付宝
ORD110833,2026-07-23,S05,P01,2,64.00,银行卡
ORD107600,2026-06-29,S03,P08,1,25.00,现金
ORD107610,2026-06-29,S01,P14,1,10.00,银行卡
ORD102185,2026-05-18,S01,P03,2,52.00,银行卡
ORD106214,2026-06-20,S05,P09,1,18.00,微信
ORD109781,2026-07-16,S02,P18,3,54.00,微信
ORD101807,2026-05-15,S02,P02,1,30.00,银行卡
ORD101947,2026-05-16,S03,P12,1,8.00,微信
ORD106878,2026-06-24,S03,P04,1,38.00,银行卡
ORD104263,2026-06-04,S03,P03,2,52.00,微信
ORD107728,2026-06-30,S03,P07,1,22.00,银行卡
ORD105018,2026-06-10,S02,P13,1,20.00,微信
ORD106949,24-06-2026,S03,P10,2,48.00,会员储值
ORD109669,2026-07-15,S04,P15,1,6.00,支付宝
ORD109020,2026-07-10,S05,P05,1,34.00,支付宝
ORD104783,2026-06-07,S01,P19,2,30.00,银行卡
ORD104777,2026-06-07,S04,P06,2,84.00,支付宝
ORD103934,2026-06-01,S01,P12,1,8.00,支付宝
ORD105323,2026-06-12,S04,P02,1,30.00,银行卡
ORD108717,2026-07-08,S01,P05,4,136.00,微信
ORD104160,2026-06-03,S05,P09,2,36.00,现金
ORD107772,2026-07-01,S05,P01,1,32.00,现金
ORD103398,2026-05-28,S04,P12,1,8.00,银行卡
ORD110641,2026-07-22,S01,P15,1,6.00,微信
ORD111044,2026-07-25,S01,P19,2,30.00,微信
ORD101088,2026-05-09,S01,P16,3,15.00,现金
ORD103646,2026-05-30,S03,P16,1,5.00,银行卡
ORD104615,2026-06-07,S03,P06,1,42.00,会员储值
ORD111710,2026-07-29,S05,P15,3,18.00,现金
ORD105858,2026-06-16,S02,P19,3,45.00,支付宝
ORD100748,2026-05-07,S05,P05,3,102.00,支付宝
ORD110094,2026-07-18,S04,P11,3,78.00,银行卡
ORD103566,2026-05-30,S03,P05,1,34.00,微信
ORD109028,2026-07-10,S02,P15,1,6.00,微信
ORD110774,2026-07-23,S01,P04,1,38.00,微信
ORD101496,2026-05-12,S01,P05,4,136.00,银行卡
ORD103682,2026-05-30,S03,P17,2,24.00,微信
ORD111833,2026-07-30,S04,P15,1,6.00,会员储值
ORD111869,2026-07-30,S01,P09,2,36.00,微信
ORD111154,2026-07-25,S03,P03,1,26.00,微信
ORD110209,2026-07-19,S05,P10,1,24.00,微信
ORD108204,2026-07-04,S05,P07,2,44.00,银行卡
ORD100024,2026-05-01,S03,P06,1,42.00,会员储值
ORD108564,2026-07-07,S03,P10,2,48.00,支付宝
ORD101516,2026-05-13,S03,P08,4,100.00,会员储值
ORD101245,2026-05-10,S02,P07,3,66.00,支付宝
ORD101441,2026-05-12,S03,P02,1,30.00,支付宝
ORD103584,2026-05-30,S02,P07,1,22.00,会员储值
ORD102560,2026-05-22,S05,P17,2,24.00,现金
ORD109440,2026-07-13,S03,P04,3,114.00,会员储值
ORD107445,2026-06-28,S03,P02,1,,会员储值
ORD111500,2026-07-27,S03,P07,1,22.00,现金
ORD107723,2026-06-30,S04,P19,3,45.00,银行卡
ORD101094,2026-05-09,S01,P13,1,20.00,银行卡
ORD104370,2026-06-06,S05,P08,2,,现金
ORD102310,2026-05-19,S02,P18,3,54.00,微信
ORD108329,2026-07-05,S01,P13,1,20.00,银行卡
ORD101144,2026-05-10,S04,P13,2,40.00,现金
ORD107668,2026-06-30,S03,P13,2,40.00,微信
ORD105059,2026-06-10,S03,P04,2,76.00,现金
ORD107193,2026-06-27,S02,P09,4,72.00,会员储值
ORD102928,2026-05-24,S05,P17,4,48.00,银行卡
ORD108036,2026-07-03,S02,P14,1,10.00,微信
ORD110497,2026-07-21,S05,P16,1,5.00,支付宝
ORD111794,2026-07-30,S01,P03,1,26.00,现金
ORD104562,2026-06-06,S02,P16,1,5.00,现金
ORD108199,2026-07-04,S05,P03,4,104.00,支付宝
ORD111465,2026-07-27,S04,P15,2,12.00,银行卡
ORD112021,2026-07-31,S02,P07,1,22.00,现金
ORD101853,2026-05-16,S02,P17,2,24.00,会员储值
ORD110306,2026-07-19,S01,P11,2,52.00,微信
ORD111914,2026-07-31,S05,P18,2,36.00,现金
ORD102504,2026-05-21,S02,P05,1,34.00,会员储值
ORD106865,2026-06-24,S05,P10,1,24.00,微信
ORD103036,2026-05-25,S02,P04,2,76.00,现金
ORD108735,2026-07-08,S03,P17,1,12.00,银行卡
ORD101455,2026-05-12,S01,P19,1,15.00,微信
ORD107287,2026-06-27,S03,P11,3,78.00,现金
ORD109426,2026-07-13,S02,P09,1,18.00,现金
ORD102032,2026-05-17,S04,P14,1,10.00,现金
ORD107296,2026-06-27,S03,P10,1,24.00,现金
ORD108927,2026-07-10,S02,P15,3,18.00,会员储值
ORD110538,2026-07-21,S02,P14,2,20.00,会员储值
ORD102968,2026-05-24,S01,P13,2,40.00,支付宝
ORD103630,2026-05-30,S01,P20,1,22.00,会员储值
ORD104385,2026-06-06,S03,P14,1,10.00,支付宝
ORD110366,2026-07-20,S03,P16,2,10.00,微信
ORD104750,2026-06-07,S03,P12,1,8.00,会员储值
ORD108900,2026-07-10,S03,P15,1,6.00,支付宝
ORD105444,2026-06-13,S04,P09,1,18.00,现金
ORD103023,2026-05-25,S04,P15,2,12.00,现金
ORD108939,2026-07-10,S01,P13,1,20.00,会员储值
ORD108273,2026-07-05,S03,P08,1,-25.00,现金
ORD101826,2026-05-16,S04,P08,2,50.00,支付宝
ORD103683,2026-05-30,S01,P02,1,30.00,微信
ORD102713,2026-05-23,S01,P01,1,32.00,银行卡
ORD103342,2026-05-27,S03,P13,2,40.00,银行卡
ORD105779,2026-06-15,S01,P20,2,44.00,现金
ORD103146,2026-05-26,S04,P16,1,5.00,现金
ORD104366,2026-06-05,S01,P04,2,76.00,会员储值
ORD101175,2026-05-10,S02,P03,2,52.00,微信
ORD101210,2026-05-10,S01,P12,3,24.00,会员储值
ORD110484,2026-07-21,S02,P05,1,34.00,支付宝
ORD103599,2026-05-30,S02,P16,4,20.00,会员储值
ORD107520,2026-06-29,S02,P14,1,10.00,现金
ORD111283,2026-07-26,S04,P12,1,8.00,会员储值
ORD106696,2026-06-22,S03,P18,2,36.00,现金
ORD104720,2026-06-07,S03,P14,4,40.00,银行卡
ORD100830,2026-05-07,S01,P18,1,18.00,银行卡
ORD109030,2026-07-10,S03,P05,1,34.00,支付宝
ORD102897,2026-05-24,S05,P02,1,30.00,现金
ORD105335,2026-06-12,S05,P08,2,50.00,银行卡
ORD107830,2026-07-01,S03,P11,1,26.00,微信
ORD105761,2026-06-15,S04,P06,4,168.00,微信
ORD107731,2026-06-30,S01,P06,1,42.00,会员储值
ORD105848,2026-06-16,S03,P09,2,36.00,银行卡
ORD103305,2026-05-27,S03,P20,2,44.00,现金
ORD102337,2026-05-20,S01,P05,2,68.00,微信
ORD101800,2026-05-15,S04,P17,1,12.00,微信
ORD104882,2026-06-08,S02,P12,1,8.00,会员储值
ORD109732,2026-07-15,S05,P03,1,26.00,支付宝
ORD103764,2026-05-31,S01,P20,1,22.00,会员储值
ORD107427,2026-06-28,S01,P15,3,18.00,微信
ORD110637,2026-07-22,S04,P18,1,18.00,银行卡
ORD111671,2026-07-29,S03,P04,2,76.00,现金
ORD110827,2026-07-23,S03,P12,2,16.00,微信
ORD110253,2026-07-19,S03,P17,2,24.00,微信
ORD108781,2026/07/09,S04,P05,2,68.00,支付宝
ORD108322,2026-07-05,S04,P13,4,80.00,会员储值
ORD111681,2026-07-29,S01,P17,3,36.00,银行卡
ORD104753,2026-06-07,S05,P18,2,36.00,银行卡
ORD102827,2026-05-24,S03,P03,1,26.00,现金
ORD109910,2026-07-17,S05,P03,2,52.00,银行卡
ORD108476,2026-07-06,S03,P18,2,36.00,银行卡
ORD100369,2026-05-03,S05,P01,1,32.00,支付宝
ORD104142,2026-06-03,S05,P02,4,120.00,现金
ORD103114,2026-05-26,S05,P12,1,8.00,微信
ORD110045,2026-07-18,S02,P14,1,10.00,会员储值
ORD110058,18-07-2026,S01,P07,2,44.00,银行卡
ORD106989,2026-06-25,S02,P13,4,80.00,微信
ORD102893,2026-05-24,S03,P01,2,64.00,现金
ORD107683,2026-06-30,S04,P15,2,12.00,现金
ORD100215,2026-05-02,S02,P10,1,24.00,现金
ORD106344,2026-06-20,S01,P01,1,32.00,支付宝
ORD106725,2026-06-22,S03,P13,3,60.00,支付宝
ORD111103,2026-07-25,S02,P01,1,32.00,银行卡
ORD107063,2026-06-25,S02,P06,2,84.00,会员储值
ORD110083,2026-07-18,S03,P16,1,5.00,微信
ORD107910,2026-07-02,S01,P19,1,15.00,会员储值
ORD100335,2026-05-03,S03,P16,1,5.00,银行卡
ORD107107,2026-06-26,S04,P14,1,10.00,现金
ORD111534,2026-07-28,S03,P05,2,68.00,会员储值
ORD107796,2026-07-01,S02,P08,2,50.00,微信
ORD111617,2026-07-29,S03,P03,4,104.00,现金
ORD111910,2026-07-31,S01,P08,1,25.00,支付宝
ORD108181,2026-07-04,S01,P20,1,22.00,支付宝
ORD110363,2026-07-20,S04,P02,1,30.00,银行卡
ORD105815,2026-06-16,S03,P05,1,34.00,银行卡
ORD105210,2026-06-11,S03,P15,1,6.00,会员储值
ORD102131,2026-05-18,S05,P08,3,75.00,会员储值
ORD106287,2026-06-20,S02,P07,2,44.00,银行卡
ORD103606,2026-05-30,S01,P15,1,6.00,微信
ORD107810,2026-07-01,S02,P12,1,8.00,会员储值
ORD111297,2026-07-26,S05,P12,3,24.00,微信
ORD111317,2026-07-26,S05,P12,2,16.00,银行卡
ORD105552,2026-06-14,S03,P10,2,48.00,银行卡
ORD106774,2026-06-23,S03,P02,4,120.00,现金
ORD111377,2026-07-26,S04,P02,1,30.00,现金
ORD100248,2026-05-02,S02,P20,1,22.00,会员储值
ORD111261,2026-07-26,S04,P07,1,22.00,银行卡
ORD106672,2026-06-22,S01,P12,1,8.00,会员储值
ORD102472,2026-05-21,S02,P08,1,25.00,会员储值
ORD103782,2026-05-31,S01,P01,1,32.00,现金
ORD111387,2026-07-26,S04,P01,1,32.00,会员储值
ORD103208,2026-05-26,S05,P19,2,30.00,会员储值
ORD109450,2026-07-13,S04,P12,1,8.00,现金
ORD108724,2026-07-08,S05,P14,1,10.00,支付宝
ORD106428,2026-06-21,S05,P18,1,18.00,会员储值
ORD103139,2026-05-26,S04,P17,3,36.00,现金
ORD102927,2026-05-24,S01,P05,2,68.00,微信
ORD109156,2026-07-11,S04,P05,2,68.00,支付宝
ORD105017,2026-06-10,S04,P20,1,22.00,微信
ORD105602,2026-06-14,S04,P17,2,24.00,会员储值
ORD109384,2026-07-12,S02,P10,2,48.00,支付宝
ORD100088,2026-05-01,S03,P07,2,44.00,会员储值
ORD105949,2026-06-17,S02,P17,4,48.00,现金
ORD111025,2026-07-25,S02,P08,2,50.00,支付宝
ORD110811,2026-07-23,S04,P13,1,20.00,支付宝
ORD103371,2026-05-28,S05,P19,1,15.00,微信
ORD110023,2026-07-18,S04,P13,4,80.00,现金
ORD104333,2026-06-05,S05,P16,1,-5.00,支付宝
ORD105775,2026-06-15,S02,P19,4,60.00,现金
ORD107800,2026-07-01,S01,P12,1,8.00,现金
ORD111107,2026-07-25,S03,P08,2,50.00,会员储值
ORD109679,2026-07-15,S03,P04,1,38.00,现金
ORD102698,2026-05-23,S04,P03,4,104.00,微信
ORD109437,2026-07-13,S01,P06,1,42.00,现金
ORD106781,2026-06-23,S05,P09,3,54.00,银行卡
ORD103119,2026-05-26,S03,P16,4,20.00,支付宝
ORD110450,2026-07-20,S02,P14,4,40.00,现金
ORD101578,2026-05-13,S03,P11,1,26.00,会员储值
ORD103173,2026-05-26,S02,P09,1,18.00,支付宝
ORD102631,2026-05-22,S05,P10,3,72.00,银行卡
ORD111182,2026-07-26,S05,P09,1,18.00,现金
ORD100365,2026-05-03,S01,P09,1,18.00,会员储值
ORD105204,2026-06-11,S05,P13,3,60.00,微信
ORD107188,2026-06-26,S04,P05,1,34.00,现金
ORD105238,2026-06-11,S04,P11,1,26.00,微信
ORD100221,2026-05-02,S05,P08,1,25.00,银行卡
ORD105359,2026-06-13,S03,P01,2,64.00,支付宝
ORD108503,2026-07-06,S04,P12,1,8.00,支付宝
ORD111802,2026-07-30,S03,P03,2,52.00,微信
ORD112002,2026-07-31,S04,P13,1,20.00,会员储值
ORD108235,2026-07-04,S05,P03,2,52.00,支付宝
ORD112013,2026-07-31,S05,P04,1,38.00,会员储值
ORD105728,2026-06-15,S03,P20,1,22.00,现金
ORD105990,2026-06-17,S03,P11,4,104.00,会员储值
ORD107932,2026-07-02,S02,P08,1,25.00,会员储值
ORD106486,2026-06-21,S02,P20,4,88.00,微信
ORD101836,2026-05-16,S03,P01,1,32.00,银行卡
ORD111885,2026-07-30,S03,P19,1,15.00,会员储值
ORD102212,2026-05-18,S04,P10,2,48.00,会员储值
ORD105685,2026-06-15,S02,P06,2,84.00,微信
ORD104963,2026-06-09,S05,P02,1,30.00,微信
ORD102510,2026-05-21,S01,P12,2,16.00,银行卡
ORD111810,2026-07-30,S01,P14,1,10.00,会员储值
ORD111194,2026-07-26,S02,P11,2,52.00,银行卡
ORD111195,2026-07-26,S05,P16,2,10.00,微信
ORD101838,2026-05-16,S05,P02,2,60.00,现金
ORD111743,2026-07-29,S02,P17,1,12.00,会员储值
ORD108863,2026-07-09,S04,P08,3,75.00,微信
ORD107350,2026-06-28,S04,P19,1,,银行卡
ORD108970,2026-07-10,S02,P08,3,75.00,现金
ORD111847,2026-07-30,S05,P14,1,10.00,微信
ORD105237,2026-06-11,S02,P01,4,128.00,微信
ORD106276,2026-06-20,S01,P06,2,84.00,会员储值
ORD103297,2026-05-27,S01,P20,2,44.00,现金
ORD101850,2026-05-16,S01,P14,1,10.00,支付宝
ORD104306,2026-06-05,S01,P10,3,72.00,会员储值
ORD102670,2026-05-23,S03,P18,2,36.00,现金
ORD100602,2026-05-05,S02,P15,1,6.00,现金
ORD105213,2026-06-11,S04,P02,2,60.00,现金
ORD111891,2026-07-30,S03,P19,1,15.00,微信
ORD101214,2026-05-10,S04,P15,1,6.00,银行卡
ORD101174,2026-05-10,S04,P18,1,18.00,支付宝
ORD111106,2026-07-25,S05,P04,4,152.00,银行卡
ORD108963,2026-07-10,S03,P15,1,,现金
ORD104874,2026-06-08,S04,P03,4,104.00,现金
ORD101939,2026-05-16,S05,P14,3,30.00,会员储值
ORD108106,2026-07-04,S05,P01,1,32.00,会员储值
ORD106820,2026-06-23,S03,P08,2,50.00,微信
ORD100433,2026-05-03,S05,P20,1,22.00,银行卡
ORD105042,2026-06-10,S04,P11,1,26.00,会员储值
ORD110555,2026-07-21,S05,P08,1,25.00,银行卡
ORD103540,2026-05-29,S04,P13,3,60.00,银行卡
ORD102250,2026-05-19,S04,P20,2,44.00,银行卡
ORD111817,2026-07-30,S04,P19,1,15.00,银行卡
ORD110817,2026-07-23,S03,P19,1,15.00,现金
ORD105812,2026-06-16,S04,P17,2,24.00,支付宝
ORD112018,2026-07-31,S05,P06,3,126.00,微信
ORD102026,2026-05-17,S01,P02,1,30.00,会员储值
ORD110531,2026-07-21,S02,P17,1,12.00,微信
ORD100672,2026-05-06,S04,P10,1,24.00,支付宝
ORD110478,2026-07-21,S03,P19,1,15.00,银行卡
ORD101189,2026-05-10,S03,P16,2,10.00,会员储值
ORD104632,2026-06-07,S05,P05,4,136.00,现金
ORD106079,2026-06-18,S02,P13,1,20.00,会员储值
ORD102574,2026-05-22,S04,P08,3,75.00,支付宝
ORD102945,2026-05-24,S03,P07,1,22.00,银行卡
ORD100868,2026-05-08,S01,P14,1,10.00,现金
ORD100055,2026-05-01,S01,P12,2,16.00,支付宝
ORD100213,2026-05-02,S01,P05,1,34.00,会员储值
ORD100075,2026-05-01,S02,P14,1,10.00,会员储值
ORD111690,2026-07-29,S02,P05,2,68.00,微信
ORD105565,2026-06-14,S04,P01,1,32.00,微信
ORD108466,2026-07-06,S02,P05,1,34.00,现金
ORD111751,2026-07-29,S04,P08,1,25.00,微信
ORD103161,2026-05-26,S01,P11,3,78.00,会员储值
ORD109120,2026-07-11,S03,P10,4,96.00,微信
ORD106001,2026-06-17,S01,P12,2,16.00,会员储值
ORD108683,2026-07-08,S04,P20,3,66.00,现金
ORD103109,2026-05-25,S03,P06,1,42.00,现金
ORD103227,2026-05-27,S02,P13,2,40.00,银行卡
ORD107086,2026-06-26,S02,P03,2,52.00,支付宝
ORD100030,2026-05-01,S03,P06,1,42.00,会员储值
ORD100171,2026-05-02,S01,P08,3,75.00,微信
ORD101371,2026-05-11,S01,P12,2,16.00,银行卡
ORD104007,2026-06-02,S04,P16,2,10.00,微信
ORD102813,2026-05-24,S04,P20,3,66.00,现金
ORD102110,2026-05-17,S05,P04,1,38.00,微信
ORD103582,2026-05-30,S05,P10,3,72.00,会员储值
ORD107897,2026-07-02,S01,P19,1,15.00,微信
ORD107507,2026-06-29,S02,P16,1,5.00,银行卡
ORD103267,2026-05-27,S03,P10,2,48.00,现金
ORD100036,2026-05-01,S03,P01,1,32.00,现金
ORD105341,2026/06/12,S02,P12,2,16.00,微信
ORD105029,2026-06-10,S02,P11,2,52.00,现金
ORD105350,2026-06-13,S01,P13,2,40.00,支付宝
ORD105651,2026-06-14,S02,P04,2,76.00,微信
ORD102582,2026-05-22,S01,P16,2,10.00,银行卡
ORD100370,2026-05-03,S04,P01,2,64.00,银行卡
ORD104891,2026-06-08,S04,P12,1,8.00,会员储值
ORD104395,2026-06-06,S05,P04,2,76.00,支付宝
ORD109999,2026-07-17,S05,P12,1,8.00,现金
ORD105674,2026-06-14,S02,P10,4,96.00,支付宝
ORD103703,2026-05-30,S03,P08,1,25.00,支付宝
ORD105116,2026-06-10,S03,P01,1,32.00,银行卡
ORD107929,2026-07-02,S02,P13,3,60.00,现金
ORD111334,2026-07-26,S03,P05,2,68.00,会员储值
ORD110292,2026-07-19,S05,P12,1,8.00,银行卡
ORD100890,2026-05-08,S01,P07,1,22.00,微信
ORD110643,2026-07-22,S05,P12,2,16.00,银行卡
ORD110406,2026-07-20,S04,P17,2,24.00,现金
ORD105028,2026-06-10,S02,P08,1,25.00,现金
ORD109952,2026-07-17,S01,P13,1,20.00,现金
ORD110999,2026-07-25,S04,P16,2,10.00,银行卡
ORD109381,2026-07-12,S02,P02,1,30.00,会员储值
ORD102412,2026-05-20,S03,P18,1,18.00,银行卡
ORD109006,2026-07-10,S03,P16,1,5.00,微信
ORD102828,2026-05-24,S03,P11,2,52.00,会员储值
ORD104665,2026-06-07,S02,P01,4,128.00,现金
ORD106543,2026-06-21,S04,P18,1,18.00,银行卡
ORD103468,2026-05-29,S05,P15,2,12.00,银行卡
ORD101921,2026-05-16,S02,P07,1,22.00,支付宝
ORD105161,2026-06-11,S03,P13,1,20.00,支付宝
ORD109767,2026-07-16,S03,P10,3,72.00,银行卡
ORD104230,2026-06-04,S03,P17,3,36.00,会员储值
ORD103734,2026-05-31,S05,P06,2,84.00,支付宝
ORD102331,2026-05-20,S04,P03,1,26.00,银行卡
ORD110380,2026-07-20,S05,P11,1,26.00,会员储值
ORD109348,2026-07-12,S03,P08,1,25.00,银行卡
ORD100126,2026-05-02,S04,P10,2,48.00,支付宝
ORD105784,2026-06-16,S05,P08,1,25.00,会员储值
ORD105640,2026-06-14,S04,P13,1,20.00,会员储值
ORD100223,2026-05-02,S01,P06,1,42.00,微信
ORD107621,2026-06-29,S01,P19,2,30.00,支付宝
ORD104568,2026-06-06,S02,P18,2,36.00,支付宝
ORD107764,2026-07-01,S04,P01,3,96.00,会员储值
ORD105724,2026-06-15,S03,P09,2,36.00,会员储值
ORD102853,2026-05-24,S02,P16,2,10.00,微信
ORD108282,2026-07-05,S04,P06,1,42.00,现金
ORD100997,2026-05-09,S03,P07,1,22.00,会员储值
ORD110123,2026-07-18,S03,P05,1,34.00,现金
ORD107950,2026-07-02,S05,P06,4,168.00,银行卡
ORD111667,2026-07-29,S04,P15,1,6.00,银行卡
ORD103465,2026-05-29,S03,P10,3,72.00,会员储值
ORD107308,2026-06-27,S01,P13,2,40.00,会员储值
ORD111929,2026-07-31,S05,P10,2,48.00,支付宝
ORD111678,2026-07-29,S03,P17,1,12.00,银行卡
ORD102061,2026-05-17,S01,P16,1,5.00,现金
ORD100647,2026-05-05,S04,P09,4,72.00,会员储值
ORD103376,2026-05-28,S01,P15,2,12.00,现金
ORD105355,2026-06-13,S01,P06,3,126.00,会员储值
ORD101638,2026-05-14,S01,P12,2,16.00,支付宝
ORD103225,2026-05-27,S03,P10,2,48.00,微信
ORD106458,2026-06-21,S03,P20,1,22.00,微信
ORD108663,2026-07-08,S03,P10,2,48.00,微信
ORD106019,2026-06-18,S04,P20,1,22.00,银行卡
ORD102410,2026-05-20,S01,P18,3,54.00,支付宝
ORD111055,2026-07-25,S03,P11,1,26.00,会员储值
ORD105752,2026-06-15,S04,P07,2,¥44.00,微信
ORD105101,2026-06-10,S03,P10,2,,银行卡
ORD104652,2026-06-07,S04,P04,4,152.00,微信
ORD107162,2026-06-26,S03,P12,3,24.00,会员储值
ORD111231,2026-07-26,S04,P05,1,34.00,银行卡
ORD105940,2026-06-17,S02,P08,3,75.00,微信
ORD111786,2026-07-30,S01,P11,3,78.00,现金
ORD105391,2026-06-13,S01,P20,2,44.00,会员储值
ORD110772,2026-07-23,S03,P10,2,48.00,会员储值
ORD109196,2026-07-11,S02,P01,1,32.00,现金
ORD106776,2026-06-23,S05,P16,1,5.00,微信
ORD108812,2026-07-09,S05,P01,2,64.00,银行卡
ORD100570,2026-05-04,S02,P17,1,12.00,支付宝
ORD101305,2026-05-11,S04,P06,2,84.00,微信
ORD100197,2026-05-02,S03,P02,2,60.00,会员储值
ORD102091,2026-05-17,S05,P05,2,68.00,银行卡
ORD103179,2026-05-26,S02,P14,1,10.00,微信
ORD110990,2026-07-25,S01,P99,3,54.00,现金
ORD101153,2026-05-10,S05,P01,4,128.00,会员储值
ORD107636,2026-06-30,S02,P01,2,64.00,微信
ORD110957,2026-07-24,S03,P05,1,34.00,微信
ORD106675,2026-06-22,S03,P03,1,26.00,会员储值
ORD105248,2026-06-11,S05,P14,1,10.00,支付宝
ORD111497,2026-07-27,S05,P16,3,,会员储值
ORD100040,2026-05-01,S04,P18,1,18.00,银行卡
ORD101141,2026-05-10,S01,P16,1,5.00,支付宝
ORD101922,2026-05-16,S04,P15,1,6.00,现金
ORD111224,2026-07-26,S05,P15,1,6.00,微信
ORD107743,2026-07-01,S01,P06,1,42.00,支付宝
ORD110344,2026-07-19,S03,P17,3,36.00,现金
ORD111509,2026-07-27,S01,P13,1,20.00,支付宝
ORD103467,2026-05-29,S04,P07,3,66.00,会员储值
ORD104899,2026-06-08,S02,P09,2,36.00,会员储值
ORD105598,2026-06-14,S01,P10,1,24.00,现金
ORD112019,2026-07-31,S04,P20,1,22.00,银行卡
ORD107774,2026-07-01,S01,P18,1,18.00,银行卡
ORD104187,2026-06-03,S01,P07,2,44.00,微信
ORD108975,2026-07-10,S04,P17,1,12.00,微信
ORD101794,2026-05-15,S03,P14,1,10.00,微信
ORD101510,2026-05-13,S03,P16,2,10.00,现金
ORD103333,2026-05-27,S04,P18,1,18.00,会员储值
ORD109840,2026-07-16,S05,P03,1,26.00,银行卡
ORD106853,2026-06-23,S04,P15,1,6.00,会员储值
ORD105425,2026-06-13,S04,P07,1,22.00,微信
ORD102307,2026-05-19,S05,P02,4,120.00,支付宝
ORD101632,2026-05-14,S05,P20,1,22.00,微信
ORD108104,2026-07-04,S02,P20,1,22.00,现金
ORD106893,2026-06-24,S05,P11,3,78.00,银行卡
ORD100098,2026-05-01,S01,P03,1,26.00,支付宝
ORD111537,2026-07-28,S05,P15,1,6.00,现金
ORD106010,2026-06-18,S02,P17,1,12.00,会员储值
ORD104954,2026-06-09,S05,P11,1,26.00,现金
ORD103964,2026-06-01,S03,P10,1,24.00,现金
ORD106909,2026-06-24,S03,P20,1,22.00,支付宝
ORD110725,2026-07-22,S04,P17,1,12.00,会员储值
ORD100230,2026-05-02,S03,P04,1,38.00,支付宝
ORD105475,2026-06-13,S01,P12,1,8.00,现金
ORD111031,2026-07-25,S02,P04,1,38.00,银行卡
ORD104856,2026-06-08,S01,P03,1,26.00,现金
ORD107495,2026-06-28,S02,P16,1,5.00,微信
ORD108543,2026-07-07,S01,P07,1,22.00,支付宝
ORD109612,2026-07-14,S05,P07,2,44.00,银行卡
ORD109800,2026-07-16,S02,P01,2,64.00,现金
ORD104015,2026-06-02,S02,P12,2,16.00,会员储值
ORD111635,2026-07-29,S05,P12,1,8.00,银行卡
ORD110313,2026-07-19,S02,P18,2,36.00,微信
ORD100140,2026-05-02,S01,P05,1,34.00,微信
ORD102269,2026-05-19,S04,P19,1,15.00,现金
ORD102276,2026-05-19,S03,P15,1,6.00,银行卡
ORD111385,2026-07-26,S02,P03,1,26.00,支付宝
ORD107530,2026-06-29,S05,P05,1,34.00,支付宝
ORD111423,2026-07-27,S05,P19,3,45.00,会员储值
ORD108182,2026-07-04,S03,P08,2,50.00,银行卡
ORD110543,2026-07-21,S02,P08,2,50.00,会员储值
ORD104025,2026-06-02,S01,P08,1,25.00,银行卡
ORD102414,2026-05-20,S04,P02,2,60.00,微信
ORD106047,2026-06-18,S04,P06,3,126.00,会员储值
ORD105180,2026-06-11,S04,P19,1,15.00,银行卡
ORD102379,2026-05-20,S04,P16,2,10.00,银行卡
ORD108879,2026-07-09,S03,P03,4,104.00,支付宝
ORD109589,2026-07-14,S05,P01,1,32.00,微信
ORD111956,2026-07-31,S01,P15,2,12.00,现金
ORD106172,2026-06-19,S02,P02,2,60.00,支付宝
ORD101994,2026-05-17,S04,P08,1,25.00,现金
ORD107836,2026-07-02,S03,P03,2,52.00,微信
ORD106152,2026-06-19,S05,P16,3,15.00,会员储值
ORD101190,2026-05-10,S05,P19,1,15.00,支付宝
ORD100129,2026-05-02,S02,P05,4,136.00,支付宝
ORD109596,2026-07-14,S04,P03,1,26.00,微信
ORD108448,2026-07-06,S01,P17,1,12.00,微信
ORD107132,2026-06-26,S01,P15,1,6.00,支付宝
ORD103320,2026-05-27,S03,P04,1,38.00,现金
ORD110928,2026-07-24,S03,P13,1,20.00,支付宝
ORD111244,2026-07-26,S04,P02,1,30.00,会员储值
ORD101895,2026-05-16,S05,P16,1,5.00,现金
ORD106720,2026-06-22,S05,P16,1,5.00,会员储值
ORD102914,2026-05-24,S03,P07,2,44.00,支付宝
ORD109222,2026-07-12,S05,P19,3,45.00,现金
ORD108464,2026-07-06,S01,P15,2,12.00,会员储值
ORD102971,2026-05-24,S01,P09,2,36.00,银行卡
ORD107111,2026-06-26,S01,P19,2,30.00,会员储值
ORD108090,2026-07-03,S01,P19,1,15.00,微信
ORD108565,2026-07-07,S04,P20,3,66.00,现金
ORD105362,2026-06-13,S02,P13,1,20.00,会员储值
ORD101266,2026-05-10,S04,P03,2,52.00,会员储值
ORD102154,2026-05-18,S04,P08,2,50.00,银行卡
ORD105027,2026-06-10,S03,P16,1,5.00,现金
ORD110659,2026-07-22,S05,P09,2,36.00,会员储值
ORD110813,2026-07-23,S02,P05,1,34.00,会员储值
ORD108985,2026-07-10,S03,P11,2,52.00,现金
ORD104888,2026-06-08,S04,P11,1,26.00,会员储值
ORD102819,2026-05-24,S03,P01,1,32.00,银行卡
ORD108990,2026-07-10,S04,P14,2,20.00,银行卡
ORD105071,2026-06-10,S01,P11,1,26.00,现金
ORD105186,2026-06-11,S05,P17,1,12.00,会员储值
ORD106580,2026-06-21,S02,P15,1,6.00,会员储值
ORD103728,2026-05-31,S03,P16,3,15.00,银行卡
ORD103006,2026-05-25,S04,P13,3,60.00,现金
ORD106521,2026-06-21,S02,P09,1,18.00,微信
ORD107124,2026-06-26,S04,P03,3,78.00,微信
ORD108063,2026-07-03,S03,P02,4,120.00,现金
ORD102616,2026-05-22,S05,P06,1,42.00,支付宝
ORD101252,2026-05-10,S05,P06,2,84.00,会员储值
ORD101712,2026-05-15,S02,P14,2,20.00,银行卡
ORD110930,2026-07-24,S04,P08,1,25.00,微信
ORD103261,2026-05-27,S05,P04,1,38.00,现金
ORD110454,2026-07-20,S03,P09,1,18.00,支付宝
ORD110223,2026-07-19,S03,P13,1,20.00,现金
ORD109293,2026-07-12,S02,P12,2,16.00,会员储值
ORD106596,2026-06-21,S04,P15,2,12.00,微信
ORD108705,2026-07-08,S04,P17,4,48.00,支付宝
ORD106388,2026-06-20,S05,P19,1,15.00,微信
ORD102672,2026-05-23,S02,P06,3,126.00,微信
ORD111569,2026-07-28,S05,P05,1,34.00,会员储值
ORD101490,2026-05-12,S02,P03,1,26.00,银行卡
ORD104081,2026-06-02,S01,P16,1,5.00,支付宝
ORD107537,2026-06-29,S03,P19,1,15.00,支付宝
ORD102051,2026-05-17,S03,P04,1,38.00,会员储值
ORD109468,2026-07-13,S05,P17,2,24.00,支付宝
ORD101413,2026-05-12,S03,P14,1,10.00,银行卡
ORD110053,2026-07-18,S02,P15,1,6.00,会员储值
ORD105304,2026-06-12,S02,P12,2,16.00,会员储值
ORD107417,2026-06-28,S03,P16,1,5.00,现金
ORD109925,2026-07-17,S05,P03,1,26.00,微信
ORD105795,2026-06-16,S05,P03,1,26.00,银行卡
ORD106995,2026-06-25,S05,P14,1,10.00,微信
ORD103500,2026-05-29,S01,P03,1,26.00,会员储值
ORD100553,2026-05-04,S03,P08,2,50.00,支付宝
ORD106794,2026-06-23,S03,P09,2,36.00,微信
ORD104249,2026-06-04,S02,P16,1,5.00,银行卡
ORD104686,2026-06-07,S05,P16,2,10.00,微信
ORD101368,2026-05-11,S01,P14,2,20.00,支付宝
ORD103111,2026-05-26,S04,P11,4,104.00,支付宝
ORD103871,2026-05-31,S04,P11,3,78.00,微信
ORD100974,2026-05-09,S01,P07,3,66.00,支付宝
ORD106128,2026-06-19,S05,P13,2,40.00,会员储值
ORD108811,2026-07-09,S04,P02,1,30.00,微信
ORD100729,2026-05-06,S01,P13,1,20.00,现金
ORD109040,2026-07-11,S02,P04,1,38.00,银行卡
ORD106359,2026-06-20,S03,P04,1,38.00,现金
ORD101667,2026-05-14,S04,P19,1,15.00,会员储值
ORD100967,2026-05-08,S03,P17,2,24.00,支付宝
ORD110288,2026-07-19,S01,P05,2,68.00,支付宝
ORD107418,2026-06-28,S03,P10,1,24.00,微信
ORD111229,2026-07-26,S03,P17,1,12.00,支付宝
ORD105958,2026-06-17,S03,P04,1,38.00,会员储值
ORD108255,2026-07-05,S02,P20,4,88.00,现金
ORD100669,2026-05-06,S03,P02,1,30.00,银行卡
ORD100583,2026-05-05,S03,P14,4,40.00,微信
ORD106252,2026-06-20,S05,P12,3,24.00,支付宝
ORD107325,2026-06-27,S04,P01,1,32.00,现金
ORD109854,2026-07-16,S05,P09,2,36.00,会员储值
ORD107206,2026-06-27,S04,P05,4,136.00,现金
ORD100902,2026-05-08,S01,P05,3,102.00,微信
ORD111931,2026-07-31,S03,P13,1,20.00,银行卡
ORD102823,2026-05-24,S04,P15,1,6.00,会员储值
ORD110211,2026-07-19,S01,P07,1,22.00,会员储值
ORD107160,2026-06-26,S05,P05,3,102.00,现金
ORD109271,2026-07-12,S02,P01,3,96.00,会员储值
ORD105963,2026-06-17,S01,P09,1,18.00,银行卡
ORD102814,2026-05-24,S04,P06,2,84.00,现金
ORD106256,2026-06-20,S05,P15,2,12.00,支付宝
ORD105096,2026-06-10,S05,P04,1,38.00,银行卡
ORD108353,2026-07-05,S01,P08,1,25.00,现金
ORD101734,2026-05-15,S05,P04,1,38.00,支付宝
ORD104627,2026-06-07,S02,P10,2,48.00,支付宝
ORD109557,2026-07-14,S04,P09,1,18.00,会员储值
ORD100511,2026-05-04,S04,P15,1,6.00,会员储值
ORD109140,2026-07-11,S05,P20,1,22.00,现金
ORD101584,2026-05-13,S02,P04,2,76.00,现金
ORD107380,2026-06-28,S02,P01,3,96.00,会员储值
ORD109439,2026-07-13,S04,P09,3,54.00,支付宝
ORD111936,2026-07-31,S04,P18,1,18.00,银行卡
ORD104990,2026-06-09,S04,P08,1,25.00,银行卡
ORD105924,2026-06-17,S04,P16,1,5.00,银行卡
ORD106961,2026-06-24,S02,P18,2,36.00,会员储值
ORD104100,2026-06-03,S02,P09,2,36.00,微信
ORD100440,2026-05-03,S01,P08,3,75.00,支付宝
ORD105139,2026-06-11,S05,P02,1,30.00,会员储值
ORD101780,2026-05-15,S02,P06,1,,支付宝
ORD108773,2026-07-09,S04,P20,2,44.00,支付宝
ORD104754,2026-06-07,S04,P15,3,18.00,银行卡
ORD106670,2026-06-22,S05,P12,1,8.00,现金
ORD100261,2026-05-02,S05,P17,2,24.00,会员储值
ORD108738,2026-07-08,S04,P17,1,12.00,支付宝
ORD106489,2026-06-21,S01,P07,1,22.00,支付宝
ORD107165,2026-06-26,S05,P10,1,24.00,微信
ORD109247,2026-07-12,S05,P05,1,34.00,支付宝
ORD100982,2026-05-09,S01,P03,1,26.00,现金
ORD101328,2026-05-11,S01,P17,3,36.00,微信
ORD100284,2026-05-03,S04,P08,1,25.00,现金
ORD111789,2026-07-30,S02,P03,1,26.00,微信
ORD107574,2026-06-29,S01,P06,1,42.00,支付宝
ORD100794,2026-05-07,S03,P12,1,8.00,支付宝
ORD101122,2026-05-09,S02,P16,2,10.00,会员储值
ORD105607,2026-06-14,S01,P09,1,18.00,现金
ORD103917,2026-06-01,S01,P17,4,48.00,会员储值
ORD106956,2026-06-24,S03,P09,1,18.00,会员储值
ORD104285,2026-06-05,S01,P16,1,5.00,现金
ORD111812,2026-07-30,S03,P10,4,96.00,现金
ORD106303,2026-06-20,S05,P07,2,44.00,银行卡
ORD106442,2026-06-21,S05,P09,2,36.00,现金
ORD101894,2026-05-16,S03,P03,1,26.00,会员储值
ORD107474,2026-06-28,S04,P13,3,60.00,银行卡
ORD100404,2026-05-03,S02,P20,1,22.00,微信
ORD105529,2026-06-13,S04,P15,1,6.00,银行卡
ORD108297,2026-07-05,S03,P06,1,42.00,会员储值
ORD100584,2026-05-05,S05,P16,4,20.00,微信
ORD104991,2026-06-09,S04,P06,3,126.00,银行卡
ORD107699,2026-06-30,S02,P20,1,22.00,会员储值
ORD106257,2026-06-20,S05,P08,1,25.00,支付宝
ORD105404,2026-06-13,S02,P03,3,78.00,支付宝
ORD100199,2026-05-02,S01,P05,2,68.00,微信
ORD102810,2026-05-23,S01,P09,1,18.00,支付宝
ORD102097,2026/05/17,S05,P20,2,,现金
ORD105261,2026-06-12,S03,P11,1,26.00,微信
ORD100004,2026-05-01,S05,P08,2,50.00,微信
ORD103317,2026-05-27,S01,P04,3,114.00,微信
ORD110809,2026-07-23,S04,P16,1,5.00,会员储值
ORD103617,2026-05-30,S03,P02,2,60.00,微信
ORD102920,2026-05-24,S03,P15,1,6.00,会员储值
ORD111883,2026-07-30,S04,P08,1,25.00,会员储值
ORD104090,2026-06-02,S02,P20,3,66.00,支付宝
ORD101592,2026-05-13,S01,P10,1,24.00,会员储值
ORD109429,2026-07-13,S01,P14,2,20.00,支付宝
ORD100131,2026-05-02,S03,P16,2,10.00,现金
ORD100965,2026-05-08,S05,P08,2,50.00,会员储值
ORD103944,2026-06-01,S02,P02,1,30.00,支付宝
ORD100766,2026-05-07,S05,P03,3,78.00,微信
ORD103155,2026-05-26,S05,P18,3,54.00,会员储值
ORD102571,2026-05-22,S01,P19,1,15.00,银行卡
ORD107888,2026-07-02,S02,P14,1,10.00,现金
ORD100385,2026-05-03,S03,P13,1,20.00,现金
ORD103643,2026-05-30,S03,P09,1,18.00,微信
ORD110878,2026-07-24,S05,P12,2,16.00,银行卡
ORD102548,2026-05-22,S05,P11,2,52.00,支付宝
ORD104419,2026-06-06,S02,P14,3,30.00,银行卡
ORD103965,2026-06-01,S02,P04,3,114.00,微信
ORD102096,2026-05-17,S02,P03,1,26.00,现金
ORD103284,2026-05-27,S01,P08,4,100.00,会员储值
ORD104135,2026-06-03,S04,P14,1,10.00,会员储值
ORD111928,2026-07-31,S04,P07,2,44.00,会员储值
ORD108760,2026-07-08,S04,P15,2,12.00,银行卡
ORD106245,2026-06-20,S01,P19,2,30.00,会员储值
ORD104774,2026-06-07,S03,P03,1,26.00,微信
ORD103886,2026-05-31,S03,P13,2,40.00,银行卡
ORD100895,2026-05-08,S01,P12,1,8.00,银行卡
ORD106744,2026-06-22,S03,P04,1,38.00,微信
ORD110650,2026-07-22,S02,P08,2,50.00,微信
ORD104880,2026-06-08,S02,P10,1,24.00,会员储值
ORD103565,2026-05-30,S01,P19,1,15.00,支付宝
ORD104598,2026-06-07,S01,P10,1,24.00,现金
ORD110269,2026-07-19,S02,P05,2,68.00,银行卡
ORD101588,2026-05-13,S03,P04,1,38.00,微信
ORD108037,2026-07-03,S05,P18,4,72.00,银行卡
ORD102141,2026-05-18,S02,P08,1,25.00,银行卡
ORD108595,2026-07-07,S04,P15,1,6.00,支付宝
ORD109334,2026-07-12,S05,P18,1,18.00,银行卡
ORD110342,2026-07-19,S04,P16,2,10.00,现金
ORD106190,2026-06-19,S05,P06,1,42.00,支付宝
ORD100366,2026-05-03,S01,P05,1,34.00,会员储值
ORD103956,2026-06-01,S03,P04,2,76.00,银行卡
ORD101790,2026-05-15,S05,P12,1,8.00,会员储值
ORD104655,2026-06-07,S02,P17,2,24.00,微信
ORD107707,2026-06-30,S02,P20,1,22.00,银行卡
ORD111647,2026-07-29,S04,P10,2,48.00,支付宝
ORD101908,2026-05-16,S01,P05,1,34.00,微信
ORD101469,2026-05-12,S02,P04,1,38.00,微信
ORD106862,2026-06-23,S04,P10,3,72.00,支付宝
ORD111394,2026-07-26,S02,P15,1,6.00,现金
ORD100186,2026-05-02,S04,P11,2,52.00,支付宝
ORD101233,2026-05-10,S04,P04,2,76.00,会员储值
ORD107370,2026-06-28,S05,P14,2,20.00,会员储值
ORD105993,2026-06-17,S04,P06,2,84.00,支付宝
ORD104722,2026-06-07,S04,P02,2,60.00,支付宝
ORD101394,2026-05-12,S02,P06,1,42.00,银行卡
ORD104872,2026-06-08,S02,P19,1,15.00,微信
ORD107281,2026-06-27,S05,P12,1,8.00,现金
ORD109914,2026-07-17,S03,P14,1,10.00,微信
ORD105156,2026-06-11,S02,P02,2,60.00,微信
ORD102909,2026-05-24,S03,P14,4,40.00,银行卡
ORD108387,2026-07-05,S01,P20,2,44.00,会员储值
ORD100987,2026-05-09,S03,P16,1,5.00,支付宝
ORD106610,2026-06-21,S02,P18,1,18.00,会员储值
ORD102183,2026-05-18,S02,P07,1,22.00,现金
ORD100644,2026-05-05,S02,P18,1,18.00,现金
ORD101561,2026-05-13,S04,P18,1,18.00,银行卡
ORD111145,2026-07-25,S02,P01,1,32.00,会员储值
ORD102811,2026-05-24,S04,P02,1,30.00,银行卡
ORD103906,2026-06-01,S05,P05,2,68.00,现金
ORD103417,2026-05-28,S03,P18,2,36.00,银行卡
ORD108004,2026-07-03,S03,P15,2,12.00,会员储值
ORD107927,2026-07-02,S02,P13,1,20.00,现金
ORD102587,2026-05-22,S04,P04,1,38.00,会员储值
ORD107914,2026-07-02,S05,P18,1,18.00,银行卡
ORD103602,2026-05-30,S04,P18,1,18.00,支付宝
ORD105086,2026-06-10,S01,P16,1,5.00,支付宝
ORD102259,2026-05-19,S05,P09,3,54.00,银行卡
ORD107460,2026-06-28,S02,P16,2,10.00,会员储值
ORD109441,2026-07-13,S02,P02,1,30.00,微信
ORD109895,2026-07-17,S01,P20,1,22.00,现金
ORD101016,2026-05-09,S04,P02,2,60.00,微信
ORD105671,2026-06-14,S05,P02,1,30.00,微信
ORD103633,2026-05-30,S02,P07,1,22.00,微信
ORD101630,2026-05-14,S05,P05,1,34.00,支付宝
ORD108220,2026-07-04,S05,P02,1,30.00,支付宝
ORD106109,2026-06-18,S01,P05,1,34.00,会员储值
ORD105947,2026-06-17,S01,P10,2,48.00,微信
ORD102075,2026-05-17,S03,P14,3,30.00,会员储值
ORD105866,2026-06-16,S03,P17,1,12.00,现金
ORD111734,2026-07-29,S04,P99,2,,微信
ORD110044,2026-07-18,S05,P19,2,30.00,支付宝
ORD107713,2026-06-30,S03,P09,1,18.00,现金
ORD100869,2026-05-08,S01,P16,1,5.00,现金
ORD103530,2026-05-29,S05,P02,1,30.00,微信
ORD101666,2026-05-14,S05,P19,1,15.00,会员储值
ORD102585,2026-05-22,S04,P07,1,22.00,银行卡
ORD100309,2026-05-03,S03,P04,1,38.00,银行卡
ORD110739,2026-07-22,S02,P05,1,34.00,银行卡
ORD109637,2026-07-14,S01,P13,1,20.00,银行卡
ORD108288,2026-07-05,S03,P16,4,20.00,会员储值
ORD110026,2026-07-18,S02,P12,1,8.00,支付宝
ORD102002,2026-05-17,S05,P14,2,20.00,银行卡
ORD105814,2026-06-16,S04,P01,1,32.00,微信
ORD111425,2026-07-27,S04,P16,1,5.00,会员储值
ORD110742,2026-07-23,S02,P02,1,30.00,会员储值
ORD105282,2026-06-12,S03,P05,2,68.00,现金
ORD106653,2026-06-22,S05,P18,2,36.00,会员储值
ORD111616,2026-07-29,S02,P12,1,8.00,银行卡
ORD108475,2026-07-06,S03,P15,4,,现金
ORD110365,2026-07-20,S05,P11,1,26.00,微信
ORD109356,2026-07-12,S01,P20,1,22.00,微信
ORD110700,2026-07-22,S04,P17,2,24.00,现金
ORD111800,2026-07-30,S02,P19,3,45.00,会员储值
ORD103097,2026-05-25,S03,P02,1,30.00,银行卡
ORD111095,2026-07-25,S05,P13,3,60.00,微信
ORD107023,2026-06-25,S03,P05,3,102.00,支付宝
ORD109540,2026-07-13,S05,P07,1,22.00,现金
ORD109950,2026-07-17,S04,P10,3,72.00,现金
ORD103753,2026-05-31,S05,P02,1,30.00,微信
ORD106917,2026-06-24,S02,P14,3,30.00,银行卡
ORD105054,10-06-2026,S04,P18,4,72.00,现金
ORD103945,2026-06-01,S04,P19,3,45.00,银行卡
ORD108319,2026-07-05,S03,P17,4,48.00,微信
ORD105329,12-06-2026,S02,P11,3,78.00,会员储值
ORD106905,2026-06-24,S04,P06,2,84.00,会员储值
ORD107421,2026-06-28,S03,P01,4,128.00,银行卡
ORD100431,2026-05-03,S02,P07,1,22.00,支付宝
ORD111322,2026-07-26,S04,P08,1,25.00,银行卡
ORD107980,2026-07-03,S02,P16,3,15.00,银行卡
ORD110745,2026-07-23,S05,P18,1,18.00,支付宝
ORD104607,2026-06-07,S02,P19,1,15.00,微信
ORD102482,2026-05-21,S04,P02,1,30.00,银行卡
ORD108183,2026/07/04,S04,P11,4,104.00,会员储值
ORD101636,2026-05-14,S02,P16,1,5.00,微信
ORD107706,2026-06-30,S01,P06,3,126.00,现金
ORD102639,2026-05-22,S04,P08,1,25.00,现金
ORD100514,2026-05-04,S03,P01,1,32.00,现金
ORD109625,2026-07-14,S03,P11,2,52.00,现金
ORD103009,2026-05-25,S05,P04,2,76.00,支付宝
ORD103291,2026-05-27,S01,P10,2,48.00,银行卡
ORD107106,2026-06-26,S05,P10,1,24.00,银行卡
ORD102438,2026-05-21,S03,P14,1,10.00,微信
ORD107184,2026-06-26,S04,P01,4,128.00,会员储值
ORD111313,2026-07-26,S01,P18,1,18.00,银行卡
ORD109357,2026-07-12,S03,P04,1,38.00,现金
ORD104918,2026-06-09,S05,P01,3,96.00,银行卡
ORD107526,2026-06-29,S03,P11,1,26.00,现金
ORD105820,2026-06-16,S03,P14,1,10.00,微信
ORD107186,2026-06-26,S04,P06,1,42.00,微信
ORD105290,2026-06-12,S01,P01,1,32.00,现金
ORD110991,2026-07-25,S03,P10,1,,微信
ORD107336,2026-06-27,S04,P15,2,12.00,微信
ORD102546,2026-05-22,S04,P06,1,42.00,银行卡
ORD109058,2026-07-11,S04,P04,1,38.00,微信
ORD111222,2026-07-26,S04,P04,1,38.00,支付宝
ORD104072,2026-06-02,S01,P14,3,30.00,现金
ORD103250,2026-05-27,S02,P14,1,10.00,支付宝
ORD105635,2026-06-14,S04,P03,2,52.00,微信
ORD102733,2026-05-23,S05,P19,2,30.00,现金
ORD100676,2026-05-06,S01,P11,2,52.00,会员储值
ORD105331,2026-06-12,S05,P10,1,24.00,银行卡
ORD107870,2026-07-02,S05,P08,1,25.00,支付宝
ORD103321,2026-05-27,S01,P17,1,12.00,银行卡
ORD107763,2026-07-01,S05,P20,1,22.00,微信
ORD105702,2026-06-15,S05,P12,3,24.00,微信
ORD110810,2026-07-23,S03,P17,4,48.00,会员储值
ORD102922,2026-05-24,S04,P19,1,15.00,微信
ORD104658,2026-06-07,S03,P17,3,36.00,现金
ORD111648,2026-07-29,S05,P19,1,15.00,银行卡
ORD106992,2026-06-25,S02,P11,1,26.00,银行卡
ORD101072,2026-05-09,S02,P01,1,32.00,会员储值
ORD111043,2026-07-25,S05,P07,2,44.00,会员储值
ORD101668,2026-05-14,S05,P02,3,90.00,银行卡
ORD103711,2026-05-30,S03,P19,1,,支付宝
ORD110839,2026-07-23,S05,P04,1,,现金
ORD109245,2026-07-12,S01,P01,1,32.00,银行卡
ORD104883,2026-06-08,S02,P17,1,12.00,会员储值
ORD108203,2026-07-04,S05,P02,2,60.00,微信
ORD107477,2026-06-28,S03,P18,1,18.00,现金
ORD111360,2026-07-26,S01,P12,1,8.00,微信
ORD101674,2026-05-14,S01,P02,3,90.00,微信
ORD104642,2026-06-07,S01,P03,2,52.00,现金
ORD103624,2026-05-30,S03,P08,1,25.00,支付宝
ORD110052,2026-07-18,S01,P14,2,20.00,现金
ORD108550,2026-07-07,S01,P18,3,54.00,支付宝
ORD103280,2026-05-27,S03,P15,1,6.00,会员储值
ORD110675,2026-07-22,S02,P06,3,126.00,银行卡
ORD111565,2026-07-28,S04,P12,2,16.00,支付宝
ORD107408,2026-06-28,S04,P02,1,30.00,现金
ORD109876,2026-07-17,S02,P19,1,15.00,现金
ORD111661,2026-07-29,S03,P08,1,25.00,支付宝
ORD105128,2026-06-11,S05,P10,2,48.00,支付宝
ORD101021,2026-05-09,S02,P08,1,25.00,支付宝
ORD105467,2026-06-13,S02,P19,1,15.00,会员储值
ORD103750,2026-05-31,S04,P17,1,12.00,支付宝
ORD100983,2026-05-09,S04,P08,1,25.00,微信
ORD100118,2026-05-02,S01,P13,1,20.00,会员储值
ORD106747,2026-06-22,S02,P16,3,15.00,微信
ORD107847,2026-07-02,S03,P16,1,5.00,银行卡
ORD103556,2026-05-30,S02,P01,1,32.00,银行卡
ORD109057,2026-07-11,S02,P05,3,102.00,会员储值
ORD111839,2026-07-30,S02,P16,2,10.00,银行卡
ORD101829,2026-05-16,S05,P06,2,84.00,支付宝
ORD108378,2026/07/05,S02,P04,2,76.00,银行卡
ORD110756,2026/07/23,S01,P03,1,26.00,会员储值
ORD100021,2026-05-01,S03,P08,1,25.00,现金
ORD104814,2026-06-08,S05,P11,2,52.00,支付宝
ORD110391,2026-07-20,S04,P20,1,22.00,微信
ORD105445,2026-06-13,S03,P09,2,36.00,微信
ORD107178,2026-06-26,S02,P01,2,64.00,现金
ORD108620,2026-07-07,S01,P10,4,96.00,微信
ORD109706,2026-07-15,S02,P11,4,104.00,支付宝
ORD105087,2026-06-10,S04,P19,2,30.00,现金
ORD103548,2026-05-29,S02,P01,1,32.00,会员储值
ORD102418,2026-05-20,S02,P10,1,24.00,支付宝
ORD107172,2026-06-26,S04,P10,2,,微信
ORD103256,2026-05-27,S03,P15,1,6.00,会员储值
ORD107018,2026-06-25,S04,P04,1,38.00,现金
ORD103264,2026-05-27,S05,P07,1,22.00,会员储值
ORD105010,2026-06-10,S01,P04,3,114.00,微信
ORD101906,2026-05-16,S05,P15,2,12.00,支付宝
ORD108374,2026-07-05,S05,P17,2,24.00,银行卡
ORD101176,2026-05-10,S04,P11,1,26.00,银行卡
ORD109899,2026-07-17,S03,P08,4,100.00,支付宝
ORD110442,2026-07-20,S04,P04,1,38.00,微信
ORD103405,2026-05-28,S01,P08,1,25.00,会员储值
ORD103660,2026-05-30,S01,P19,1,15.00,现金
ORD101971,2026-05-16,S02,P19,1,15.00,支付宝
ORD102268,2026-05-19,S02,P08,1,25.00,支付宝
ORD101523,2026-05-13,S04,P16,1,5.00,银行卡
ORD108860,2026-07-09,S01,P13,1,20.00,银行卡
ORD100291,2026-05-03,S01,P04,1,38.00,银行卡
ORD110449,2026-07-20,S02,P01,3,96.00,会员储值
ORD105738,2026-06-15,S04,P09,2,36.00,微信
ORD102236,2026-05-19,S04,P09,1,18.00,会员储值
ORD109410,2026-07-13,S02,P07,3,66.00,支付宝
ORD104396,2026-06-06,S03,P14,1,10.00,会员储值
ORD107720,2026-06-30,S05,P06,1,42.00,现金
ORD105459,2026-06-13,S04,P13,2,40.00,现金
ORD107334,2026-06-27,S01,P18,1,18.00,微信
ORD100993,2026-05-09,S04,P16,1,5.00,微信
ORD108532,2026-07-07,S05,P18,2,36.00,微信
ORD110747,2026-07-23,S01,P04,1,38.00,支付宝
ORD104597,2026-06-07,S03,P09,1,18.00,会员储值
ORD111814,2026-07-30,S04,P09,1,18.00,微信
ORD104237,2026-06-04,S03,P20,2,44.00,现金
ORD101586,2026-05-13,S01,P03,2,¥52.00,现金
ORD109712,2026-07-15,S03,P02,2,60.00,银行卡
ORD110975,2026-07-24,S04,P18,1,18.00,现金
ORD111124,2026-07-25,S01,P06,1,42.00,会员储值
ORD104232,2026-06-04,S05,P18,1,18.00,支付宝
ORD109212,2026-07-12,S02,P16,1,5.00,会员储值
ORD105455,2026-06-13,S04,P11,2,52.00,会员储值
ORD111618,2026-07-29,S03,P17,1,12.00,银行卡
ORD107208,2026-06-27,S04,P15,1,6.00,支付宝
ORD103722,2026-05-31,S02,P17,2,24.00,支付宝
ORD102630,2026-05-22,S04,P18,1,18.00,支付宝
ORD104726,2026-06-07,S01,P03,1,26.00,现金
ORD109976,2026-07-17,S01,P11,1,26.00,银行卡
ORD110954,2026-07-24,S04,P15,2,12.00,支付宝
ORD100920,2026-05-08,S03,P20,1,22.00,微信
ORD107598,2026-06-29,S04,P02,1,30.00,微信
ORD106073,2026-06-18,S01,P20,3,66.00,微信
ORD110473,2026-07-21,S02,P17,2,24.00,支付宝
ORD100103,2026-05-01,S02,P16,1,5.00,微信
ORD101402,2026-05-12,S04,P05,1,34.00,微信
ORD101008,2026-05-09,S05,P01,1,32.00,现金
ORD107091,2026-06-26,S05,P16,1,5.00,银行卡
ORD103331,2026-05-27,S02,P14,1,10.00,会员储值
ORD100655,2026-05-05,S02,P08,3,75.00,银行卡
ORD102768,2026-05-23,S04,P10,2,48.00,微信
ORD110163,2026-07-18,S04,P10,1,24.00,支付宝
ORD104265,2026-06-04,S05,P17,1,12.00,银行卡
ORD106570,2026-06-21,S02,P06,1,42.00,现金
ORD101536,2026-05-13,S03,P14,1,10.00,银行卡
ORD102996,2026/05/25,S04,P19,-1,15.00,微信
ORD101132,2026-05-09,S05,P15,1,6.00,微信
ORD102437,2026-05-21,S01,P17,2,24.00,支付宝
ORD103346,2026-05-28,S03,P14,2,20.00,会员储值
ORD100971,2026-05-08,S02,P18,2,36.00,微信
ORD105372,2026-06-13,S02,P17,1,12.00,现金
ORD109050,2026-07-11,S03,P01,3,96.00,银行卡
ORD107377,2026-06-28,S04,P14,1,10.00,支付宝
ORD102762,2026-05-23,S02,P07,1,22.00,银行卡
ORD102724,2026-05-23,S04,P13,2,40.00,支付宝
ORD101733,2026-05-15,S05,P17,1,12.00,银行卡
ORD110176,2026-07-18,S04,P01,1,32.00,微信
ORD105262,2026-06-12,S04,P02,1,30.00,现金
ORD106643,2026-06-22,S04,P13,3,60.00,会员储值
ORD108766,2026-07-08,S04,P14,1,10.00,支付宝
ORD101333,2026-05-11,S04,P05,2,68.00,会员储值
ORD104704,2026-06-07,S04,P17,3,36.00,银行卡
ORD100618,2026-05-05,S01,P09,3,54.00,微信
ORD108097,2026-07-04,S01,P08,1,25.00,银行卡
ORD111521,2026-07-28,S01,P06,2,84.00,现金
ORD110890,2026-07-24,S05,P01,1,32.00,微信
ORD108907,2026-07-10,S05,P04,3,114.00,会员储值
ORD109507,2026-07-13,S05,P01,2,64.00,现金
ORD104087,2026-06-02,S03,P13,3,60.00,现金
ORD110458,2026-07-21,S03,P04,2,76.00,支付宝
ORD101904,2026-05-16,S05,P09,1,18.00,银行卡
ORD101033,2026-05-09,S05,P13,1,20.00,微信
ORD102356,2026-05-20,S02,P13,3,60.00,支付宝
ORD111546,2026-07-28,S04,P17,2,24.00,现金
ORD105739,2026-06-15,S04,P09,1,18.00,现金
ORD105526,2026-06-13,S04,P01,1,32.00,银行卡
ORD101521,2026-05-13,S05,P18,2,36.00,支付宝
ORD108025,2026-07-03,S03,P03,2,52.00,银行卡
ORD103400,2026-05-28,S03,P20,1,22.00,会员储值
ORD104312,2026-06-05,S01,P01,2,64.00,微信
ORD109987,2026-07-17,S01,P18,3,54.00,微信
ORD111498,2026-07-27,S01,P16,1,5.00,会员储值
ORD102727,2026-05-23,S01,P10,1,24.00,现金
ORD107740,2026-07-01,S01,P07,1,22.00,会员储值
ORD107606,2026-06-29,S05,P12,2,16.00,支付宝
ORD107200,2026-06-27,S03,P04,1,38.00,微信
ORD110932,2026-07-24,S04,P01,1,32.00,现金
ORD107143,2026-06-26,S04,P10,2,48.00,支付宝
ORD104559,2026-06-06,S03,P17,2,24.00,会员储值
ORD111528,2026-07-28,S02,P06,1,42.00,会员储值
ORD110789,2026-07-23,S02,P17,2,24.00,会员储值
ORD106734,2026-06-22,S05,P13,2,40.00,银行卡
ORD111163,2026-07-25,S02,P03,3,78.00,会员储值
ORD100191,2026-05-02,S05,P17,2,24.00,现金
ORD109944,2026-07-17,S02,P07,3,66.00,银行卡
ORD110496,2026-07-21,S04,P16,2,10.00,微信
ORD100556,2026-05-04,S04,P08,1,25.00,会员储值
ORD109428,2026-07-13,S05,P03,4,,支付宝
ORD100751,2026-05-07,S01,P10,1,24.00,支付宝
ORD100800,2026-05-07,S04,P03,1,26.00,会员储值
ORD106396,2026-06-20,S02,P06,2,84.00,银行卡
ORD106977,2026-06-24,S03,P04,1,38.00,现金
ORD112007,2026-07-31,S01,P19,1,15.00,微信
ORD107222,2026-06-27,S03,P01,1,32.00,银行卡
ORD100598,2026-05-05,S01,P06,3,126.00,会员储值
ORD109389,2026-07-12,S04,P15,2,12.00,银行卡
ORD107127,2026-06-26,S03,P13,1,20.00,现金
ORD103090,2026-05-25,S04,P05,4,136.00,银行卡
ORD102111,2026-05-17,S02,P18,1,18.00,会员储值
ORD111782,2026-07-30,S05,P10,1,24.00,现金
ORD108185,2026-07-04,S05,P01,1,32.00,微信
ORD105294,2026-06-12,S01,P04,1,38.00,银行卡
ORD108515,2026-07-06,S01,P01,1,32.00,银行卡
ORD100194,2026-05-02,S05,P06,1,42.00,银行卡
ORD108134,2026-07-04,S02,P14,4,40.00,银行卡
ORD108032,2026-07-03,S02,P15,1,6.00,支付宝
ORD110652,2026-07-22,S02,P01,1,32.00,银行卡
ORD104551,2026-06-06,S03,P14,3,30.00,银行卡
ORD102469,2026-05-21,S02,P08,1,25.00,会员储值
ORD107918,2026-07-02,S04,P10,4,96.00,现金
ORD106713,2026-06-22,S01,P11,1,26.00,现金
ORD111873,2026-07-30,S05,P20,2,44.00,会员储值
ORD106143,2026-06-19,S02,P06,1,42.00,会员储值
ORD107965,2026-07-02,S01,P13,1,20.00,现金
ORD105358,2026-06-13,S04,P08,2,50.00,支付宝
ORD109543,2026-07-14,S01,P10,2,48.00,支付宝
ORD103966,2026-06-01,S04,P07,2,44.00,微信
ORD108326,2026-07-05,S03,P02,1,30.00,支付宝
ORD102322,2026-05-20,S03,P07,1,22.00,银行卡
ORD101781,2026-05-15,S02,P12,1,8.00,支付宝
ORD103022,2026-05-25,S05,P13,2,40.00,微信
ORD106148,2026-06-19,S05,P16,1,5.00,微信
ORD107823,2026-07-01,S01,P15,1,6.00,支付宝
ORD106050,2026-06-18,S01,P16,2,10.00,微信
ORD110624,2026-07-22,S01,P09,1,18.00,支付宝
ORD108779,2026-07-09,S03,P01,1,32.00,支付宝
ORD104084,2026-06-02,S01,P18,1,18.00,现金
ORD101344,2026-05-11,S03,P10,3,72.00,银行卡
ORD100692,2026-05-06,S03,P19,1,15.00,支付宝
ORD104061,2026-06-02,S02,P13,2,40.00,微信
ORD111604,2026-07-28,S01,P08,1,25.00,微信
ORD111343,2026-07-26,S04,P10,1,24.00,支付宝
ORD109490,2026-07-13,S04,P19,4,60.00,支付宝
ORD109719,2026-07-15,S02,P19,1,15.00,支付宝
ORD110808,2026-07-23,S03,P16,2,10.00,微信
ORD102121,2026-05-17,S04,P04,1,38.00,现金
ORD100292,2026-05-03,S05,P17,3,36.00,微信
ORD105797,2026-06-16,S04,P14,1,10.00,现金
ORD102377,2026-05-20,S02,P10,1,24.00,现金
ORD110532,2026-07-21,S01,P18,3,54.00,银行卡
ORD105468,2026-06-13,S04,P16,1,5.00,支付宝
ORD103497,2026-05-29,S02,P06,3,126.00,支付宝
ORD102992,2026-05-25,S02,P15,2,12.00,支付宝
ORD109878,2026-07-17,S05,P13,1,20.00,微信
ORD103027,2026-05-25,S03,P03,2,52.00,支付宝
ORD104961,2026-06-09,S02,P18,1,18.00,微信
ORD107576,2026-06-29,S04,P09,2,36.00,支付宝
ORD110409,2026-07-20,S05,P14,2,20.00,银行卡
ORD105143,2026-06-11,S01,P10,2,48.00,会员储值
ORD110115,2026-07-18,S02,P10,3,72.00,微信
ORD107727,2026-06-30,S03,P07,1,22.00,银行卡
ORD110056,2026-07-18,S05,P12,1,8.00,现金
ORD107534,2026-06-29,S01,P04,2,76.00,支付宝
ORD104002,2026-06-02,S02,P08,4,100.00,银行卡
ORD100403,2026-05-03,S04,P18,1,18.00,会员储值
ORD102989,2026-05-25,S01,P06,3,126.00,支付宝
ORD101121,2026-05-09,S02,P04,1,38.00,现金
ORD107562,2026-06-29,S04,P12,2,16.00,微信
ORD109477,2026-07-13,S02,P15,1,6.00,现金
ORD103987,2026-06-01,S03,P04,4,152.00,会员储值
ORD102384,2026-05-20,S01,P14,2,20.00,现金
ORD108127,2026-07-04,S04,P11,2,52.00,会员储值
ORD110970,2026-07-24,S02,P10,1,24.00,现金
ORD110520,2026-07-21,S04,P16,1,5.00,现金
ORD110086,2026-07-18,S01,P10,3,72.00,银行卡
ORD110856,2026-07-24,S01,P18,1,18.00,微信
ORD108618,2026-07-07,S03,P02,1,30.00,微信
ORD100935,2026-05-08,S03,P10,1,24.00,支付宝
ORD109541,2026-07-13,S02,P17,2,24.00,银行卡
ORD104987,2026-06-09,S03,P02,4,120.00,微信
ORD104599,2026-06-07,S02,P18,3,54.00,现金
ORD107816,2026-07-01,S01,P06,1,42.00,现金
ORD111903,2026-07-31,S04,P17,3,36.00,会员储值
ORD100880,2026-05-08,S03,P08,1,25.00,现金
ORD103963,2026-06-01,S04,P06,2,84.00,支付宝
ORD111927,2026-07-31,S04,P14,2,20.00,支付宝
ORD103127,2026-05-26,S05,P15,1,6.00,银行卡
ORD107869,2026-07-02,S02,P14,1,10.00,银行卡
ORD111441,2026-07-27,S05,P08,3,75.00,现金
ORD110758,2026/07/23,S05,P14,1,10.00,支付宝
ORD106551,2026-06-21,S02,P15,2,12.00,会员储值
ORD100593,2026-05-05,S05,P11,1,26.00,现金
ORD106666,2026-06-22,S02,P10,2,48.00,支付宝
ORD106806,23-06-2026,S04,P03,4,104.00,会员储值
ORD105510,2026-06-13,S03,P07,2,44.00,微信
ORD107260,2026-06-27,S03,P16,2,10.00,银行卡
ORD105137,2026-06-11,S03,P17,1,12.00,银行卡
ORD111949,2026-07-31,S02,P04,3,114.00,支付宝
ORD104586,2026-06-07,S02,P13,3,60.00,微信
ORD102326,2026-05-20,S04,P99,1,15.00,会员储值
ORD101472,2026-05-12,S01,P11,2,52.00,会员储值
ORD110399,2026-07-20,S05,P18,1,18.00,银行卡
ORD110769,2026-07-23,S02,P99,1,8.00,支付宝
ORD106029,2026-06-18,S01,P14,1,10.00,银行卡
ORD107191,2026-06-27,S01,P01,2,64.00,银行卡
ORD111766,2026-07-30,S05,P14,1,10.00,支付宝
ORD104854,2026-06-08,S04,P01,1,32.00,微信
ORD103170,2026-05-26,S02,P19,2,30.00,现金
ORD101747,2026-05-15,S05,P17,1,12.00,支付宝
ORD107337,2026-06-28,S02,P19,1,15.00,微信
ORD109362,2026-07-12,S03,P08,1,25.00,银行卡
ORD107203,2026-06-27,S04,P02,2,60.00,银行卡
ORD104400,2026-06-06,S04,P15,2,12.00,银行卡
ORD111863,2026-07-30,S04,P16,1,5.00,支付宝
ORD107012,2026-06-25,S01,P20,1,22.00,银行卡
ORD111408,2026-07-27,S02,P14,1,10.00,支付宝
ORD109257,2026-07-12,S01,P05,1,34.00,银行卡
ORD103604,2026-05-30,S05,P18,1,18.00,支付宝
ORD110403,2026-07-20,S05,P18,2,36.00,支付宝
ORD106959,2026-06-24,S01,P10,1,24.00,银行卡
ORD106767,2026-06-23,S03,P11,1,26.00,微信
ORD108107,2026-07-04,S01,P13,1,20.00,银行卡
ORD103060,2026-05-25,S01,P04,1,38.00,会员储值
ORD105437,2026-06-13,S04,P04,1,38.00,支付宝
ORD106449,2026-06-21,S02,P08,1,25.00,支付宝
ORD105431,2026-06-13,S04,P03,2,52.00,现金
ORD100149,2026-05-02,S03,P19,4,60.00,会员储值
ORD108111,2026-07-04,S05,P14,1,10.00,微信
ORD100689,2026-05-06,S04,P16,3,15.00,现金
ORD102948,2026-05-24,S04,P16,1,5.00,银行卡
ORD106694,2026-06-22,S02,P10,2,48.00,支付宝
ORD104796,2026-06-08,S01,P17,2,24.00,微信
ORD111530,2026-07-28,S04,P03,2,52.00,银行卡
ORD109378,2026-07-12,S01,P19,2,30.00,会员储值
ORD103041,2026-05-25,S01,P04,1,38.00,会员储值
ORD101788,2026-05-15,S04,P20,1,22.00,会员储值
ORD108082,2026-07-03,S05,P17,2,24.00,支付宝
ORD107022,2026-06-25,S01,P03,1,26.00,会员储值
ORD108999,2026-07-10,S01,P06,3,126.00,银行卡
ORD105110,2026-06-10,S05,P15,2,12.00,微信
ORD105809,2026-06-16,S02,P13,1,20.00,支付宝
ORD104184,2026-06-03,S04,P05,1,34.00,会员储值
ORD100136,2026-05-02,S03,P05,1,34.00,现金
ORD111930,2026-07-31,S03,P15,1,6.00,会员储值
ORD110714,2026-07-22,S03,P03,1,26.00,支付宝
ORD111080,25-07-2026,S04,P11,1,26.00,现金
ORD103349,2026-05-28,S05,P16,2,10.00,会员储值
ORD105307,2026-06-12,S04,P01,2,64.00,支付宝
ORD106798,2026-06-23,S03,P19,2,30.00,现金
ORD101338,2026-05-11,S05,P18,4,72.00,会员储值
ORD110579,2026-07-21,S04,P09,2,36.00,现金
ORD100352,2026-05-03,S04,P02,2,60.00,银行卡
ORD108212,2026-07-04,S04,P08,4,-100.00,会员储值
ORD107490,2026-06-28,S04,P06,3,126.00,微信
ORD100802,2026-05-07,S05,P11,1,26.00,微信
ORD110290,2026-07-19,S05,P18,1,18.00,现金
ORD102421,2026-05-20,S05,P07,1,22.00,银行卡
ORD110340,2026-07-19,S03,P13,1,20.00,现金
ORD108581,2026-07-07,S04,P16,2,10.00,微信
ORD111314,2026-07-26,S01,P03,1,26.00,会员储值
ORD104612,2026-06-07,S04,P01,2,64.00,微信
ORD101957,2026-05-16,S01,P13,1,20.00,微信
ORD107946,2026-07-02,S01,P20,1,22.00,微信
ORD104144,2026-06-03,S03,P09,1,18.00,微信
ORD109116,2026-07-11,S04,P16,4,20.00,支付宝
ORD100239,2026-05-02,S05,P15,2,12.00,支付宝
ORD102034,2026-05-17,S05,P10,1,24.00,会员储值
ORD101307,2026-05-11,S03,P01,3,96.00,现金
ORD111045,2026-07-25,S04,P10,1,24.00,微信
ORD110359,2026-07-20,S02,P08,3,75.00,微信
ORD102589,2026-05-22,S02,P02,2,60.00,银行卡
ORD100160,2026-05-02,S03,P16,2,10.00,银行卡
ORD108631,2026-07-07,S02,P06,2,84.00,微信
ORD101785,2026-05-15,S01,P04,1,38.00,现金
ORD104442,2026-06-06,S02,P16,1,5.00,支付宝
ORD108783,2026-07-09,S02,P04,3,114.00,微信
ORD105263,2026-06-12,S04,P02,2,60.00,支付宝
ORD102186,2026-05-18,S05,P08,1,25.00,会员储值
ORD108961,2026-07-10,S03,P09,2,36.00,支付宝
ORD103286,2026-05-27,S04,P18,1,18.00,支付宝
ORD108493,2026-07-06,S03,P12,1,8.00,现金
ORD109504,2026-07-13,S05,P02,3,-90.00,微信
ORD102358,2026-05-20,S02,P05,2,68.00,现金
ORD109165,2026-07-11,S01,P15,2,12.00,银行卡
ORD111019,2026-07-25,S02,P05,1,34.00,会员储值
ORD105945,2026-06-17,S04,P19,1,15.00,支付宝
ORD107319,2026-06-27,S02,P01,2,64.00,支付宝
ORD100236,2026-05-02,S01 ,P16,2,10.00,微信
ORD102242,2026-05-19,S01,P14,1,10.00,银行卡
ORD104541,2026-06-06,S02,P06,2,84.00,微信
ORD110980,2026-07-24,S05,P02,1,30.00,现金
ORD101270,2026-05-10,S02,P17,2,24.00,银行卡
ORD111226,2026-07-26,S04,P18,1,-18.00,微信
ORD103760,2026-05-31,S04,P12,3,24.00,银行卡
ORD109640,2026-07-14,S01,P03,3,78.00,现金
ORD108424,2026-07-06,S04,P13,1,20.00,微信
ORD110550,2026-07-21,S05,P14,1,10.00,会员储值
ORD106188,2026-06-19,S05,P16,3,15.00,银行卡
ORD107224,2026-06-27,S05,P10,1,24.00,现金
ORD111515,2026-07-28,S03,P18,1,18.00,银行卡
ORD105007,2026-06-09,S01,P09,1,18.00,银行卡
ORD111268,2026-07-26,S04,P02,1,30.00,现金
ORD109220,2026-07-12,S02,P15,1,6.00,支付宝
ORD103724,2026-05-31,S02,P16,1,5.00,支付宝
ORD111311,2026-07-26,S01,P04,3,114.00,微信
ORD111404,2026-07-27,S01,P20,1,22.00,支付宝
ORD104752,2026-06-07,S03,P04,1,38.00,银行卡
ORD105931,2026-06-17,S01,P17,2,24.00,支付宝
ORD101422,2026-05-12,S01,P13,1,20.00,现金
ORD111413,2026-07-27,S03,P07,4,88.00,现金
ORD105916,2026-06-17,S01,P15,1,6.00,支付宝
ORD104745,2026-06-07,S01,P12,2,16.00,微信
ORD110150,2026-07-18,S05,P10,4,96.00,支付宝
ORD101671,2026-05-14,S02,P12,2,16.00,会员储值
ORD103214,2026-05-26,S03,P05,1,34.00,会员储值
ORD101280,2026-05-10,S03,P10,2,48.00,现金
ORD101420,2026-05-12,S02,P13,1,20.00,支付宝
ORD111048,2026-07-25,S01,P13,1,20.00,支付宝
ORD110008,2026-07-17,S04,P06,2,84.00,银行卡
ORD103140,2026-05-26,S05,P09,1,18.00,支付宝
ORD111880,2026-07-30,S03,P07,1,22.00,银行卡
ORD104804,2026-06-08,S01,P15,2,12.00,银行卡
ORD108850,2026-07-09,S03,P20,4,88.00,银行卡
ORD108426,2026-07-06,S01,P13,2,40.00,会员储值
ORD110780,2026-07-23,S02,P06,1,42.00,现金
ORD105316,2026-06-12,S04,P10,1,24.00,支付宝
ORD109118,2026-07-11,S04,P09,1,18.00,会员储值
ORD107505,2026-06-29,S04,P18,3,54.00,微信
ORD111112,2026-07-25,S04,P05,1,34.00,微信
ORD102079,2026-05-17,S03,P08,1,25.00,现金
ORD102163,2026-05-18,S04,P02,1,30.00,支付宝
ORD102180,2026-05-18,S02,P13,1,20.00,支付宝
ORD105577,2026-06-14,S01,P05,1,34.00,会员储值
ORD104000,2026-06-02,S03,P04,3,114.00,支付宝
ORD109448,2026-07-13,S03,P17,1,12.00,支付宝
ORD103404,2026-05-28,S01,P08,1,25.00,微信
ORD103502,2026-05-29,S03,P14,1,10.00,现金
ORD107669,2026-06-30,S01,P20,1,22.00,微信
ORD105579,2026-06-14,S03,P12,4,32.00,微信
ORD100374,2026-05-03,S04,P05,1,34.00,现金
ORD101388,2026-05-11,S04,P05,1,34.00,银行卡
ORD110270,2026-07-19,S01,P15,1,6.00,银行卡
ORD108068,2026-07-03,S05,P20,1,22.00,现金
ORD102900,2026-05-24,S03,P10,2,48.00,现金
ORD107538,2026-06-29,S03,P12,1,8.00,微信
ORD106098,2026-06-18,S02,P20,4,88.00,现金
ORD101185,2026-05-10,S03,P16,2,10.00,现金
ORD107090,2026-06-26,S04,P08,3,75.00,现金
ORD102610,2026-05-22,S03,P13,1,20.00,会员储值
ORD104527,2026-06-06,S04,P06,3,126.00,会员储值
ORD100346,2026-05-03,S02,P06,1,42.00,支付宝
ORD109718,2026-07-15,S01,P06,2,84.00,支付宝
ORD106899,2026-06-24,S04,P02,1,30.00,现金
ORD104971,2026-06-09,S04,P06,1,42.00,会员储值
ORD100447,2026-05-03,S05,P03,1,,会员储值
ORD110683,2026-07-22,S01,P08,1,25.00,支付宝
ORD105408,2026-06-13,S05,P15,1,6.00,会员储值
ORD104996,2026-06-09,S01,P06,2,84.00,会员储值
ORD109802,2026-07-16,S04,P05,1,34.00,支付宝
ORD106294,2026-06-20,S05,P09,1,18.00,微信
ORD106117,2026-06-19,S03,P02,2,60.00,微信
ORD101740,2026-05-15,S01,P06,3,126.00,微信
ORD105657,2026-06-14,S02,P01,1,32.00,现金
ORD100243,2026-05-02,S01,P13,3,60.00,银行卡
ORD106065,2026-06-18,S01,P15,1,6.00,银行卡
ORD110135,2026-07-18,S04,P08,1,25.00,会员储值
ORD106903,2026-06-24,S04,P15,2,12.00,现金
ORD109862,2026-07-16,S03,P13,1,20.00,现金
ORD102074,2026-05-17,S05,P02,2,60.00,银行卡
ORD102333,2026-05-20,S02,P08,1,25.00,微信
ORD104807,2026-06-08,S01,P14,3,30.00,微信
ORD109696,2026-07-15,S02,P10,2,48.00,现金
ORD103124,2026-05-26,S03,P13,2,40.00,微信
ORD111967,2026-07-31,S05,P19,3,45.00,现金
ORD105774,2026-06-15,S02,P14,2,20.00,银行卡
ORD101339,2026-05-11,S04,P10,1,24.00,银行卡
ORD109096,2026-07-11,S05,P02,2,60.00,现金
ORD109951,2026-07-17,S05,P09,2,,会员储值
ORD106548,2026-06-21,S01,P12,1,8.00,现金
ORD111350,2026-07-26,S02,P05,1,34.00,银行卡
ORD104092,2026-06-02,S02,P15,1,¥6.00,会员储值
ORD106026,2026-06-18,S03,P20,2,44.00,支付宝
ORD100422,2026-05-03,S04,P08,3,75.00,支付宝
ORD110679,2026-07-22,S04,P11,1,26.00,银行卡
ORD106997,2026-06-25,S02,P20,2,44.00,支付宝
ORD102559,2026-05-22,S01,P05,3,102.00,现金
ORD101968,2026-05-16,S01,P01,1,32.00,支付宝
ORD103035,2026-05-25,S05,P09,1,18.00,支付宝
ORD107399,2026-06-28,S02,P10,1,24.00,现金
ORD101002,2026-05-09,S04,P11,1,26.00,现金
ORD106640,2026-06-22,S05,P06,2,84.00,现金
ORD103558,2026-05-30,S04,P07,1,22.00,支付宝
ORD104287,2026-06-05,S05,P02,1,30.00,支付宝
ORD108081,2026-07-03,S02,P11,2,52.00,会员储值
ORD104435,2026-06-06,S02,P20,2,44.00,微信
ORD111717,2026-07-29,S01,P15,1,6.00,支付宝
ORD102887,2026-05-24,S01,P05,1,34.00,现金
ORD109757,2026-07-15,S01,P07,1,22.00,支付宝
ORD103102,2026-05-25,S04,P06,2,84.00,微信
ORD105133,2026-06-11,S05,P16,3,15.00,微信
ORD100456,2026-05-04,S03,P01,3,96.00,支付宝
ORD108033,2026-07-03,S02,P09,1,18.00,银行卡
ORD101239,2026-05-10,S01,P13,1,20.00,现金
ORD104054,2026-06-02,S01,P02,2,60.00,支付宝
ORD103205,2026-05-26,S02,P15,1,6.00,支付宝
ORD109047,2026-07-11,S04,P10,1,24.00,支付宝
ORD103865,2026-05-31,S01,P17,2,24.00,会员储值
ORD103605,2026-05-30,S02,P03,1,26.00,会员储值
ORD111815,2026-07-30,S01,P02,1,30.00,支付宝
ORD107799,2026-07-01,S01,P05,1,34.00,会员储值
ORD103920,2026-06-01,S05,P09,2,36.00,现金
ORD108012,2026-07-03,S02,P06,2,84.00,会员储值
ORD106619,2026-06-21,S01,P09,1,18.00,银行卡
ORD101090,2026-05-09,S05,P13,2,40.00,现金
ORD103778,2026-05-31,S02,P11,4,104.00,银行卡
ORD109305,2026-07-12,S05,P17,2,24.00,现金
ORD110280,2026-07-19,S01,P07,2,44.00,支付宝
ORD101949,16-05-2026,S04,P03,2,52.00,会员储值
ORD106962,2026-06-24,S05,P02,1,30.00,支付宝
ORD103438,2026-05-28,S05,P07,3,66.00,现金
ORD111826,2026-07-30,S03,P14,3,30.00,银行卡
ORD109136,2026-07-11,S05,P20,2,44.00,现金
ORD111301,2026-07-26,S01,P14,2,20.00,现金
ORD103935,2026-06-01,S01,P13,1,20.00,微信
ORD109965,2026-07-17,S02,P13,2,40.00,银行卡
ORD103948,2026-06-01,S03,P05,1,34.00,银行卡
ORD101256,2026-05-10,S02,P05,2,68.00,银行卡
ORD109119,2026-07-11,S01,P15,1,6.00,现金
ORD103165,2026-05-26,S02,P08,1,25.00,微信
ORD108548,2026-07-07,S05,P07,2,44.00,微信
ORD107955,2026-07-02,S01,P03,1,26.00,银行卡
ORD108264,2026-07-05,S02,P03,1,26.00,会员储值
ORD105921,2026-06-17,S05,P01,3,96.00,现金
ORD102913,2026-05-24,S03,P03,2,52.00,现金
ORD107422,2026-06-28,S02,P13,2,,会员储值
ORD105898,2026-06-17,S04,P13,1,20.00,支付宝
ORD105823,2026-06-16,S01,P04,3,114.00,微信
ORD105328,2026-06-12,S03,P13,2,40.00,微信
ORD109947,2026-07-17,S02,P20,2,44.00,银行卡
ORD103048,2026-05-25,S03,P14,1,10.00,微信
ORD110070,2026-07-18,S04,P14,2,20.00,支付宝
ORD111820,2026-07-30,S01,P20,4,88.00,现金
ORD102550,2026-05-22,S05,P15,1,,微信
ORD101193,2026-05-10,S04,P03,1,26.00,微信
ORD105853,2026-06-16,S04,P15,1,6.00,银行卡
ORD108436,2026-07-06,S01,P15,1,6.00,银行卡
ORD109715,2026-07-15,S05,P04,4,152.00,会员储值
ORD110663,2026-07-22,S02,P06,2,84.00,银行卡
ORD107627,2026/06/29,S01,P10,2,48.00,现金
ORD110665,2026-07-22,S01,P10,3,72.00,会员储值
ORD106932,2026-06-24,S04,P03,1,26.00,银行卡
ORD107798,2026-07-01,S05,P15,1,6.00,现金
ORD107104,2026-06-26,S05,P09,2,36.00,支付宝
ORD102991,2026-05-25,S03,P07,1,22.00,支付宝
ORD101769,2026-05-15,S04,P09,0,18.00,支付宝
ORD105926,2026-06-17,S01,P15,2,12.00,微信
ORD106513,2026-06-21,S03,P11,3,78.00,会员储值
ORD100339,2026-05-03,S05,P17,1,,微信
ORD107003,2026-06-25,S05,P06,2,84.00,会员储值
ORD109924,2026-07-17,S02,P02,1,30.00,现金
ORD105981,2026-06-17,S04,P01,3,96.00,会员储值
ORD111582,2026-07-28,S05,P11,1,26.00,微信
ORD106183,2026-06-19,S01,P12,2,16.00,会员储值
ORD109550,2026-07-14,S02,P06,2,84.00,微信
ORD105535,2026-06-14,S02,P05,1,34.00,现金
ORD104834,2026-06-08,S05,P12,2,16.00,微信
ORD105751,2026-06-15,S01,P20,1,22.00,微信
ORD107848,2026-07-02,S05,P04,4,152.00,支付宝
ORD103664,2026-05-30,S01,P17,1,12.00,微信
ORD100449,2026-05-03,S04,P14,2,20.00,微信
ORD100099,2026-05-01,S05,P14,1,10.00,银行卡
ORD104469,2026-06-06,S03,P06,2,84.00,支付宝
ORD104390,2026-06-06,S04,P19,1,15.00,会员储值
ORD102831,2026-05-24,S05,P06,3,126.00,会员储值
ORD100318,2026-05-03,S05,P01,1,32.00,微信
ORD111872,2026-07-30,S04,P12,1,8.00,支付宝
ORD110218,2026-07-19,S03,P17,1,12.00,现金
ORD109173,2026-07-11,S03,P05,1,34.00,银行卡
ORD105167,2026-06-11,S01,P02,1,30.00,会员储值
ORD109219,2026-07-12,S02,P03,1,26.00,会员储值
ORD103442,2026-05-28,S04,P08,2,50.00,支付宝
ORD108247,2026-07-04,S02,P20,1,22.00,银行卡
ORD110237,2026-07-19,S02,P08,3,75.00,微信
ORD100601,2026-05-05,S03,P12,3,24.00,会员储值
ORD103185,2026-05-26,S03,P02,3,90.00,银行卡
ORD101615,2026-05-13,S03,P12,1,8.00,支付宝
ORD101229,2026-05-10,S02,P14,2,20.00,会员储值
ORD110142,2026-07-18,S04,P13,2,,微信
ORD105045,2026-06-10,S01,P20,1,22.00,现金
ORD106778,2026-06-23,S01,P18,1,18.00,现金
ORD105145,2026-06-11,S03,P18,1,18.00,微信
ORD103638,2026-05-30,S04,P09,1,18.00,微信
ORD110927,2026-07-24,S01,P20,1,22.00,支付宝
ORD101975,2026-05-16,S02,P19,1,15.00,微信
ORD109251,2026-07-12,S03,P04,1,38.00,支付宝
ORD102098,2026-05-17,S02,P10,1,24.00,现金
ORD100933,2026-05-08,S03,P11,3,78.00,会员储值
ORD108113,2026-07-04,S01,P13,1,20.00,会员储值
ORD101969,2026-05-16,S03,P01,1,32.00,现金
ORD109261,2026-07-12,S05,P09,2,36.00,支付宝
ORD105936,2026-06-17,S05,P09,2,36.00,会员储值
ORD102937,2026-05-24,S03,P19,2,30.00,现金
ORD111972,2026-07-31,S03,P06,1,42.00,支付宝
ORD101847,2026-05-16,S01,P14,3,30.00,微信
ORD104018,2026-06-02,S02,P19,1,15.00,支付宝
ORD108587,2026-07-07,S05,P11,3,78.00,会员储值
ORD106978,2026-06-24,S01,P01,1,32.00,现金
ORD102089,2026-05-17,S04,P18,2,36.00,支付宝
ORD107807,2026-07-01,S01,P08,1,25.00,会员储值
ORD110469,2026-07-21,S05,P15,1,6.00,银行卡
ORD102736,2026-05-23,S03,P11,2,52.00,支付宝
ORD109602,2026-07-14,S04,P01,1,32.00,银行卡
ORD109317,2026-07-12,S05,P19,1,15.00,微信
ORD109067,2026-07-11,S04,P06,1,42.00,现金
ORD100083,2026-05-01,S05,P09,1,18.00,现金
ORD110203,2026-07-19,S02,P11,1,26.00,支付宝
ORD106034,2026-06-18,S05,P03,2,52.00,会员储值
ORD111658,2026-07-29,S04,P07,4,88.00,微信
ORD108731,2026-07-08,S02,P07,2,44.00,会员储值
ORD108629,2026-07-07,S05,P10,1,-24.00,支付宝
ORD111798,2026/07/30,S04,P11,2,52.00,微信
ORD103095,2026-05-25,S05,P04,3,114.00,微信
ORD106313,2026-06-20,S01,P15,1,6.00,现金
ORD104517,2026-06-06,S05,P02,2,60.00,会员储值
ORD104949,2026-06-09,S02,P01,3,96.00,会员储值
ORD110118,2026-07-18,S04,P07,2,44.00,微信
ORD104494,2026/06/06,S02,P13,2,40.00,支付宝
ORD103792,2026-05-31,S05,P03,2,52.00,支付宝
ORD110100,2026-07-18,S02,P07,1,22.00,银行卡
ORD109343,2026-07-12,S02,P17,1,12.00,支付宝
ORD104624,2026-06-07,S05,P04,3,114.00,微信
ORD108638,2026-07-08,S05,P17,2,24.00,微信
ORD102735,2026-05-23,S03,P11,1,26.00,微信
ORD108122,2026-07-04,S01,P18,1,18.00,支付宝
ORD106676,2026-06-22,S04,P20,1,22.00,会员储值
ORD104122,2026-06-03,S03,P10,2,48.00,现金
ORD109217,2026-07-12,S01,P06,2,84.00,微信
ORD104828,2026-06-08,S05,P06,2,-84.00,支付宝
ORD107066,2026-06-25,S02,P17,2,24.00,微信
ORD100090,2026-05-01,S02,P01,1,32.00,银行卡
ORD104560,2026-06-06,S01,P06,1,42.00,会员储值
ORD104596,2026-06-07,S02,P08,2,50.00,银行卡
ORD103030,2026-05-25,S02,P09,4,72.00,微信
ORD110730,2026-07-22,S01,P12,1,8.00,现金
ORD100121,2026-05-02,S02,P08,4,100.00,支付宝
ORD110386,2026-07-20,S03,P05,2,68.00,现金
ORD103769,2026-05-31,S01,P03,1,26.00,支付宝
ORD110950,2026-07-24,S02,P17,2,24.00,银行卡
ORD105009,2026-06-10,S04,P06,2,84.00,现金
ORD104786,2026-06-07,S05,P18,2,36.00,支付宝
ORD101884,2026-05-16,S04,P16,2,10.00,会员储值
ORD104523,2026-06-06,S02,P03,1,26.00,会员储值
ORD104546,2026-06-06,S03,P03,1,26.00,微信
ORD104951,2026-06-09,S02,P05,4,136.00,现金
ORD103578,2026-05-30,S02,P10,1,24.00,现金
ORD109726,2026-07-15,S05,P19,1,15.00,会员储值
ORD104437,2026-06-06,S05,P06,1,42.00,银行卡
ORD103887,2026-05-31,S04,P20,1,22.00,现金
ORD112014,2026-07-31,S05,P08,1,25.00,现金
ORD107753,2026-07-01,S03,P04,3,114.00,现金
ORD102355,2026-05-20,S03,P01,3,96.00,支付宝
ORD110606,2026-07-21,S05,P13,1,20.00,支付宝
ORD105292,2026-06-12,S03,P13,1,20.00,微信
ORD111774,2026-07-30,S03,P11,2,52.00,银行卡
ORD107130,2026-06-26,S01,P10,1,24.00,微信
ORD100198,2026-05-02,S04,P13,1,,会员储值
ORD108997,2026-07-10,S01,P13,1,20.00,微信
ORD109886,2026-07-17,S04,P10,2,48.00,微信
ORD110740,2026-07-23,S01,P01,2,64.00,现金
ORD110695,2026-07-22,S05,P06,1,42.00,现金
ORD111421,2026-07-27,S02,P20,1,22.00,现金
ORD111199,2026-07-26,S01,P10,1,24.00,会员储值
ORD104284,2026-06-05,S01,P19,1,15.00,支付宝
ORD100187,2026-05-02,S02,P04,1,38.00,会员储值
ORD106103,2026-06-18,S04,P16,1,5.00,会员储值
ORD110261,2026-07-19,S03,P02,2,60.00,银行卡
ORD104145,2026-06-03,S01,P09,1,18.00,支付宝
ORD107011,2026-06-25,S02,P14,2,20.00,微信
ORD105388,2026-06-13,S03,P15,2,¥12.00,会员储值
ORD100994,2026-05-09,S05,P16,3,15.00,银行卡
ORD102309,2026-05-19,S03,P12,2,16.00,银行卡
ORD109249,2026-07-12,S02,P04,2,76.00,现金
ORD100522,2026-05-04,S02,P14,1,10.00,现金
ORD106751,2026-06-22,S05,P11,2,52.00,现金
ORD104295,2026-06-05,S01,P07,1,22.00,微信
ORD111868,2026-07-30,S05,P19,4,60.00,支付宝
ORD107923,2026-07-02,S03,P16,2,10.00,支付宝
ORD109463,2026-07-13,S05,P04,1,38.00,支付宝
ORD101822,2026-05-15,S04,P13,1,20.00,支付宝
ORD105754,2026-06-15,S01,P02,2,60.00,会员储值
ORD109397,2026-07-12,S01,P11,2,52.00,支付宝
ORD111326,2026-07-26,S04,P03,3,78.00,会员储值
ORD100232,2026-05-02,S01,P18,4,72.00,银行卡
ORD103216,2026-05-27,S03,P18,2,36.00,银行卡
ORD106210,2026-06-20,S02,P07,1,22.00,银行卡
ORD105022,2026-06-10,S04,P13,2,40.00,银行卡
ORD109192,2026-07-11,S04,P07,2,44.00,现金
ORD111476,2026-07-27,S01,P02,3,90.00,支付宝
ORD107884,2026-07-02,S01,P17,1,12.00,现金
ORD107067,2026-06-25,S04,P15,1,6.00,支付宝
ORD108899,2026-07-10,S01,P20,1,22.00,支付宝
ORD107806,2026-07-01,S03,P07,2,44.00,会员储值
ORD106457,2026-06-21,S01,P14,1,10.00,微信
ORD107215,2026-06-27,S03,P12,1,8.00,支付宝
ORD100181,2026-05-02,S05,P08,1,25.00,现金
ORD106628,2026-06-22,S01,P03,1,26.00,支付宝
ORD109677,2026-07-15,S03,P10,2,48.00,银行卡
ORD109322,2026-07-12,S01,P06,2,84.00,银行卡
ORD100837,2026-05-07,S01,P14,1,10.00,会员储值
ORD110297,2026-07-19,S05,P05,4,136.00,支付宝
ORD111464,2026-07-27,S05,P12,1,8.00,会员储值
ORD108049,2026-07-03,S02,P12,1,8.00,会员储值
ORD105517,2026-06-13,S01,P02,1,30.00,现金
ORD111324,2026-07-26,S02,P15,1,6.00,现金
ORD108446,2026-07-06,S02,P14,2,20.00,支付宝
ORD111338,2026-07-26,S05,P11,1,26.00,银行卡
ORD104904,2026-06-08,S01,P16,3,15.00,微信
ORD104206,2026-06-04,S01,P18,1,18.00,会员储值
ORD103202,2026-05-26,S01,P11,2,52.00,现金
ORD101074,2026-05-09,S01,P04,2,,微信
ORD106530,2026-06-21,S02,P01,1,32.00,会员储值
ORD104770,2026-06-07,S05,P16,1,5.00,微信
ORD103101,2026-05-25,S02,P04,1,38.00,微信
ORD104450,2026-06-06,S02,P16,3,15.00,微信
ORD101085,2026-05-09,S04,P16,1,5.00,微信
ORD111348,2026-07-26,S02,P05,1,34.00,微信
ORD106697,2026-06-22,S04,P01,1,32.00,微信
ORD107108,2026-06-26,S01,P16,3,15.00,现金
ORD104337,2026-06-05,S05,P05,1,34.00,会员储值
ORD109569,2026-07-14,S05,P14,1,10.00,现金
ORD101247,2026-05-10,S02,P09,2,36.00,银行卡
ORD107077,2026-06-26,S03,P08,4,100.00,会员储值
ORD107945,2026-07-02,S04,P11,3,78.00,银行卡
ORD107634,2026-06-30,S04,P07,1,22.00,会员储值
ORD100106,2026-05-02,S02,P20,1,22.00,银行卡
ORD106849,2026-06-23,S02,P04,1,38.00,现金
ORD106233,2026-06-20,S01,P05,2,68.00,支付宝
ORD103142,2026-05-26,S02,P15,1,6.00,现金
ORD105267,2026-06-12,S04,P02,1,30.00,支付宝
ORD103679,2026-05-30,S02,P14,3,30.00,微信
ORD105625,2026-06-14,S01,P20,1,22.00,微信
ORD101655,2026-05-14,S05,P04,1,38.00,现金
ORD101379,2026-05-11,S02,P07,3,66.00,支付宝
ORD108074,2026-07-03,S03,P17,1,12.00,银行卡
ORD103004,2026-05-25,S04,P16,3,15.00,现金
ORD106038,2026-06-18,S04,P12,1,8.00,银行卡
ORD111288,2026-07-26,S02,P10,1,24.00,支付宝
ORD100436,2026-05-03,S01,P07,1,22.00,微信
ORD106562,2026-06-21,S04,P02,1,30.00,会员储值
ORD109529,2026-07-13,S02,P10,2,48.00,支付宝
ORD105060,2026-06-10,S01,P10,1,24.00,支付宝
ORD100893,2026-05-08,S05,P05,3,102.00,现金
ORD105062,2026-06-10,S02,P16,1,5.00,支付宝
ORD109522,2026-07-13,S03,P15,4,24.00,微信
ORD107297,2026-06-27,S05,P08,1,25.00,现金
ORD103736,2026-05-31,S05,P11,2,52.00,会员储值
ORD103629,2026-05-30,S01,P05,2,68.00,支付宝
ORD101098,2026-05-09,S03,P10,1,24.00,现金
ORD106110,2026-06-18,S05,P20,2,44.00,支付宝
ORD100305,2026-05-03,S04,P11,1,26.00,微信
ORD100356,2026-05-03,S01,P06,2,84.00,会员储值
ORD106698,2026-06-22,S04,P20,1,22.00,微信
ORD102104,2026-05-17,S02,P17,2,24.00,会员储值
ORD103845,2026-05-31,S03,P18,1,18.00,会员储值
ORD104769,2026-06-07,S01,P10,1,24.00,会员储值
ORD103897,2026-06-01,S04,P09,1,18.00,微信
ORD101961,2026-05-16,S02,P10,2,48.00,会员储值
ORD109648,2026-07-15,S04,P01,2,64.00,银行卡
ORD100225,2026-05-02,S02,P06,1,42.00,支付宝
ORD111771,2026-07-30,S05,P18,3,54.00,会员储值
ORD103462,2026-05-29,S03,P05,2,68.00,微信
ORD106741,2026-06-22,S05,P19,4,60.00,会员储值
ORD111939,2026-07-31,S03,P10,1,24.00,银行卡
ORD104130,2026-06-03,S01,P08,2,50.00,支付宝
ORD100625,2026-05-05,S05,P03,3,78.00,微信
ORD100443,2026-05-03,S01,P11,1,26.00,支付宝
ORD109510,2026-07-13,S02,P18,1,18.00,微信
ORD110126,2026-07-18,S01,P19,1,15.00,支付宝
ORD111719,2026-07-29,S03,P02,3,90.00,支付宝
ORD108832,2026-07-09,S03,P14,1,10.00,微信
ORD108091,2026-07-04,S01,P18,1,18.00,微信
ORD102299,2026-05-19,S03,P04,4,152.00,微信
ORD108505,2026-07-06,S03,P15,2,12.00,银行卡
ORD106093,2026-06-18,S05,P11,3,78.00,现金
ORD103571,2026-05-30,S04,P15,1,6.00,银行卡
ORD100790,2026-05-07,S04,P05,1,34.00,现金
ORD101580,2026-05-13,S01,P02,2,60.00,银行卡
ORD108786,2026-07-09,S02,P06,2,84.00,支付宝
ORD105961,2026-06-17,S01,P01,2,64.00,现金
ORD100052,2026-05-01,S01,P15,2,12.00,银行卡
ORD101217,2026-05-10,S05,P07,1,22.00,会员储值
ORD102892,2026-05-24,S03,P16,1,5.00,微信
ORD108234,2026-07-04,S01,P11,1,26.00,银行卡
ORD103821,2026-05-31,S02,P07,2,44.00,现金
ORD103661,2026-05-30,S02,P20,1,22.00,微信
ORD107150,2026-06-26,S04,P18,1,18.00,会员储值
ORD100192,2026-05-02,S01,P09,2,36.00,现金
ORD108059,2026-07-03,S05,P05,1,34.00,现金
ORD101042,2026-05-09,S05,P02,1,30.00,支付宝
ORD103644,2026-05-30,S03,P09,2,36.00,银行卡
ORD101395,2026-05-12,S02,P02,2,60.00,银行卡
ORD107195,2026-06-27,S03,P09,1,18.00,会员储值
ORD101110,2026-05-09,S04,P02,1,30.00,银行卡
ORD104240,2026-06-04,S04,P01,1,32.00,会员储值
ORD110009,2026-07-17,S01,P04,2,76.00,会员储值
ORD106779,2026-06-23,S01,P15,1,6.00,微信
ORD108407,2026-07-06,S04,P05,2,68.00,现金
ORD101343,2026-05-11,S05,P14,1,10.00,微信
ORD106553,2026-06-21,S01,P02,1,30.00,现金
ORD102999,2026-05-25,S03,P16,2,10.00,会员储值
ORD111114,2026-07-25,S03,P02,1,30.00,会员储值
ORD102128,2026-05-18,S02,P01,3,96.00,支付宝
ORD106198,2026-06-19,S02,P03,1,26.00,会员储值
ORD102361,2026-05-20,S05,P10,1,24.00,微信
ORD109662,2026-07-15,S02,P18,1,18.00,会员储值
ORD109905,2026-07-17,S03,P03,2,52.00,现金
ORD110003,2026-07-17,S01,P13,3,60.00,会员储值
ORD107750,2026-07-01,S05,P04,2,76.00,银行卡
ORD110236,2026-07-19,S05,P12,1,8.00,微信
ORD104141,2026-06-03,S03,P04,1,38.00,微信
ORD103992,2026-06-02,S03,P12,1,8.00,会员储值
ORD100677,2026-05-06,S03,P11,2,52.00,现金
ORD104894,2026-06-08,S05,P13,1,20.00,支付宝
ORD105548,2026-06-14,S01 ,P17,2,24.00,支付宝
ORD105343,2026-06-12,S02,P07,2,44.00,微信
ORD103341,2026-05-27,S01,P07,1,22.00,银行卡
ORD107431,2026-06-28,S01,P08,2,50.00,银行卡
ORD107967,2026-07-02,S05,P16,1,5.00,现金
ORD111307,2026-07-26,S02,P18,1,18.00,现金
ORD100049,2026-05-01,S02,P20,2,44.00,现金
ORD102592,2026-05-22,S05,P16,2,10.00,微信
ORD108752,2026-07-08,S04,P07,3,66.00,支付宝
ORD105375,2026-06-13,S02,P01,1,32.00,支付宝
ORD100537,2026-05-04,S04,P08,3,75.00,银行卡
ORD106534,2026-06-21,S04,P01,1,32.00,会员储值
ORD100497,2026-05-04,S04,P06,1,42.00,会员储值
ORD111913,2026-07-31,S05,P10,2,48.00,会员储值
ORD110472,2026-07-21,S02,P19,1,15.00,银行卡
ORD105873,2026-06-16,S01,P02,1,30.00,会员储值
ORD100979,2026-05-09,S05,P19,1,15.00,微信
ORD102168,2026-05-18,S05,P01,1,32.00,现金
ORD108018,2026-07-03,S01,P13,1,20.00,现金
ORD106579,2026-06-21,S04,P13,1,20.00,微信
ORD109425,2026-07-13,S04,P08,2,50.00,微信
ORD110345,2026-07-20,S04,P10,1,24.00,银行卡
ORD106053,2026-06-18,S03,P07,2,44.00,支付宝
ORD106221,2026-06-20,S05,P05,2,68.00,现金
ORD105641,2026-06-14,S03,P07,1,22.00,支付宝
ORD100383,2026-05-03,S05,P15,2,12.00,银行卡
ORD111254,2026-07-26,S02,P11,1,26.00,微信
ORD101802,2026-05-15,S03,P17,3,36.00,支付宝
ORD105697,2026-06-15,S03,P07,1,22.00,现金
ORD100604,2026-05-05,S02,P04,1,38.00,会员储值
ORD105655,2026-06-14,S01,P10,2,48.00,银行卡
ORD108275,2026-07-05,S03,P19,1,15.00,会员储值
ORD103659,2026-05-30,S04,P18,2,36.00,现金
ORD107921,2026-07-02,S02,P05,1,34.00,支付宝
ORD106714,2026-06-22,S04,P14,1,10.00,银行卡
ORD105536,2026-06-14,S03,P13,1,20.00,支付宝
ORD105024,2026-06-10,S01,P04,1,38.00,微信
ORD110683,2026-07-22,S01,P08,1,25.00,支付宝
ORD105229,2026-06-11,S04,P17,3,36.00,微信
ORD108556,2026-07-07,S03,P03,1,26.00,现金
ORD105322,2026-06-12,S01,P18,3,54.00,现金
ORD109248,2026-07-12,S05,P20,1,22.00,支付宝
ORD101642,2026-05-14,S05,P15,1,6.00,银行卡
ORD100885,2026-05-08,S03,P10,2,48.00,会员储值
ORD104336,2026-06-05,S01,P06,1,42.00,微信
ORD111908,2026-07-31,S04,P20,2,44.00,现金
ORD100289,2026-05-03,S05,P07,1,22.00,支付宝
ORD105216,2026-06-11,S05,P16,2,10.00,现金
ORD100988,2026-05-09,S05,P15,1,6.00,会员储值
ORD105638,2026-06-14,S03,P19,1,15.00,现金
ORD103298,2026-05-27,S02,P18,1,18.00,银行卡
ORD107997,2026-07-03,S05,P05,2,68.00,支付宝
ORD107577,2026-06-29,S02,P17,1,12.00,现金
ORD110713,2026-07-22,S01,P04,1,38.00,会员储值
ORD104825,2026-06-08,S05,P19,2,30.00,会员储值
ORD104543,2026-06-06,S01,P06,1,42.00,支付宝
ORD101589,2026-05-13,S01,P15,1,6.00,会员储值
ORD110205,2026-07-19,S01,P20,2,44.00,银行卡
ORD110192,2026-07-19,S05,P14,1,10.00,银行卡
ORD110705,2026-07-22,S05,P15,2,12.00,支付宝
ORD106468,2026-06-21,S04,P05,1,34.00,银行卡
ORD107117,2026-06-26,S01,P03,1,26.00,银行卡
ORD105456,2026-06-13,S04,P07,1,22.00,微信
ORD111305,2026-07-26,S01,P13,1,20.00,微信
ORD102343,2026-05-20,S05,P20,1,22.00,会员储值
ORD109146,2026-07-11,S05,P11,2,,银行卡
ORD107977,2026-07-03,S05,P20,1,22.00,会员储值
ORD106220,2026-06-20,S05,P15,1,6.00,支付宝
ORD101123,2026-05-09,S03,P01,1,32.00,会员储值
ORD106762,2026-06-23,S02,P04,1,38.00,微信
ORD107866,2026-07-02,S01,P15,1,6.00,会员储值
ORD108816,2026-07-09,S01,P12,2,16.00,现金
ORD100317,2026-05-03,S01,P20,1,22.00,现金
ORD102007,2026-05-17,S02,P01,1,32.00,现金
ORD110607,2026-07-21,S03,P05,2,68.00,微信
ORD102295,2026-05-19,S03,P03,1,26.00,会员储值
ORD111083,2026-07-25,S02,P16,1,5.00,现金
ORD105342,2026-06-12,S05,P03,1,26.00,支付宝
ORD108534,2026-07-07,S02,P03,1,26.00,现金
ORD104638,2026-06-07,S02,P20,2,44.00,支付宝
ORD104536,2026-06-06,S03,P16,2,10.00,现金
ORD106639,2026-06-22,S03,P15,1,6.00,支付宝
ORD109241,2026-07-12,S01,P10,1,24.00,微信
ORD103882,2026-05-31,S05,P19,1,15.00,现金
ORD103694,2026-05-30,S05,P09,1,18.00,银行卡
ORD104956,2026-06-09,S05,P20,1,22.00,现金
ORD106519,2026-06-21,S03,P04,2,76.00,银行卡
ORD105950,2026-06-17,S05,P02,3,90.00,现金
ORD111457,2026-07-27,S02,P09,2,36.00,支付宝
ORD108086,2026-07-03,S02,P17,2,24.00,微信
ORD104738,2026-06-07,S02,P07,1,22.00,微信
ORD103229,2026-05-27,S03,P07,2,44.00,现金
ORD101278,2026-05-10,S01,P19,4,60.00,银行卡
ORD109255,2026-07-12,S04,P03,1,26.00,银行卡
ORD108925,2026-07-10,S01,P06,1,42.00,支付宝
ORD111201,2026-07-26,S04,P02,1,30.00,微信
ORD108606,2026-07-07,S05,P18,2,36.00,银行卡
ORD111602,2026-07-28,S05,P04,1,38.00,现金
ORD103183,2026-05-26,S01,P15,1,6.00,会员储值
ORD111793,2026-07-30,S01,P17,1,12.00,支付宝
ORD100285,2026-05-03,S01,P19,2,,微信
ORD102247,2026-05-19,S01,P17,3,36.00,银行卡
ORD110828,2026-07-23,S05,P14,3,30.00,微信
ORD102637,2026-05-22,S03,P05,1,34.00,微信
ORD102270,2026-05-19,S03,P10,2,48.00,微信
ORD105140,2026-06-11,S03,P08,2,50.00,支付宝
ORD105189,2026-06-11,S04,P15,3,18.00,支付宝
ORD100185,2026-05-02,S04,P08,2,50.00,支付宝
ORD107451,2026-06-28,S03,P14,1,10.00,银行卡
ORD111072,2026-07-25,S05,P08,2,50.00,现金
ORD103174,2026-05-26,S03,P15,3,18.00,微信
ORD104328,2026-06-05,S05,P14,1,10.00,支付宝
ORD110671,2026-07-22,S03,P15,1,6.00,现金
ORD105053,2026-06-10,S04,P19,1,15.00,银行卡
ORD106259,2026-06-20,S03,P05,1,34.00,会员储值
ORD103283,2026-05-27,S05,P17,3,36.00,银行卡
ORD109124,2026-07-11,S05,P01,2,64.00,银行卡
ORD103221,2026-05-27,S03,P18,2,36.00,微信
ORD101369,2026-05-11,S05,P08,4,100.00,银行卡
ORD101020,2026-05-09,S02,P11,1,26.00,现金
ORD101276,10-05-2026,S05,P14,1,10.00,支付宝
ORD110113,2026-07-18,S01,P13,4,80.00,银行卡
ORD100107,2026-05-02,S03,P12,2,16.00,银行卡
ORD101637,2026-05-14,S01,P12,2,16.00,支付宝
ORD109037,2026-07-10,S05,P20,3,66.00,现金
ORD105694,2026-06-15,S04,P15,1,6.00,支付宝
ORD109762,2026-07-16,S01,P11,1,26.00,现金
ORD100534,2026-05-04,S05,P01,1,32.00,现金
ORD100505,2026-05-04,S02,P01,1,32.00,银行卡
ORD105796,2026-06-16,S05,P12,4,32.00,银行卡
ORD103435,2026-05-28,S03,P16,1,5.00,现金
ORD106837,23-06-2026,S02,P19,2,30.00,会员储值
ORD105832,2026-06-16,S01,P12,1,8.00,微信
ORD104544,2026-06-06,S03,P12,2,16.00,支付宝
ORD104375,2026-06-06,S05,P01,1,32.00,会员储值
ORD112046,2026-07-31,S01,P05,2,68.00,微信
ORD111434,2026-07-27,S04,P06,2,84.00,会员储值
ORD102804,2026-05-23,S04,P07,3,66.00,现金
ORD102222,2026-05-18,S03,P02,2,60.00,现金
ORD108772,2026-07-09,S02,P08,1,25.00,会员储值
ORD105384,2026-06-13,S05,P20,1,22.00,现金
ORD105642,2026-06-14,S01,P15,2,12.00,现金
ORD102584,2026-05-22,S04,P09,4,72.00,微信
ORD101263,2026-05-10,S03,P03,1,26.00,会员储值
ORD107003,2026-06-25,S05,P06,2,84.00,会员储值
ORD105271,2026-06-12,S05,P17,1,12.00,会员储值
ORD107529,2026-06-29,S04,P12,1,8.00,支付宝
ORD102659,2026-05-23,S03,P10,2,48.00,银行卡
ORD105321,2026-06-12,S04,P17,1,12.00,微信
ORD108256,2026-07-05,S02,P19,1,15.00,支付宝
ORD111488,2026-07-27,S03,P14,1,10.00,微信
ORD106924,2026-06-24,S04,P14,2,,会员储值
ORD110879,2026-07-24,S04,P02,1,30.00,支付宝
ORD109611,2026-07-14,S01,P18,1,18.00,会员储值
ORD106916,2026-06-24,S04,P15,1,6.00,微信
ORD108248,2026-07-04,S02,P11,1,26.00,现金
ORD100894,2026-05-08,S05,P05,2,68.00,会员储值
ORD103495,2026-05-29,S01,P01,1,32.00,现金
ORD105860,2026-06-16,S01,P10,2,48.00,微信
ORD104132,2026-06-03,S01,P19,2,30.00,现金
ORD109969,2026-07-17,S04,P03,1,26.00,微信
ORD102874,2026-05-24,S03,P12,1,8.00,银行卡
ORD107211,2026-06-27,S02,P18,3,54.00,微信
ORD107716,2026-06-30,S03,P20,2,44.00,微信
ORD101066,2026-05-09,S04,P18,2,36.00,会员储值
ORD101156,2026-05-10,S01,P07,1,22.00,银行卡
ORD104480,2026-06-06,S04,P11,1,26.00,会员储值
ORD105135,2026-06-11,S04,P06,2,84.00,微信
ORD102334,2026-05-20,S02,P02,3,90.00,支付宝
ORD109792,2026-07-16,S04,P08,1,25.00,微信
ORD106025,2026-06-18,S03,P13,1,20.00,银行卡
ORD108303,2026-07-05,S01,P07,3,66.00,微信
ORD105523,2026-06-13,S02,P02,1,30.00,微信
ORD108826,2026-07-09,S03,P16,2,10.00,支付宝
ORD108803,2026-07-09,S04,P16,1,5.00,微信
ORD103306,2026-05-27,S03,P04,1,38.00,支付宝
ORD102943,2026-05-24,S03,P14,1,10.00,银行卡
ORD104325,2026-06-05,S03,P09,2,36.00,现金
ORD102426,2026-05-20,S04,P14,1,10.00,会员储值
ORD107678,2026-06-30,S03,P10,4,96.00,会员储值
ORD102288,2026-05-19,S05,P03,1,26.00,现金
ORD111987,2026-07-31,S02,P01,2,64.00,会员储值
ORD111444,2026-07-27,S05,P11,2,52.00,微信
ORD105223,2026-06-11,S05,P11,1,26.00,支付宝
ORD109705,2026-07-15,S02,P13,4,80.00,微信
ORD109759,2026-07-16,S01,P04,1,38.00,现金
ORD104193,2026-06-03,S03,P07,1,22.00,会员储值
ORD106871,2026-06-24,S05,P18,1,18.00,现金
ORD111653,2026-07-29,S01,P05,1,34.00,现金
ORD103796,2026-05-31,S05,P11,1,26.00,现金
ORD107347,2026-06-28,S02,P02,3,,银行卡
ORD100996,2026-05-09,S04,P16,1,5.00,现金
ORD108249,2026-07-04,S03,P18,3,54.00,支付宝
ORD110588,2026-07-21,S03,P12,1,,现金
ORD105686,2026-06-15,S01,P02,4,120.00,银行卡
ORD110393,2026-07-20,S01,P07,1,22.00,会员储值
ORD103794,2026-05-31,S01,P14,2,20.00,支付宝
ORD100645,2026-05-05,S03,P99,2,48.00,现金
ORD106637,2026-06-22,S03,P10,1,24.00,支付宝
ORD100527,2026-05-04,S03,P12,2,16.00,微信
ORD108968,2026-07-10,S01,P04,1,38.00,银行卡
ORD106434,2026-06-21,S04,P12,2,16.00,现金
ORD103747,2026-05-31,S04,P09,1,18.00,支付宝
ORD111084,2026-07-25,S03,P10,1,24.00,微信
ORD110259,2026-07-19,S02,P06,1,42.00,银行卡
ORD102487,2026-05-21,S03,P08,1,25.00,现金
ORD109127,2026-07-11,S04,P06,1,42.00,会员储值
ORD110638,2026-07-22,S01,P09,1,18.00,支付宝
ORD105127,2026-06-11,S02,P14,2,20.00,会员储值
ORD103971,2026-06-01,S05,P20,3,66.00,会员储值
ORD106851,2026-06-23,S01,P17,1,12.00,支付宝
ORD105291,2026-06-12,S01,P08,4,100.00,现金
ORD105960,2026-06-17,S02,P11,2,52.00,支付宝
ORD108072,2026-07-03,S05,P05,1,34.00,会员储值
ORD104708,2026-06-07,S02,P08,2,50.00,银行卡
ORD102622,2026-05-22,S05,P16,4,20.00,现金
ORD110719,2026-07-22,S01,P11,2,52.00,现金
ORD105838,2026-06-16,S02,P06,4,168.00,会员储值
ORD111097,2026-07-25,S01,P05,2,,支付宝
ORD111859,2026-07-30,S03,P14,1,10.00,支付宝
ORD104179,2026-06-03,S05,P09,2,36.00,现金
ORD100202,2026-05-02,S01,P10,2,48.00,会员储值
ORD101650,2026-05-14,S05,P08,3,75.00,微信
ORD108389,2026-07-05,S04,P11,2,52.00,支付宝
ORD102342,2026-05-20,S04,P03,1,26.00,银行卡
ORD104052,2026-06-02,S05,P12,4,32.00,银行卡
ORD110298,2026-07-19,S04,P19,1,15.00,微信
ORD100068,2026-05-01,S03,P04,3,114.00,现金
ORD105678,2026-06-14,S02,P11,2,52.00,银行卡
ORD106677,2026-06-22,S01,P01,1,32.00,支付宝
ORD104374,2026-06-06,S01,P09,1,18.00,银行卡
ORD104131,2026-06-03,S05,P19,3,45.00,微信
ORD101844,2026-05-16,S03,P02,2,60.00,现金
ORD109383,2026-07-12,S01,P03,4,104.00,银行卡
ORD102566,2026-05-22,S05,P02,1,30.00,支付宝
ORD111985,2026-07-31,S05,P11,2,52.00,银行卡
ORD100951,2026-05-08,S04,P04,2,76.00,银行卡
ORD102859,2026-05-24,S05,P15,1,6.00,现金
ORD105948,2026-06-17,S01,P16,2,10.00,银行卡
ORD110490,2026-07-21,S03,P10,3,72.00,会员储值
ORD102397,2026-05-20,S02,P16,2,10.00,支付宝
ORD108143,2026-07-04,S03,P17,4,48.00,会员储值
ORD102352,2026-05-20,S03,P19,2,30.00,会员储值
ORD106126,2026-06-19,S05,P10,4,96.00,会员储值
ORD104735,2026-06-07,S01,P10,1,24.00,微信
ORD111064,2026-07-25,S03,P09,1,18.00,银行卡
ORD106159,2026-06-19,S03,P11,1,26.00,银行卡
ORD101235,2026-05-10,S03,P13,1,20.00,银行卡
ORD103507,2026-05-29,S04,P07,3,66.00,银行卡
ORD111188,2026-07-26,S03,P19,1,15.00,银行卡
ORD106668,2026-06-22,S05,P17,1,12.00,银行卡
ORD111284,2026-07-26,S04,P19,1,15.00,现金
ORD108132,2026-07-04,S01,P14,1,10.00,银行卡
ORD109403,2026-07-13,S01,P14,1,¥10.00,现金
ORD102956,2026-05-24,S05,P07,1,22.00,微信
ORD110074,2026-07-18,S02,P03,1,26.00,支付宝
ORD104272,2026-06-04,S03,P09,3,54.00,支付宝
ORD105908,2026-06-17,S03,P08,1,25.00,现金
ORD104204,2026-06-04,S05,P07,2,44.00,微信
ORD101211,2026-05-10,S03,P02,1,30.00,支付宝
ORD100493,2026-05-04,S01,P19,2,30.00,支付宝
ORD101843,2026-05-16,S01,P16,1,5.00,银行卡
ORD111065,2026-07-25,S02,P10,1,24.00,支付宝
ORD107680,2026-06-30,S05,P19,1,15.00,现金
ORD104455,2026-06-06,S01,P10,1,24.00,会员储值
ORD106218,2026-06-20,S04,P07,2,-44.00,微信
ORD111331,2026-07-26,S03,P10,1,24.00,微信
ORD103338,2026-05-27,S03,P17,1,12.00,现金
ORD104581,2026-06-07,S02,P06,1,42.00,现金
ORD104335,2026-06-05,S01,P04,2,76.00,支付宝
ORD101572,2026-05-13,S02,P11,4,104.00,现金
ORD107304,2026-06-27,S02,P05,2,68.00,银行卡
ORD110632,2026-07-22,S04,P19,2,30.00,现金
ORD111538,2026-07-28,S03,P12,2,16.00,会员储值
ORD102781,2026-05-23,S05,P09,2,36.00,银行卡
ORD103716,2026-05-30,S04,P19,1,15.00,微信
ORD110225,2026-07-19,S02,P06,4,168.00,现金
ORD100294,2026-05-03,S04,P19,3,45.00,支付宝
ORD100209,2026-05-02,S03,P06,3,126.00,微信
ORD108628,2026-07-07,S03,P12,1,8.00,现金
ORD100156,2026-05-02,S05,P17,2,24.00,微信
ORD100274,2026-05-02,S03,P03,1,26.00,微信
ORD108281,2026-07-05,S04,P11,1,26.00,微信
ORD104161,2026-06-03,S04,P12,1,8.00,银行卡
ORD100620,2026-05-05,S02,P19,2,30.00,会员储值
ORD102076,2026-05-17,S04,P07,4,88.00,微信
ORD103488,2026-05-29,S04,P16,1,5.00,银行卡
ORD105824,2026-06-16,S03,P19,1,15.00,现金
ORD104275,2026-06-04,S03,P07,4,88.00,会员储值
ORD104592,2026-06-07,S03,P17,1,12.00,支付宝
ORD111571,2026-07-28,S01,P05,2,68.00,现金
ORD103996,2026-06-02,S01,P20,1,22.00,现金
ORD109369,2026-07-12,S02,P12,1,8.00,会员储值
ORD109239,2026-07-12,S01,P05,3,102.00,会员储值
ORD105569,2026-06-14,S02,P13,1,20.00,现金
ORD102683,2026-05-23,S05,P04,2,76.00,银行卡
ORD110155,2026-07-18,S04,P10,3,72.00,会员储值
ORD104526,2026-06-06,S05,P01,2,64.00,现金
ORD101840,2026-05-16,S04,P02,1,30.00,银行卡
ORD108898,2026-07-10,S03,P03,1,26.00,支付宝
ORD101934,2026-05-16,S02,P18,1,18.00,银行卡
ORD106089,2026-06-18,S03,P02,1,30.00,现金
ORD111373,2026-07-26,S05,P17,2,24.00,支付宝
ORD107864,2026-07-02,S05,P05,2,68.00,会员储值
ORD106772,2026-06-23,S05,P12,1,8.00,银行卡
ORD103413,2026-05-28,S02,P15,1,6.00,银行卡
ORD111380,2026-07-26,S05,P17,1,12.00,微信
ORD100115,2026-05-02,S01,P19,1,15.00,银行卡
ORD104521,2026-06-06,S05,P10,2,48.00,会员储值
ORD100426,2026-05-03,S04,P15,1,6.00,现金
ORD100351,2026-05-03,S02,P02,1,30.00,微信
ORD105005,2026-06-09,S03,P01,1,32.00,银行卡
ORD103191,2026-05-26,S01,P16,2,10.00,现金
ORD104235,2026-06-04,S04,P14,1,10.00,现金
ORD102679,2026-05-23,S03,P14,4,40.00,会员储值
ORD103377,2026-05-28,S05,P06,1,¥42.00,微信
ORD107593,2026-06-29,S01,P20,3,66.00,会员储值
ORD104439,2026-06-06,S03,P20,2,44.00,会员储值
ORD108742,08-07-2026,S05,P07,3,66.00,支付宝
ORD106137,2026-06-19,S04,P02,2,60.00,微信
ORD103356,2026-05-28,S02,P15,3,18.00,支付宝
ORD108882,2026-07-09,S03,P18,2,36.00,支付宝
ORD105740,2026-06-15,S01,P18,1,18.00,现金
ORD100319,2026-05-03,S03,P02,1,30.00,银行卡
ORD103157,2026-05-26,S03,P12,2,16.00,会员储值
ORD106192,2026-06-19,S01,P08,1,25.00,现金
ORD108765,2026-07-08,S01,P14,1,10.00,会员储值
ORD109266,2026-07-12,S05,P13,1,20.00,微信
ORD101970,2026-05-16,S02,P13,2,40.00,现金
ORD105616,2026-06-14,S05,P12,2,16.00,会员储值
ORD108821,2026-07-09,S05,P05,3,102.00,微信
ORD111716,2026-07-29,S01,P15,1,6.00,现金
ORD111353,2026-07-26,S03,P08,1,25.00,微信
ORD102094,2026-05-17,S03,P20,1,22.00,现金
ORD111561,2026-07-28,S05,P17,1,12.00,现金
ORD103504,2026-05-29,S03,P19,1,15.00,会员储值
ORD100464,2026/05/04,S02,P14,3,30.00,会员储值
ORD108764,2026-07-08,S02,P11,1,26.00,银行卡
ORD104174,2026-06-03,S05,P01,2,64.00,银行卡
ORD100976,2026-05-09,S01,P02,1,30.00,银行卡
ORD107182,2026-06-26,S05,P04,2,76.00,支付宝
ORD105621,2026-06-14,S01,P15,1,6.00,银行卡
ORD110869,2026-07-24,S04,P20,1,22.00,会员储值
ORD109733,2026-07-15,S01,P03,2,-52.00,会员储值
ORD101887,2026-05-16,S03,P09,1,18.00,会员储值
ORD111245,2026-07-26,S05,P11,1,26.00,会员储值
ORD100026,2026-05-01,S03,P20,1,22.00,现金
ORD102474,2026-05-21,S03,P19,1,15.00,会员储值
ORD110572,2026-07-21,S01,P09,1,18.00,现金
ORD101186,2026-05-10,S01,P11,1,26.00,会员储值
ORD109893,2026-07-17,S01,P08,1,25.00,微信
ORD105469,2026-06-13,S04,P03,2,52.00,微信
ORD100424,2026-05-03,S02,P13,3,60.00,现金
ORD111901,2026-07-30,S01,P18,3,54.00,支付宝
ORD109995,2026-07-17,S01,P18,2,36.00,微信
ORD107874,2026-07-02,S05,P17,4,48.00,支付宝
ORD102449,2026-05-21,S01,P19,3,45.00,支付宝
ORD101963,2026-05-16,S04,P11,1,26.00,银行卡
ORD103754,2026-05-31,S05,P07,1,22.00,现金
ORD105980,2026-06-17,S04,P10,3,72.00,会员储值
ORD100711,2026-05-06,S03,P20,1,22.00,现金
ORD106920,2026-06-24,S05,P03,2,52.00,支付宝
ORD107575,2026-06-29,S01,P17,1,12.00,银行卡
ORD101048,2026-05-09,S04,P07,1,22.00,会员储值
ORD104821,2026-06-08,S03,P01,1,32.00,会员储值
ORD104074,2026-06-02,S02,P18,1,18.00,支付宝
ORD107275,2026-06-27,S05,P06,3,126.00,现金
ORD108978,2026-07-10,S03,P03,3,78.00,会员储值
ORD109936,17-07-2026,S03,P20,2,44.00,微信
ORD107362,2026-06-28,S05,P04,2,76.00,银行卡
ORD109674,2026-07-15,S05,P17,2,24.00,银行卡
ORD102715,2026-05-23,S02,P13,1,20.00,银行卡
ORD108306,2026-07-05,S01,P19,2,30.00,现金
ORD107446,2026-06-28,S03,P05,2,68.00,现金
ORD100621,2026-05-05,S03,P10,1,24.00,支付宝
ORD111389,2026-07-26,S05,P17,1,12.00,会员储值
ORD101873,2026-05-16,S03,P18,2,36.00,支付宝
ORD108392,2026-07-05,S03,P17,1,12.00,会员储值
ORD108771,2026-07-08,S01,P07,1,22.00,支付宝
ORD108646,2026-07-08,S01,P10,1,24.00,银行卡
ORD105249,2026-06-11,S01,P18,1,18.00,会员储值
ORD102216,2026-05-18,S03,P15,2,12.00,微信
ORD106397,2026-06-20,S04,P16,1,5.00,现金
ORD104038,2026-06-02,S01,P06,2,84.00,支付宝
ORD104714,2026-06-07,S03,P13,3,60.00,银行卡
ORD110903,2026-07-24,S05,P01,3,96.00,银行卡
ORD107667,2026-06-30,S05,P06,1,42.00,现金
ORD109824,2026-07-16,S04,P11,1,26.00,支付宝
ORD110942,2026-07-24,S03,P14,1,10.00,现金
ORD106848,2026-06-23,S05,P17,1,12.00,现金
ORD109983,2026-07-17,S04,P18,3,54.00,微信
ORD104197,2026-06-04,S02,P10,1,24.00,银行卡
ORD104666,2026-06-07,S02,P12,2,16.00,银行卡
ORD101197,2026-05-10,S03,P10,1,24.00,会员储值
ORD100992,2026-05-09,S03,P13,1,20.00,微信
ORD105440,2026-06-13,S02,P12,1,8.00,微信
ORD108161,2026-07-04,S01,P20,1,22.00,会员储值
ORD112048,2026-07-31,S04,P17,2,24.00,银行卡
ORD100747,2026-05-07,S02,P11,1,26.00,微信
ORD100487,2026-05-04,S04,P15,1,6.00,微信
ORD101437,2026-05-12,S05,P02,2,60.00,银行卡
ORD104367,2026-06-05,S02,P15,2,12.00,银行卡
ORD101010,2026-05-09,S02,P09,1,18.00,银行卡
ORD105682,2026-06-15,S04,P03,1,26.00,银行卡
ORD104417,2026-06-06,S04,P11,1,,会员储值
ORD102467,2026-05-21,S03,P05,2,68.00,银行卡
ORD100871,2026-05-08,S05,P14,1,10.00,微信
ORD107835,2026-07-01,S02,P06,1,42.00,支付宝
ORD108875,2026-07-09,S05,P18,3,54.00,银行卡
ORD107536,2026-06-29,S03,P02,2,60.00,银行卡
ORD103201,2026-05-26,S05,P01,1,32.00,银行卡
ORD100065,2026-05-01,S05,P15,1,6.00,微信
ORD107702,2026-06-30,S02,P20,2,44.00,支付宝
ORD102995,2026-05-25,S03,P11,1,26.00,现金
ORD101828,2026-05-16,S01,P10,2,48.00,银行卡
ORD105260,2026-06-12,S04,P17,1,12.00,会员储值
ORD100327,2026-05-03,S02,P04,3,114.00,支付宝
ORD101761,2026-05-15,S05,P11,1,26.00,会员储值
ORD106759,2026-06-23,S01,P16,1,5.00,会员储值
ORD103439,2026-05-28,S04,P08,1,25.00,会员储值
ORD104117,2026-06-03,S01,P12,1,8.00,支付宝
ORD103259,2026/05/27,S05,P10,2,48.00,银行卡
ORD103282,2026-05-27,S01,P09,1,18.00,银行卡
ORD111127,2026-07-25,S05,P08,1,25.00,现金
ORD108221,2026-07-04,S05,P07,2,44.00,支付宝
ORD106383,2026-06-20,S03,P09,1,18.00,银行卡
ORD110043,2026-07-18,S01,P01,1,32.00,会员储值
ORD103730,2026-05-31,S05,P20,1,22.00,微信
ORD106990,2026-06-25,S05,P15,3,18.00,支付宝
ORD102586,2026-05-22,S02,P18,1,18.00,会员储值
ORD101283,2026-05-10,S04,P01,1,32.00,支付宝
ORD111209,2026-07-26,S05,P06,1,42.00,现金
ORD110330,2026-07-19,S04,P03,1,26.00,银行卡
ORD111854,2026-07-30,S05,P12,1,8.00,现金
ORD105199,2026-06-11,S01,P20,2,44.00,支付宝
ORD104721,2026-06-07,S04,P09,1,18.00,现金
ORD106650,2026-06-22,S01,P15,1,6.00,银行卡
ORD100823,2026-05-07,S03,P01,2,64.00,现金
ORD105275,2026-06-12,S04,P01,1,32.00,支付宝
ORD109234,2026-07-12,S02,P17,2,¥24.00,微信
ORD103843,2026-05-31,S04,P07,1,22.00,支付宝
ORD103740,2026-05-31,S02,P04,2,76.00,银行卡
ORD107935,2026-07-02,S01,P06,1,42.00,微信
ORD100031,2026-05-01,S01,P15,1,6.00,支付宝
ORD103828,2026-05-31,S01,P17,2,24.00,微信
ORD104343,2026-06-05,S04,P15,1,6.00,现金
ORD110088,2026-07-18,S02,P04,3,114.00,支付宝
ORD100906,2026-05-08,S04,P08,3,75.00,现金
ORD103735,2026-05-31,S03,P05,2,68.00,现金
ORD102701,2026-05-23,S03,P17,1,12.00,会员储值
ORD101745,2026-05-15,S05,P20,2,44.00,会员储值
ORD109366,2026-07-12,S05,P02,1,30.00,微信
ORD110940,2026-07-24,S03,P05,3,102.00,会员储值
ORD110233,2026-07-19,S01,P20,2,44.00,微信
ORD109019,2026-07-10,S05,P14,2,20.00,支付宝
ORD100569,2026-05-04,S05,P03,1,26.00,支付宝
ORD103234,2026-05-27,S03,P10,1,24.00,支付宝
ORD101585,2026-05-13,S01,P09,1,18.00,会员储值
ORD100113,2026-05-02,S05,P20,4,,微信
ORD107239,2026-06-27,S04,P04,2,76.00,银行卡
ORD107748,2026-07-01,S01,P15,2,12.00,银行卡
ORD107730,2026-06-30,S01,P08,1,25.00,现金
ORD102961,2026-05-24,S05,P14,1,10.00,现金
ORD106144,2026-06-19,S03,P04,1,38.00,微信
ORD101570,2026-05-13,S02,P05,2,68.00,支付宝
ORD102845,2026-05-24,S02,P01,1,32.00,微信
ORD105239,2026-06-11,S03,P08,1,25.00,微信
ORD109751,2026-07-15,S02,P15,1,6.00,现金
ORD109485,13-07-2026,S04,P08,1,25.00,支付宝
ORD106482,2026-06-21,S05,P12,1,8.00,支付宝
ORD106846,2026-06-23,S02,P18,1,18.00,现金
ORD111014,2026-07-25,S01,P05,1,34.00,支付宝
ORD108316,2026-07-05,S05,P17,1,12.00,支付宝
ORD100934,2026-05-08,S02,P11,2,52.00,微信
ORD111703,2026-07-29,S02,P13,1,20.00,银行卡
ORD103893,2026-06-01,S05,P08,2,50.00,微信
ORD110257,2026-07-19,S01,P08,2,50.00,现金
ORD106130,2026-06-19,S02,P02,3,90.00,会员储值
ORD108964,2026-07-10,S04,P03,2,52.00,会员储值
ORD106426,2026-06-21,S02,P02,2,60.00,银行卡
ORD102005,2026-05-17,S02,P06,1,42.00,会员储值
ORD105818,2026-06-16,S04,P07,-1,22.00,银行卡
ORD109906,2026-07-17,S02,P18,1,18.00,现金
ORD100899,2026-05-08,S02,P07,2,-44.00,微信
ORD108621,2026-07-07,S04,P19,1,15.00,现金
ORD104999,2026-06-09,S05,P16,1,5.00,会员储值
ORD108135,2026-07-04,S02,P16,1,5.00,银行卡
ORD104114,2026-06-03,S02,P13,2,40.00,现金
ORD100064,2026-05-01,S04,P12,2,16.00,支付宝
ORD105280,2026-06-12,S03,P01,1,32.00,会员储值
ORD101087,2026-05-09,S03,P09,2,36.00,支付宝
ORD108574,2026-07-07,S03,P18,1,18.00,银行卡
ORD110514,2026-07-21,S01,P18,4,72.00,支付宝
ORD108469,2026-07-06,S03,P16,4,20.00,微信
ORD105224,2026-06-11,S03,P16,2,10.00,支付宝
ORD103559,2026-05-30,S01,P11,1,26.00,银行卡
ORD102042,2026-05-17,S03,P20,1,22.00,微信
ORD100820,2026-05-07,S03,P13,2,40.00,现金
ORD100973,2026-05-09,S01,P04,1,38.00,微信
ORD101856,2026-05-16,S02,P02,1,30.00,银行卡
ORD105289,2026-06-12,S04,P01,2,64.00,微信
ORD102714,2026-05-23,S05,P15,2,12.00,会员储值
ORD106589,2026-06-21,S03,P07,1,22.00,会员储值
ORD105407,2026-06-13,S01,P06,1,42.00,微信
ORD108144,2026-07-04,S02,P07,2,44.00,支付宝
ORD102779,2026-05-23,S03,P17,2,24.00,支付宝
ORD106179,2026-06-19,S04,P15,3,18.00,会员储值
ORD100397,2026-05-03,S04,P04,1,38.00,现金
ORD110983,2026-07-24,S05,P13,4,80.00,支付宝
ORD103921,2026-06-01,S03,P08,2,50.00,微信
ORD110785,2026-07-23,S01,P01,1,32.00,银行卡
ORD111437,2026-07-27,S04,P16,1,5.00,微信
ORD106547,2026-06-21,S05,P05,2,68.00,现金
ORD103781,2026-05-31,S05,P01,2,64.00,支付宝
ORD102529,2026-05-21,S05,P12,1,8.00,微信
ORD104071,2026-06-02,S04,P16,2,10.00,会员储值
ORD109188,2026-07-11,S05,P13,1,20.00,会员储值
ORD101719,2026-05-15,S04,P11,1,26.00,现金
ORD101362,2026-05-11,S03,P18,1,18.00,支付宝
ORD106277,2026-06-20,S05,P09,2,36.00,现金
ORD100861,2026-05-07,S05,P02,1,30.00,银行卡
ORD109998,2026-07-17,S02,P08,1,25.00,支付宝
ORD103193,2026-05-26,S04,P20,3,66.00,会员储值
ORD103725,2026-05-31,S04,P01,1,32.00,会员储值
ORD111728,2026-07-29,S01,P07,2,44.00,银行卡
ORD103019,2026-05-25,S05,P17,1,12.00,银行卡
ORD108332,2026-07-05,S05,P04,3,114.00,现金
ORD103714,2026-05-30,S04,P06,2,84.00,支付宝
ORD108009,2026-07-03,S01,P19,1,15.00,会员储值
ORD108983,2026-07-10,S04,P02,2,60.00,支付宝
ORD101528,2026-05-13,S02,P01,1,32.00,银行卡
ORD111566,2026-07-28,S03,P07,2,44.00,会员储值
ORD104907,2026-06-09,S02,P02,1,30.00,会员储值
ORD100661,2026-05-06,S05,P09,1,18.00,微信
ORD102114,2026-05-17,S02,P11,1,26.00,银行卡
ORD103783,2026-05-31,S03,P04,2,76.00,会员储值
ORD103852,2026-05-31,S03,P18,1,18.00,支付宝
ORD110505,2026-07-21,S03,P02,2,60.00,银行卡
ORD107573,2026-06-29,S05,P08,1,25.00,银行卡
ORD102204,2026/05/18,S04,P16,1,5.00,微信
ORD108519,2026-07-06,S01,P20,4,88.00,微信
ORD111822,2026-07-30,S05,P03,3,78.00,支付宝
ORD111098,2026-07-25,S05,P14,2,20.00,会员储值
ORD108976,2026-07-10,S05,P20,2,44.00,银行卡
ORD103611,2026-05-30,S01,P20,1,22.00,微信
ORD110033,2026-07-18,S03,P16,1,5.00,银行卡
ORD101663,2026-05-14,S02,P03,2,,现金
ORD106201,2026-06-19,S05,P10,1,24.00,微信
ORD108716,2026-07-08,S05,P18,2,36.00,银行卡
ORD102677,2026-05-23,S05,P02,1,30.00,会员储值
ORD103092,2026-05-25,S04,P19,1,15.00,支付宝
ORD109572,2026-07-14,S01,P19,3,45.00,会员储值
ORD103292,2026-05-27,S02,P16,3,15.00,微信
ORD108931,2026-07-10,S03,P07,1,22.00,支付宝
ORD103878,2026-05-31,S04,P14,1,10.00,会员储值
ORD110001,2026-07-17,S04,P18,1,18.00,现金
ORD107809,2026-07-01,S05,P07,1,22.00,银行卡
ORD109945,2026-07-17,S03,P19,1,15.00,会员储值
ORD107925,2026-07-02,S05,P14,1,10.00,会员储值
ORD106740,2026-06-22,S04,P16,2,10.00,现金
ORD110981,2026-07-24,S02,P06,1,42.00,支付宝
ORD111639,2026-07-29,S01,P11,2,52.00,现金
ORD109153,2026-07-11,S05,P20,2,44.00,现金
ORD100363,2026-05-03,S05,P16,1,5.00,微信
ORD110188,2026-07-19,S01,P17,1,12.00,现金
ORD107559,2026-06-29,S05,P18,1,18.00,支付宝
ORD100245,2026-05-02,S05,P03,2,52.00,微信
ORD105636,2026-06-14,S05,P06,1,42.00,会员储值
ORD108959,2026-07-10,S04,P07,2,-44.00,会员储值
ORD111416,2026-07-27,S03,P09,4,72.00,银行卡
ORD109713,2026-07-15,S05,P10,2,,会员储值
ORD102315,2026-05-19,S02,P02,1,30.00,现金
ORD110019,2026-07-17,S02,P09,1,18.00,微信
ORD107245,2026-06-27,S05,P10,1,24.00,银行卡
ORD107214,2026-06-27,S02,P09,1,18.00,支付宝
ORD111332,2026-07-26,S02,P09,1,18.00,会员储值
ORD106939,2026-06-24,S05,P13,2,40.00,会员储值
ORD110562,2026-07-21,S02,P10,1,24.00,现金
ORD109104,2026-07-11,S05,P18,1,18.00,会员储值
ORD100650,2026-05-05,S02,P16,2,10.00,支付宝
ORD106735,2026-06-22,S02,P18,2,36.00,支付宝
ORD101927,2026-05-16,S03,P16,1,5.00,微信
ORD109940,2026-07-17,S01,P09,1,18.00,会员储值
ORD101612,2026-05-13,S03,P18,4,72.00,现金
ORD109707,2026-07-15,S04,P11,3,78.00,银行卡
ORD104623,2026-06-07,S03,P10,2,48.00,现金
ORD112044,2026-07-31,S05,P07,1,22.00,微信
ORD101198,2026-05-10,S02,P02,2,60.00,会员储值
ORD111069,2026-07-25,S02,P08,4,100.00,现金
ORD100538,2026-05-04,S04,P14,1,10.00,支付宝
ORD107358,2026-06-28,S01,P07,2,44.00,支付宝
ORD109866,2026-07-16,S03,P08,1,25.00,支付宝
ORD101698,2026-05-14,S05,P10,4,96.00,现金
ORD103804,2026-05-31,S03,P03,1,26.00,会员储值
ORD111694,2026-07-29,S01,P07,2,44.00,支付宝
ORD110583,2026-07-21,S04,P10,1,24.00,微信
ORD111674,2026-07-29,S03,P01,1,32.00,现金
ORD101478,2026-05-12,S04,P07,1,22.00,支付宝
ORD101711,2026-05-15,S05,P15,2,12.00,微信
ORD108525,2026-07-07,S02,P11,2,52.00,银行卡
ORD103074,2026-05-25,S05,P07,3,66.00,会员储值
ORD107894,2026-07-02,S01,P06,2,84.00,微信
ORD110073,2026-07-18,S04,P18,1,18.00,现金
ORD104513,2026-06-06,S01,P13,3,60.00,支付宝
ORD101025,2026-05-09,S03,P01,1,32.00,现金
ORD103895,2026-06-01,S04,P06,1,42.00,现金
ORD108788,2026-07-09,S04,P07,2,44.00,银行卡
ORD107315,2026-06-27,S01,P17,2,24.00,银行卡
ORD104748,2026-06-07,S02,P03,2,52.00,银行卡
ORD104158,2026-06-03,S03,P19,2,30.00,支付宝
ORD103013,2026-05-25,S03,P04,4,152.00,微信
ORD100329,2026-05-03,S05,P11,1,26.00,支付宝
ORD100843,2026-05-07,S05,P20,1,22.00,现金
ORD107376,2026-06-28,S01,P09,1,18.00,会员储值
ORD101897,2026-05-16,S05,P20,1,22.00,会员储值
ORD107887,2026-07-02,S01,P15,1,6.00,支付宝
ORD109716,2026-07-15,S05,P05,1,34.00,现金
ORD100165,2026-05-02,S02,P13,3,60.00,现金
ORD109847,2026-07-16,S05,P16,2,10.00,支付宝
ORD102189,2026-05-18,S02,P14,2,20.00,微信
ORD104900,2026-06-08,S02,P09,3,54.00,银行卡
ORD101047,2026-05-09,S03,P06,2,84.00,微信
ORD101291,2026-05-10,S04,P15,1,6.00,会员储值
ORD110648,2026-07-22,S01,P18,2,36.00,支付宝
ORD101226,2026-05-10,S02,P04,1,38.00,支付宝
ORD105450,2026-06-13,S04,P07,2,44.00,微信
ORD105272,2026-06-12,S03,P18,2,36.00,会员储值
ORD100244,2026-05-02,S04,P16,2,10.00,支付宝
ORD101997,2026-05-17,S01,P14,3,30.00,微信
ORD100879,2026-05-08,S01,P16,3,15.00,微信
ORD109434,2026-07-13,S04,P11,1,26.00,支付宝
ORD100093,2026-05-01,S05,P13,1,20.00,现金
ORD106516,2026-06-21,S02,P13,3,60.00,现金
ORD109784,2026-07-16,S05,P02,3,90.00,支付宝
ORD102915,24-05-2026,S01,P12,1,8.00,微信
ORD102938,2026-05-24,S04,P03,3,78.00,支付宝
ORD103470,2026-05-29,S04,P19,1,15.00,会员储值
ORD107485,2026-06-28,S02,P11,3,78.00,现金
ORD105597,2026-06-14,S04,P11,1,26.00,微信
ORD100659,2026-05-05,S02,P02,2,60.00,会员储值
ORD103375,2026-05-28,S03,P20,1,22.00,会员储值
ORD102149,2026-05-18,S05,P04,1,38.00,现金
ORD104467,2026-06-06,S03,P06,1,42.00,微信
ORD110951,2026-07-24,S03,P01,1,32.00,微信
ORD109930,2026-07-17,S02,P09,4,72.00,会员储值
ORD104557,2026-06-06,S04,P08,1,25.00,支付宝
ORD105720,2026-06-15,S04,P03,1,26.00,银行卡
ORD106471,2026-06-21,S05,P15,2,12.00,会员储值
ORD107357,2026-06-28,S05,P15,1,6.00,支付宝
ORD102496,2026-05-21,S05,P20,2,44.00,银行卡
ORD104466,2026-06-06,S05,P11,4,104.00,现金
ORD100176,2026-05-02,S04,P13,2,40.00,银行卡
ORD100964,2026-05-08,S02,P15,2,12.00,支付宝
ORD108461,2026/07/06,S03,P09,1,18.00,支付宝
ORD103785,2026-05-31,S03,P16,1,5.00,会员储值
ORD101834,2026-05-16,S05,P17,1,12.00,现金
ORD100758,2026-05-07,S02,P16,1,5.00,支付宝
ORD106815,2026-06-23,S01,P03,2,52.00,银行卡
ORD100490,2026-05-04,S05,P15,3,18.00,现金
ORD107659,2026-06-30,S05,P19,2,30.00,支付宝
ORD111714,2026-07-29,S02,P11,2,52.00,现金
ORD108886,2026-07-09,S01,P11,1,26.00,支付宝
ORD102863,2026-05-24,S02,P09,1,18.00,现金
ORD108864,2026-07-09,S05,P12,1,8.00,银行卡
ORD111915,2026-07-31,S05,P01,1,32.00,支付宝
ORD106202,2026-06-19,S04,P17,1,12.00,现金
ORD102018,2026-05-17,S05,P17,1,12.00,微信
ORD111271,2026-07-26,S04,P10,3,72.00,现金
ORD108146,2026-07-04,S02,P17,2,24.00,微信
ORD111567,2026-07-28,S01,P08,4,100.00,银行卡
ORD108542,2026-07-07,S01,P09,2,36.00,支付宝
ORD108921,2026-07-10,S05,P04,2,76.00,银行卡
ORD111769,2026-07-30,S04,P05,2,68.00,会员储值
ORD106644,2026-06-22,S03,P16,1,5.00,会员储值
ORD101548,2026-05-13,S05,P01,3,96.00,微信
ORD107294,2026-06-27,S02,P07,1,22.00,现金
ORD105708,2026-06-15,S01,P14,2,20.00,会员储值
ORD108813,2026-07-09,S02,P10,3,72.00,支付宝
ORD102719,2026-05-23,S03,P10,2,48.00,会员储值
ORD111590,2026-07-28,S03,P12,4,32.00,现金
ORD102465,2026-05-21,S03,P09,1,18.00,现金
ORD102703,2026-05-23,S03,P19,1,15.00,支付宝
ORD103533,2026-05-29,S02,P20,3,66.00,微信
ORD111696,2026-07-29,S04,P03,1,26.00,银行卡
ORD107271,2026-06-27,S01,P10,2,48.00,支付宝
ORD103311,2026-05-27,S04,P15,1,6.00,会员储值
ORD101279,2026-05-10,S04,P20,1,22.00,现金
ORD103425,2026-05-28,S03,P14,2,20.00,支付宝
ORD106174,2026-06-19,S02,P12,1,8.00,银行卡
ORD105620,2026-06-14,S05,P17,1,12.00,现金
ORD110590,2026-07-21,S02,P10,2,,现金
ORD104452,2026-06-06,S03,P11,1,26.00,现金
ORD104706,2026-06-07,S03,P19,1,15.00,现金
ORD100494,2026-05-04,S01,P14,2,20.00,银行卡
ORD104739,2026-06-07,S05,P06,1,42.00,微信
ORD103460,2026-05-29,S05,P06,1,42.00,银行卡
ORD102640,2026-05-22,S05,P16,2,10.00,现金
ORD107768,2026-07-01,S01,P03,1,26.00,会员储值
ORD105244,2026-06-11,S03,P13,1,20.00,支付宝
ORD110524,2026-07-21,S02,P03,2,52.00,银行卡
ORD111507,2026-07-27,S03,P18,1,18.00,银行卡
ORD103194,2026-05-26,S03,P04,1,38.00,银行卡
ORD103177,2026-05-26,S02,P17,2,24.00,现金
ORD108858,2026-07-09,S02,P13,1,20.00,微信
ORD104001,2026-06-02,S01,P06,1,42.00,支付宝
ORD107957,2026-07-02,S05,P03,1,26.00,现金
ORD103710,2026-05-30,S04,P12,3,24.00,现金
ORD106826,2026-06-23,S03,P05,2,68.00,微信
ORD109787,2026-07-16,S03,P18,1,18.00,微信
ORD107364,2026-06-28,S05,P01,2,64.00,微信
ORD106212,2026-06-20,S01,P13,2,40.00,微信
ORD105604,2026-06-14,S03,P02,1,30.00,会员储值
ORD110443,2026-07-20,S03,P13,1,20.00,会员储值
ORD100081,2026-05-01,S02,P16,4,20.00,微信
ORD107212,2026-06-27,S04,P07,1,22.00,会员储值
ORD106337,2026-06-20,S05,P16,1,5.00,微信
ORD107518,2026-06-29,S04,P16,1,5.00,支付宝
ORD106345,2026-06-20,S05,P20,1,22.00,会员储值
ORD100648,2026-05-05,S01,P07,1,22.00,现金
ORD110569,2026-07-21,S01,P10,1,24.00,微信
ORD109799,2026-07-16,S03,P05,1,34.00,现金
ORD100577,2026-05-05,S04,P07,2,44.00,银行卡
ORD105320,2026-06-12,S03,P06,4,168.00,现金
ORD104799,2026-06-08,S01,P08,1,25.00,现金
ORD108530,2026-07-07,S04,P14,1,10.00,现金
ORD111754,2026-07-29,S03,P08,1,25.00,支付宝
ORD111233,2026-07-26,S04,P19,1,15.00,银行卡
ORD109922,2026-07-17,S02,P15,2,12.00,现金
ORD108367,2026-07-05,S05,P09,1,-18.00,支付宝
ORD101956,2026-05-16,S05,P14,1,10.00,现金
ORD110846,2026-07-24,S02,P11,2,52.00,会员储值
ORD110757,2026-07-23,S05,P20,2,44.00,支付宝
ORD105300,2026-06-12,S01,P09,3,54.00,会员储值
ORD104394,2026-06-06,S03,P06,1,42.00,微信
ORD111435,2026-07-27,S03,P16,1,5.00,现金
ORD109525,2026-07-13,S04,P02,1,30.00,会员储值
ORD109935,2026-07-17,S02,P03,2,52.00,微信
ORD101644,2026-05-14,S04,P08,1,25.00,支付宝
ORD103296,27-05-2026,S02,P19,1,15.00,微信
ORD101168,2026-05-10,S05,P17,1,12.00,微信
ORD102053,2026-05-17,S01,P11,1,26.00,银行卡
ORD100555,2026-05-04,S02,P09,4,72.00,会员储值
ORD102730,2026-05-23,S04,P15,1,6.00,微信
ORD109129,2026-07-11,S01,P18,1,18.00,会员储值
ORD108157,2026/07/04,S05,P12,2,16.00,支付宝
ORD102454,2026-05-21,S05,P18,1,18.00,微信
ORD100074,2026-05-01,S03,P10,2,48.00,微信
ORD102306,2026-05-19,S04,P20,1,22.00,银行卡
ORD105846,2026-06-16,S05,P03,1,26.00,银行卡
ORD110025,2026-07-18,S04,P07,1,22.00,微信
ORD101864,2026-05-16,S04,P06,1,42.00,微信
ORD101813,2026-05-15,S01,P17,3,36.00,银行卡
ORD104764,2026-06-07,S04,P14,1,10.00,微信
ORD101582,2026-05-13,S04,P13,1,20.00,会员储值
ORD102289,2026-05-19,S04,P06,3,126.00,微信
ORD108092,2026-07-04,S02,P17,3,36.00,现金
ORD100667,2026-05-06,S05,P03,3,78.00,微信
ORD102422,2026-05-20,S01,P07,3,66.00,支付宝
ORD102116,2026-05-17,S03,P05,1,34.00,会员储值
ORD105228,2026-06-11,S04,P08,1,25.00,现金
ORD108682,2026-07-08,S05,P08,1,25.00,微信
ORD103815,2026-05-31,S04,P13,1,20.00,现金
ORD100207,2026-05-02,S05,P01,2,64.00,支付宝
ORD107736,2026-06-30,S01,P19,1,15.00,银行卡
ORD107515,2026-06-29,S04,P04,2,76.00,微信
ORD105763,2026-06-15,S04,P10,1,24.00,支付宝
ORD102602,2026-05-22,S05,P19,2,30.00,支付宝
ORD100402,2026-05-03,S04,P16,1,5.00,微信
ORD100558,2026-05-04,S02,P01,1,32.00,微信
ORD102003,2026-05-17,S01,P03,2,52.00,支付宝
ORD109992,2026-07-17,S04,P11,1,26.00,会员储值
ORD102435,2026-05-21,S01,P14,2,20.00,银行卡
ORD100946,2026-05-08,S03,P13,1,20.00,现金
ORD105593,2026-06-14,S05,P10,3,72.00,微信
ORD100472,2026-05-04,S05,P07,1,22.00,现金
ORD107295,2026-06-27,S05,P13,2,40.00,现金
ORD100163,2026-05-02,S02,P15,2,12.00,微信
ORD101862,2026-05-16,S01,P03,1,26.00,支付宝
ORD103457,2026-05-29,S05,P09,1,18.00,银行卡
ORD102135,2026-05-18,S03,P16,3,15.00,现金
ORD108223,2026-07-04,S01,P08,2,50.00,现金
ORD100467,2026-05-04,S05,P10,1,24.00,支付宝
ORD108535,2026-07-07,S02,P02,4,120.00,会员储值
ORD110471,2026-07-21,S05,P04,2,76.00,支付宝
ORD101208,2026-05-10,S04,P01,3,96.00,会员储值
ORD107097,2026-06-26,S02,P01,1,32.00,现金
ORD111452,2026-07-27,S04,P15,2,12.00,微信
ORD108993,2026-07-10,S02,P16,3,15.00,会员储值
ORD100282,2026-05-03,S04,P04,1,38.00,微信
ORD111130,2026-07-25,S05,P11,1,26.00,银行卡
ORD107469,2026-06-28,S02,P04,2,76.00,支付宝
ORD100945,2026-05-08,S05,P06,2,-84.00,现金
ORD107253,27-06-2026,S04,P03,1,26.00,微信
ORD100123,2026-05-02,S01,P12,3,24.00,银行卡
ORD109204,2026-07-12,S05,P01,2,64.00,会员储值
ORD105750,2026-06-15,S01,P10,1,24.00,微信
ORD108546,2026-07-07,S05,P08,1,25.00,现金
ORD107307,2026-06-27,S05,P18,1,18.00,微信
ORD102481,2026-05-21,S05,P08,1,25.00,会员储值
ORD111075,2026-07-25,S05,P12,1,-8.00,会员储值
ORD105232,2026-06-11,s01,P15,2,12.00,银行卡
ORD110631,2026-07-22,S04,P19,1,15.00,现金
ORD111403,2026-07-27,S02,P05,1,34.00,支付宝
ORD107455,2026-06-28,S04,P04,1,38.00,支付宝
ORD102366,2026-05-20,S01,P05,2,68.00,现金
ORD107653,2026-06-30,S03,P15,1,6.00,会员储值
ORD101613,2026-05-13,S02,P07,4,88.00,会员储值
ORD111078,2026-07-25,S02,P19,4,60.00,微信
ORD100241,2026-05-02,S02,P09,1,18.00,会员储值
ORD100219,2026-05-02,S02,P09,1,18.00,支付宝
ORD108052,2026-07-03,S02,P05,1,34.00,支付宝
ORD106955,2026-06-24,S03,P13,2,40.00,支付宝
ORD100608,2026-05-05,S04,P08,2,50.00,银行卡
ORD111193,2026-07-26,S05,P07,1,22.00,会员储值
ORD110687,2026-07-22,S04,P15,3,18.00,银行卡
ORD105514,2026-06-13,S01,P08,1,25.00,支付宝
ORD100135,2026-05-02,S01,P12,2,16.00,支付宝
ORD105595,2026-06-14,S02,P15,3,18.00,会员储值
ORD106393,2026-06-20,S05,P06,2,84.00,支付宝
ORD112009,2026-07-31,S03,P12,1,8.00,银行卡
ORD105884,2026-06-16,S05,P11,1,26.00,微信
ORD110582,2026-07-21,S05,P09,4,72.00,现金
ORD105441,2026-06-13,S02,P19,1,15.00,现金
ORD100597,2026-05-05,S03,P03,1,26.00,现金
ORD106688,2026-06-22,S04,P02,1,30.00,现金
ORD104585,2026-06-07,S04,P14,2,20.00,支付宝
ORD101799,2026-05-15,S04,P08,2,50.00,支付宝
ORD107075,2026-06-26,S05,P13,1,20.00,会员储值
ORD100813,2026-05-07,S01,P17,3,36.00,支付宝
ORD104895,2026-06-08,S03,P08,1,25.00,微信
ORD106877,2026-06-24,S02,P16,3,15.00,微信
ORD100966,2026-05-08,S02,P04,4,152.00,支付宝
ORD111755,2026-07-29,S04,P08,1,25.00,会员储值
ORD103054,2026-05-25,S01,P03,3,78.00,支付宝
ORD110119,2026-07-18,S01,P09,1,18.00,微信
ORD101237,2026-05-10,S03,P01,2,64.00,微信
ORD104426,2026-06-06,S05,P12,1,8.00,银行卡
ORD103989,2026-06-01,S05,P07,1,22.00,微信
ORD106715,2026-06-22,S04,P09,1,18.00,银行卡
ORD102688,2026-05-23,S03,P08,2,50.00,现金
ORD102753,2026-05-23,S04,P07,3,66.00,现金
ORD102879,2026-05-24,S04,P09,2,36.00,微信
ORD111225,2026-07-26,S03,P02,1,30.00,支付宝
ORD110350,2026-07-20,S02,P02,3,90.00,会员储值
ORD100076,2026-05-01,S05,P13,2,40.00,会员储值
ORD105717,2026-06-15,S02,P15,1,6.00,银行卡
ORD101793,2026-05-15,S05,P09,1,18.00,现金
ORD100642,2026-05-05,S04,P01,1,32.00,微信
ORD100226,2026-05-02,S02,P06,4,168.00,现金
ORD105914,2026-06-17,S04,P10,1,24.00,支付宝
ORD104662,07-06-2026,S03,P15,1,6.00,支付宝
ORD108758,2026/07/08,S01,P17,1,12.00,会员储值
ORD101423,2026-05-12,S05,P05,1,34.00,银行卡
ORD101687,2026-05-14,S04,P01,1,32.00,银行卡
ORD108722,2026-07-08,S03,P19,1,15.00,支付宝
ORD110862,2026-07-24,S01,P18,2,36.00,银行卡
ORD110958,2026-07-24,S04,P12,1,8.00,银行卡
ORD109328,2026-07-12,S01,P05,3,102.00,微信
ORD110134,2026-07-18,S05,P02,1,30.00,微信
ORD107849,2026-07-02,S01,P05,1,34.00,微信
ORD106479,2026-06-21,S04,P01,1,32.00,支付宝
ORD110031,2026-07-18,S01,P17,1,12.00,现金
ORD108979,2026-07-10,S03,P13,2,40.00,银行卡
ORD106755,2026-06-22,S01,P20,1,22.00,银行卡
ORD104577,2026-06-06,S01,P15,1,6.00,银行卡
ORD111148,2026-07-25,S02,P17,2,24.00,支付宝
ORD109823,2026-07-16,S01,P11,1,26.00,微信
ORD100582,2026-05-05,S05,P15,1,6.00,微信
ORD100834,2026-05-07,S01,P18,4,72.00,会员储值
ORD110566,2026-07-21,S04,P10,3,72.00,会员储值
ORD105283,2026-06-12,S03,P06,2,84.00,银行卡
ORD107251,2026-06-27,S01,P11,1,26.00,现金
ORD108904,2026-07-10,S01,P15,1,6.00,微信
ORD111574,2026-07-28,S04,P08,1,25.00,支付宝
ORD106870,2026-06-24,S05,P17,1,12.00,银行卡
ORD111934,2026-07-31,S03,P18,2,36.00,银行卡
ORD108210,2026-07-04,S05,P06,2,84.00,现金
ORD111089,2026-07-25,S01,P18,2,36.00,现金
ORD110153,2026-07-18,S04,P17,1,12.00,微信
ORD107496,2026-06-28,S01,P20,1,22.00,支付宝
ORD108623,2026-07-07,S04,P03,1,26.00,支付宝
ORD102974,2026-05-24,S04,P16,2,10.00,现金
ORD105454,2026-06-13,S02,P15,1,6.00,微信
ORD102646,2026-05-23,S02,P13,1,20.00,现金
ORD106983,2026-06-25,S02,P10,2,48.00,现金
ORD102726,2026-05-23,S01,P04,1,38.00,银行卡
ORD109045,2026-07-11,S04,P05,1,34.00,支付宝
ORD112022,2026-07-31,S04,P19,3,45.00,微信
ORD110310,2026-07-19,S04,P06,1,42.00,银行卡
ORD107142,2026-06-26,S03,P15,1,6.00,会员储值
ORD109417,2026-07-13,S05,P05,2,68.00,现金
ORD104165,2026-06-03,S01,P11,1,26.00,会员储值
ORD110321,2026-07-19,S03,P08,2,50.00,微信
ORD102798,2026-05-23,S02,P02,1,30.00,银行卡
ORD104994,2026-06-09,S03,P02,3,90.00,现金
ORD102193,2026-05-18,S05,P19,1,15.00,现金
ORD110258,2026-07-19,S02,P05,1,34.00,支付宝
ORD100256,2026-05-02,S03,P19,4,60.00,会员储值
ORD108101,2026-07-04,S01,P18,2,36.00,支付宝
ORD103980,2026-06-01,S05,P14,1,10.00,现金
ORD106721,2026-06-22,S04,P13,2,40.00,银行卡
ORD109413,2026-07-13,S03,P20,2,44.00,现金
ORD100635,2026-05-05,S04,P17,1,12.00,支付宝
ORD111164,2026-07-25,S04,P20,1,22.00,微信
ORD103203,2026-05-26,S05,P14,2,20.00,支付宝
ORD109941,2026-07-17,S01,P01,1,32.00,会员储值
ORD103797,2026-05-31,S02,P12,1,8.00,银行卡
ORD102273,2026-05-19,S01,P10,1,24.00,现金
ORD104106,2026-06-03,S02,P01,2,64.00,银行卡
ORD103672,2026-05-30,S02,P20,2,44.00,支付宝
ORD111806,2026-07-30,S03,P12,1,8.00,微信
ORD107553,2026-06-29,S01,P17,1,12.00,微信
ORD110642,2026-07-22,S01,P11,1,26.00,支付宝
ORD108971,2026-07-10,S05,P04,3,114.00,支付宝
ORD105727,2026-06-15,S05,P03,1,26.00,微信
ORD107316,2026-06-27,S03,P11,1,26.00,支付宝
ORD110480,2026-07-21,S03,P01,1,32.00,支付宝
ORD106996,2026-06-25,S02,P19,2,30.00,现金
ORD107386,2026-06-28,S02,P06,3,126.00,微信
ORD102834,2026-05-24,S02,P05,2,¥68.00,现金
ORD106371,2026-06-20,S05,P07,1,22.00,会员储值
ORD109561,2026-07-14,S05,P05,2,68.00,现金
ORD101345,2026-05-11,S03,P14,1,10.00,微信
ORD105003,2026-06-09,S01,P05,1,34.00,会员储值
ORD111159,2026-07-25,S03,P19,2,30.00,现金
ORD102873,2026-05-24,S02,P06,1,42.00,微信
ORD106088,2026-06-18,S03,P13,2,40.00,微信
ORD106411,2026-06-20,S04,P13,2,40.00,银行卡
ORD103622,2026-05-30,S03,P05,1,34.00,银行卡
ORD105436,2026-06-13,S02,P01,3,96.00,会员储值
ORD106194,2026-06-19,S02,P03,2,52.00,会员储值
ORD103441,2026-05-28,S03,P04,2,76.00,现金
ORD108522,2026-07-06,S04,P17,1,,微信
ORD108130,2026-07-04,S01,P16,1,5.00,现金
ORD102890,2026-05-24,S01,P01,1,32.00,银行卡
ORD102249,2026-05-19,S05,P13,2,40.00,会员储值
ORD102139,2026-05-18,S02,P08,1,25.00,会员储值
ORD103245,2026-05-27,S02,P18,1,18.00,微信
ORD106420,2026-06-21,S01,P03,2,52.00,银行卡
ORD106451,2026-06-21,S05,P17,2,24.00,现金
ORD109879,2026-07-17,S03,P14,1,10.00,会员储值
ORD108313,2026-07-05,S04,P20,1,22.00,现金
ORD109018,2026-07-10,S03,P09,2,-36.00,现金
ORD106268,2026-06-20,S02,P11,1,26.00,会员储值
ORD110820,2026-07-23,S05,P13,1,20.00,现金
ORD103632,2026-05-30,S02,P16,1,5.00,会员储值
ORD101257,2026-05-10,S04,P12,2,16.00,微信
ORD106763,2026-06-23,S04,P01,1,32.00,银行卡
ORD107481,2026-06-28,S02,P03,1,26.00,支付宝
ORD102711,2026-05-23,S03,P09,2,36.00,会员储值
ORD102563,2026-05-22,S04,P12,1,8.00,支付宝
ORD109497,2026-07-13,S02,P08,1,25.00,银行卡
ORD106678,2026-06-22,S04,P15,1,6.00,银行卡
ORD102140,2026-05-18,S05,P07,1,22.00,微信
ORD110765,2026-07-23,S02,P14,2,20.00,支付宝
ORD104684,2026-06-07,S04,P16,1,5.00,现金
ORD105209,2026-06-11,S05,P11,1,26.00,银行卡
ORD102881,2026-05-24,S02,P01,1,32.00,银行卡
ORD104875,2026-06-08,S02,P04,1,38.00,现金
ORD110414,2026-07-20,S02,P08,1,25.00,微信
ORD106578,2026-06-21,S01,P06,2,84.00,现金
ORD108568,2026-07-07,S05,P02,3,90.00,微信
ORD101043,2026-05-09,S03,P17,1,12.00,银行卡
ORD104957,2026-06-09,S02,P10,3,72.00,现金
ORD102457,2026-05-21,S03,P10,1,24.00,银行卡
ORD101013,2026-05-09,S01,P20,2,-44.00,会员储值
ORD109482,2026-07-13,S04,P05,1,,支付宝
ORD111032,2026-07-25,S04,P14,1,10.00,支付宝
ORD108048,2026-07-03,S01,P15,1,6.00,会员储值
ORD103145,2026-05-26,S02,P04,3,114.00,支付宝
ORD108932,2026-07-10,S01,P01,2,64.00,支付宝
ORD108399,2026-07-05,S04,P14,3,30.00,支付宝
ORD107306,2026-06-27,S03,P20,2,44.00,微信
ORD107654,2026-06-30,S03,P16,1,5.00,支付宝
ORD100919,2026-05-08,S03,P01,1,32.00,支付宝
ORD104989,2026-06-09,S01,P17,1,12.00,会员储值
ORD103380,2026-05-28,S01,P03,1,26.00,微信
ORD106706,2026-06-22,S03,P15,2,12.00,现金
ORD103034,2026-05-25,S03,P20,4,88.00,微信
ORD101726,2026-05-15,S03,P04,2,76.00,支付宝
ORD106380,2026-06-20,S03,P14,1,10.00,银行卡
ORD102841,2026-05-24,S01,P10,2,48.00,银行卡
ORD106113,2026-06-18,S05,P01,1,32.00,支付宝
ORD107454,2026-06-28,S02,P04,1,38.00,微信
ORD105463,2026-06-13,S03,P05,4,136.00,会员储值
ORD104250,2026-06-04,S03,P07,1,22.00,银行卡
ORD105768,2026-06-15,S03,P01,3,96.00,会员储值
ORD102291,2026-05-19,S03,P04,2,76.00,会员储值
ORD111142,2026-07-25,S02,P17,2,24.00,支付宝
ORD100158,2026-05-02,S03,P17,1,12.00,现金
ORD102206,2026-05-18,S03,P16,1,5.00,会员储值
ORD108800,2026-07-09,S05,P07,1,22.00,现金
ORD105160,2026-06-11,S02,P05,3,102.00,支付宝
ORD102665,2026-05-23,S05,P04,2,,银行卡
ORD103960,2026-06-01,S01,P17,1,12.00,微信
ORD100473,2026-05-04,S03,P11,1,,微信
ORD106494,2026-06-21,S05,P99,1,26.00,银行卡
ORD104656,2026-06-07,S03,P15,1,6.00,银行卡
ORD100812,2026-05-07,S05,P14,1,10.00,微信
ORD101404,2026-05-12,S01,P02,1,30.00,会员储值
ORD102989,2026-05-25,S01,P06,3,126.00,支付宝
ORD110453,2026-07-20,S05,P07,1,22.00,微信
ORD111644,2026-07-29,S02,P04,1,38.00,微信
ORD108147,2026-07-04,S02,P05,2,68.00,会员储值
ORD104353,2026-06-05,S03,P10,1,24.00,支付宝
ORD111735,2026-07-29,S02,P01,1,32.00,微信
ORD103519,2026-05-29,S05,P20,1,22.00,银行卡
ORD101052,2026-05-09,S05,P09,1,18.00,会员储值
ORD109059,2026-07-11,S01,P19,3,,微信
ORD107582,2026-06-29,S03,P09,1,18.00,现金
ORD110925,2026-07-24,S03,P17,4,48.00,现金
ORD108552,2026-07-07,S01,P07,2,44.00,微信
ORD102590,2026-05-22,S01,P14,4,40.00,会员储值
ORD112034,2026-07-31,S04,P04,4,152.00,现金
ORD109615,2026-07-14,S03,P04,1,38.00,微信
ORD109003,2026-07-10,S01,P06,2,84.00,现金
ORD111669,2026-07-29,S02,P14,1,10.00,支付宝
ORD101693,2026-05-14,S01,P06,1,42.00,微信
ORD103254,2026-05-27,S03,P20,2,44.00,微信
ORD105758,2026-06-15,S02,P09,1,18.00,银行卡
ORD101148,2026-05-10,S02,P13,1,20.00,支付宝
ORD108254,2026-07-05,S05,P20,1,22.00,银行卡
ORD103150,2026-05-26,S01,P03,1,26.00,微信
ORD104109,2026-06-03,S04,P10,1,,微信
ORD103850,2026-05-31,S05,P12,4,32.00,银行卡
ORD109393,2026-07-12,S03,P15,1,6.00,银行卡
ORD106577,2026-06-21,S02,P08,2,50.00,微信
ORD103704,2026-05-30,S04,P20,2,44.00,微信
ORD100622,2026-05-05,S01,P02,1,30.00,会员储值
ORD109651,2026-07-15,S01,P15,2,12.00,会员储值
ORD105102,2026-06-10,S02,P02,2,60.00,会员储值
ORD108872,2026-07-09,S04,P02,4,120.00,支付宝
ORD107988,2026-07-03,S04,P12,1,8.00,银行卡
ORD106394,2026-06-20,S02,P12,2,16.00,会员储值
ORD103844,2026-05-31,S01,P20,1,22.00,支付宝
ORD101169,2026-05-10,S01,P16,1,5.00,现金
ORD104608,2026-06-07,S01,P10,4,96.00,支付宝
ORD109692,2026-07-15,S01,P07,1,22.00,支付宝
ORD105247,2026-06-11,S02,P05,2,68.00,支付宝
ORD106282,2026-06-20,S05,P06,4,168.00,微信
ORD103922,2026-06-01,S04,P09,4,72.00,会员储值
ORD106230,2026-06-20,S04,P17,1,12.00,支付宝
ORD106673,2026-06-22,S01,P12,4,32.00,支付宝
ORD106531,2026-06-21,S03,P01,1,32.00,现金
ORD103790,2026-05-31,S02,P14,1,10.00,支付宝
ORD110189,2026-07-19,S05,P15,1,6.00,支付宝
ORD108071,2026-07-03,S02,P15,2,12.00,银行卡
ORD110385,2026-07-20,S02,P08,1,25.00,会员储值
ORD110773,2026-07-23,S01,P01,1,32.00,现金
ORD100372,2026-05-03,S01,P02,1,30.00,会员储值
ORD105524,2026-06-13,S05,P16,1,5.00,银行卡
ORD102486,2026-05-21,S05,P16,1,5.00,微信
ORD103419,2026-05-28,S02,P05,1,34.00,银行卡
ORD102792,2026-05-23,S05,P15,2,12.00,会员储值
ORD100918,2026-05-08,S03,P18,1,18.00,支付宝
ORD108423,2026-07-06,S05,P13,2,40.00,现金
ORD109078,2026-07-11,S04,P11,1,26.00,现金
ORD104234,2026-06-04,S03,P07,1,22.00,现金
ORD104522,2026-06-06,S04,P18,2,36.00,微信
ORD108226,2026-07-04,S02,P06,1,42.00,现金
ORD108348,2026/07/05,S02,P10,1,24.00,银行卡
ORD103228,2026-05-27,S02,P01,2,64.00,银行卡
ORD106456,2026-06-21,S01,P14,1,10.00,会员储值
ORD111136,2026-07-25,S03,P11,1,26.00,银行卡
ORD105506,2026-06-13,S01,P05,2,68.00,银行卡
ORD111246,2026-07-26,S03,P06,2,84.00,会员储值
ORD106766,2026-06-23,S05,P19,4,60.00,支付宝
ORD107531,2026-06-29,S02,P20,3,66.00,会员储值
ORD104629,2026-06-07,S02,P05,1,34.00,现金
ORD105296,2026-06-12,S04,P04,1,38.00,现金
ORD102120,2026-05-17,S04,P01,4,128.00,会员储值
ORD107139,2026-06-26,S05,P20,3,66.00,微信
ORD102256,2026-05-19,S04,P01,1,32.00,微信
ORD107658,2026-06-30,S01,P15,1,6.00,会员储值
ORD101979,2026-05-16,S02,P02,1,30.00,微信
ORD110319,2026-07-19,S05,P15,2,12.00,会员储值
ORD100898,2026-05-08,S03,P03,4,104.00,会员储值
ORD108230,2026-07-04,S04,P12,4,32.00,现金
ORD106267,2026-06-20,S05,P17,2,24.00,银行卡
ORD102372,2026-05-20,S05,P03,3,78.00,银行卡
ORD108502,2026-07-06,S03,P17,1,12.00,支付宝
ORD103089,2026-05-25,S01,P14,1,10.00,支付宝
ORD104474,2026-06-06,S01,P04,1,38.00,银行卡
ORD109064,2026-07-11,S04,P16,1,5.00,银行卡
ORD106196,2026-06-19,S05,P17,2,24.00,支付宝
ORD102433,2026-05-21,S05,P09,3,54.00,会员储值
ORD100425,2026-05-03,S05,P16,1,5.00,微信
ORD107615,2026-06-29,S01,P06,1,42.00,现金
ORD109107,2026-07-11,S03,P14,1,10.00,微信
ORD103175,2026-05-26,S04,P17,3,36.00,支付宝
ORD107405,2026-06-28,S05,P14,2,20.00,会员储值
ORD103040,2026-05-25,S03,P07,1,22.00,现金
ORD103534,2026-05-29,S04,P16,2,10.00,现金
ORD105793,2026-06-16,S03,P07,1,22.00,银行卡
ORD106538,2026-06-21,S04,P20,1,22.00,支付宝
ORD111496,2026-07-27,S04,P18,1,18.00,微信
ORD104231,2026-06-04,S04,P06,2,84.00,现金
ORD102072,2026-05-17,S05,P12,1,,银行卡
ORD106022,2026-06-18,S02,P18,1,18.00,支付宝
ORD106984,2026-06-25,S03,P04,2,76.00,银行卡
ORD110775,2026-07-23,S02,P15,4,24.00,现金
ORD101019,2026-05-09,S04,P09,1,18.00,支付宝
ORD111770,2026-07-30,S03,P06,1,42.00,现金
ORD101770,2026-05-15,S02,P12,1,8.00,支付宝
ORD103579,2026-05-30,S01,P07,1,22.00,现金
ORD109056,2026-07-11,S01,P15,1,6.00,会员储值
ORD110266,2026-07-19,S01,P09,4,72.00,微信
ORD110889,2026-07-24,S04,P12,1,8.00,微信
ORD103357,2026-05-28,S05,P10,4,96.00,现金
ORD105225,2026-06-11,S05,P14,1,10.00,支付宝
ORD102952,2026-05-24,S05,P06,3,126.00,微信
ORD102316,2026-05-19,S03,P06,1,42.00,银行卡
ORD111431,2026-07-27,S02,P07,1,22.00,会员储值
ORD107586,2026-06-29,S03,P11,1,26.00,会员储值
ORD105906,2026-06-17,S03,P13,1,20.00,微信
ORD106044,2026-06-18,S02,P15,1,,支付宝
ORD105419,2026-06-13,S05,P12,2,16.00,微信
ORD109582,2026-07-14,S01,P13,3,60.00,支付宝
ORD103768,2026-05-31,S03,P01,1,32.00,会员储值
ORD111558,2026-07-28,S03,P08,3,75.00,银行卡
ORD112032,2026-07-31,S03,P09,1,18.00,现金
ORD107906,2026-07-02,S04,P08,2,50.00,微信
ORD103098,2026-05-25,S03,P13,2,40.00,现金
ORD105421,2026-06-13,S02,P02,1,30.00,微信
ORD101063,2026-05-09,S04,P18,1,18.00,支付宝
ORD111668,2026-07-29,S02,P05,1,34.00,会员储值
ORD108179,2026-07-04,S05,P16,2,10.00,银行卡
ORD105957,2026-06-17,S05,P06,1,42.00,现金
ORD105978,2026-06-17,S05,P16,3,15.00,银行卡
ORD105596,2026-06-14,S05,P15,2,12.00,会员储值
ORD108403,2026-07-05,S02,P11,3,78.00,现金
ORD108467,2026-07-06,S03,P02,1,30.00,会员储值
ORD109628,2026-07-14,S05,P04,3,114.00,银行卡
ORD103511,2026-05-29,S03,P10,2,48.00,会员储值
ORD107693,2026-06-30,S03,P02,2,60.00,微信
ORD111649,2026-07-29,S03,P19,1,15.00,现金
ORD105401,2026-06-13,S04,P01,1,32.00,银行卡
ORD101555,2026-05-13,S04,P08,1,25.00,会员储值
ORD106752,2026-06-22,S02,P08,1,25.00,微信
ORD109580,2026-07-14,S01,P06,2,84.00,会员储值
ORD102124,2026-05-17,S02,P07,2,44.00,支付宝
ORD111449,2026-07-27,S05,P10,3,72.00,支付宝
ORD110050,2026-07-18,S05,P14,1,10.00,支付宝
ORD110384,2026-07-20,S02,P03,1,26.00,现金
ORD104903,2026-06-08,S01,P05,3,102.00,支付宝
ORD101898,2026-05-16,S03,P13,1,20.00,会员储值
ORD108819,2026-07-09,S01,P15,2,12.00,支付宝
ORD101304,2026-05-11,S01,P07,2,44.00,会员储值
ORD111864,2026-07-30,S05,P08,3,75.00,微信
ORD111502,2026-07-27,S01,P99,3,114.00,会员储值
ORD104266,2026-06-04,S02,P07,1,22.00,现金
ORD109720,2026-07-15,S05,P07,2,44.00,支付宝
ORD105614,2026-06-14,S01,P19,1,15.00,现金
ORD107282,2026-06-27,S04,P03,2,52.00,会员储值
ORD102884,2026-05-24,S05,P05,1,34.00,银行卡
ORD109574,2026-07-14,S03,P15,2,12.00,会员储值
ORD111533,2026-07-28,S01,P08,1,25.00,支付宝
ORD100539,2026-05-04,S02,P16,1,5.00,支付宝
ORD106404,2026-06-20,S01,P17,1,12.00,支付宝
ORD110476,2026-07-21,S01,P14,2,20.00,微信
ORD108051,2026-07-03,S05,P14,1,10.00,微信
ORD109562,2026-07-14,S01,P19,1,15.00,微信
ORD110546,2026-07-21,S02,P16,1,5.00,支付宝
ORD111028,2026-07-25,S01,P03,1,26.00,微信
ORD106556,2026-06-21,S01,P20,2,44.00,微信
ORD106379,2026-06-20,S01,P18,1,18.00,会员储值
ORD106667,2026-06-22,S02,P07,1,22.00,微信
ORD111583,2026-07-28,S03,P07,1,22.00,现金
ORD106056,2026-06-18,S03,P19,1,15.00,会员储值
ORD101728,2026-05-15,S05,P01,2,64.00,微信
ORD110141,2026-07-18,S01,P01,1,32.00,银行卡
ORD110057,2026-07-18,S03,P16,1,5.00,会员储值
ORD111039,2026-07-25,S04,P07,1,22.00,银行卡
ORD104808,2026-06-08,S05,P08,3,75.00,支付宝
ORD106727,2026-06-22,S02,P04,1,38.00,支付宝
ORD105117,2026-06-10,S02,P07,3,66.00,微信
ORD102723,2026-05-23,S04,P11,3,78.00,支付宝
ORD103770,2026-05-31,S04,P10,1,24.00,会员储值
ORD104842,2026-06-08,S02,P08,3,75.00,支付宝
ORD103640,2026-05-30,S03,P16,2,10.00,银行卡
ORD100846,2026-05-07,S05,P18,2,36.00,微信
ORD110829,2026-07-23,S04,P14,1,10.00,现金
ORD106150,2026-06-19,S04,P04,1,38.00,支付宝
ORD106472,2026-06-21,S02,P14,3,30.00,微信
ORD106537,2026-06-21,S04,P06,1,42.00,银行卡
ORD107378,2026-06-28,S02,P10,1,24.00,银行卡
ORD109860,2026-07-16,S01,P13,3,60.00,银行卡
ORD107327,2026-06-27,S05,P19,1,15.00,支付宝
ORD109855,2026-07-16,S02,P07,3,66.00,会员储值
ORD108749,2026-07-08,S01,P17,1,12.00,微信
ORD110748,2026-07-23,S02,P10,1,24.00,微信
ORD109559,2026-07-14,S01,P07,1,22.00,支付宝
ORD111323,2026-07-26,S04,P20,0,22.00,微信
ORD100297,2026-05-03,S02,P02,1,30.00,微信
ORD103522,2026-05-29,S02,P01,1,32.00,银行卡
ORD101432,2026-05-12,S04,P20,3,66.00,会员储值
ORD102940,2026-05-24,S05,P07,3,66.00,支付宝
ORD103888,2026-06-01,S04,P19,1,15.00,银行卡
ORD104723,2026-06-07,S03,P02,2,60.00,微信
ORD105917,2026-06-17,S03,P17,1,12.00,支付宝
ORD105901,2026-06-17,S01,P13,1,20.00,支付宝
ORD101498,2026-05-13,S02,P15,1,6.00,银行卡
ORD101866,2026-05-16,S02,P01,2,64.00,银行卡
ORD109520,2026-07-13,S03,P05,1,34.00,会员储值
ORD104247,2026-06-04,S04,P14,1,10.00,支付宝
ORD108162,2026-07-04,S03,P08,1,25.00,微信
ORD105879,2026-06-16,S02,P15,1,6.00,银行卡
ORD101651,2026-05-14,S02,P18,3,54.00,支付宝
ORD101370,2026-05-11,S01,P13,1,20.00,银行卡
ORD108911,2026-07-10,S01,P09,1,18.00,微信
ORD108511,2026-07-06,S04,P17,1,12.00,现金
ORD103285,2026-05-27,S05,P14,1,10.00,现金
ORD110186,2026-07-19,S02,P01,1,32.00,现金
ORD103521,2026-05-29,S04,P02,1,30.00,支付宝
ORD102614,2026-05-22,S04,P03,1,26.00,会员储值
ORD102200,2026-05-18,S03,P06,1,42.00,微信
ORD108820,2026-07-09,S03,P01,3,96.00,支付宝
ORD109986,2026-07-17,S03,P20,1,22.00,会员储值
ORD100862,2026-05-07,S01,P01,1,32.00,会员储值
ORD111867,2026-07-30,S04,P08,2,50.00,现金
ORD102152,2026-05-18,S05,P02,2,60.00,微信
ORD109697,2026-07-15,S04,P04,2,76.00,支付宝
ORD100246,2026-05-02,S02,P03,2,52.00,支付宝
ORD107375,2026-06-28,S02,P11,2,52.00,银行卡
ORD109361,2026/07/12,S02,P04,1,38.00,银行卡
ORD100417,2026-05-03,S04,P10,3,72.00,会员储值
ORD109704,2026-07-15,S05,P11,1,26.00,现金
ORD106847,2026-06-23,S02,P11,3,78.00,现金
ORD107286,2026-06-27,S03,P01,0,64.00,微信
ORD105895,2026-06-17,S03,P20,2,44.00,微信
ORD100708,2026-05-06,S01,P01,3,96.00,支付宝
ORD106731,2026-06-22,S01,P06,1,42.00,会员储值
ORD103988,2026-06-01,S04,P18,1,18.00,现金
ORD104579,2026-06-06,S02,P18,1,18.00,现金
ORD100361,2026-05-03,S05,P18,1,18.00,会员储值
ORD100011,2026-05-01,S02,P15,1,6.00,会员储值
ORD109911,2026-07-17,S03,P15,1,6.00,会员储值
ORD103370,2026-05-28,S05,P12,1,8.00,银行卡
ORD110087,2026-07-18,S01,P20,1,22.00,支付宝
ORD105279,2026-06-12,S02,P10,1,24.00,银行卡
ORD109971,2026-07-17,S02,P01,1,32.00,会员储值
ORD103983,01-06-2026,S04,P12,2,16.00,银行卡
ORD102818,2026-05-24,S04,P02,1,30.00,会员储值
ORD105299,2026-06-12,S01,P18,1,18.00,微信
ORD102321,20-05-2026,S04,P09,1,18.00,银行卡
ORD103928,2026-06-01,S04,P03,1,26.00,现金
ORD105159,2026-06-11,S03,P01,1,32.00,支付宝
ORD100444,2026-05-03,S02,P16,1,5.00,会员储值
ORD109789,2026-07-16,S03,P16,1,5.00,支付宝
ORD101285,2026-05-10,S02,P20,1,22.00,支付宝
ORD101875,2026-05-16,S01,P19,1,15.00,会员储值
ORD102593,22-05-2026,S03,P12,1,8.00,支付宝
ORD100484,2026-05-04,S03,P02,3,90.00,现金
ORD106993,2026-06-25,S01,P08,4,100.00,支付宝
ORD101320,2026-05-11,S02,P07,1,22.00,会员储值
ORD101998,2026-05-17,S02,P14,1,10.00,支付宝
ORD108998,2026-07-10,S01,P04,1,38.00,银行卡
ORD101590,2026-05-13,S04,P02,1,30.00,会员储值
ORD111682,2026-07-29,S02,P09,2,36.00,会员储值
ORD108847,2026-07-09,S03,P05,2,68.00,会员储值
ORD111953,2026-07-31,S02,P16,2,10.00,会员储值
ORD107795,2026-07-01,S01,P11,1,26.00,会员储值
ORD103552,2026-05-29,S02,P10,2,48.00,支付宝
ORD111676,2026-07-29,S04,P17,1,12.00,微信
ORD100110,2026-05-02,S01,P04,1,38.00,现金
ORD107985,2026-07-03,S02,P20,3,66.00,会员储值
ORD105534,2026-06-14,S05,P17,2,24.00,会员储值
ORD108986,2026-07-10,S01,P14,1,10.00,微信
ORD102364,2026-05-20,S01,P15,2,12.00,支付宝
ORD103106,2026-05-25,S05,P06,2,84.00,支付宝
ORD106146,2026-06-19,S02,P06,1,,现金
ORD104239,2026-06-04,S03,P08,2,50.00,现金
ORD100817,2026-05-07,S05,P04,2,76.00,微信
ORD109816,2026-07-16,S02,P02,1,30.00,银行卡
ORD109304,2026-07-12,S04,P07,3,66.00,现金
ORD100177,2026-05-02,S04,P07,1,22.00,微信
ORD110049,2026-07-18,S03,P20,2,44.00,微信
ORD101550,2026-05-13,S03,P15,1,6.00,支付宝
ORD108670,2026-07-08,S05,P18,1,18.00,银行卡
ORD101727,2026-05-15,S03,P04,1,38.00,支付宝
ORD106923,2026-06-24,S01,P05,3,102.00,支付宝
ORD104539,2026-06-06,S02,P11,1,26.00,支付宝
ORD106355,2026-06-20,S03,P13,2,40.00,现金
ORD101299,2026-05-11,S01,P06,1,42.00,银行卡
ORD109341,2026-07-12,S04,P17,1,12.00,会员储值
ORD110431,2026-07-20,S04,P20,1,22.00,微信
ORD109610,2026-07-14,S04,P16,1,5.00,现金
ORD100816,2026-05-07,S04,P20,1,22.00,银行卡
ORD109745,2026-07-15,S03,P13,2,40.00,银行卡
ORD102760,2026-05-23,S01,P12,2,16.00,会员储值
ORD105264,2026-06-12,S03,P17,1,12.00,现金
ORD104112,2026-06-03,S01,P08,1,25.00,支付宝
ORD109178,2026-07-11,S02,P13,1,20.00,微信
ORD108703,2026-07-08,S02,P19,1,15.00,支付宝
ORD103326,2026-05-27,S04,P01,1,32.00,现金
ORD101479,2026-05-12,S01,P18,2,36.00,微信
ORD108377,2026-07-05,S04,P09,1,18.00,银行卡
ORD108261,2026-07-05,S03,P18,2,36.00,微信
ORD109436,2026-07-13,S02,P01,3,96.00,现金
ORD100932,2026-05-08,S01,P07,3,66.00,会员储值
ORD104067,2026-06-02,S01,P14,1,10.00,银行卡
ORD110944,2026-07-24,S04,P18,1,18.00,微信
ORD107592,2026-06-29,S01,P05,2,68.00,微信
ORD104813,2026-06-08,S02,P06,1,42.00,现金
ORD100395,2026-05-03,S02,P08,1,25.00,支付宝
ORD110411,2026-07-20,S05,P17,1,12.00,会员储值
ORD105460,2026-06-13,S02,P18,2,36.00,现金
ORD103293,2026-05-27,S04,P08,2,50.00,现金
ORD102052,2026-05-17,S05,P05,1,34.00,银行卡
ORD110720,2026-07-22,S05,P12,1,8.00,微信
ORD103628,2026-05-30,S05,P13,1,20.00,微信
ORD101657,2026-05-14,S01,P04,1,38.00,银行卡
ORD105942,2026-06-17,S02,P02,2,60.00,银行卡
ORD110963,2026-07-24,S05,P16,2,10.00,支付宝
ORD103657,2026-05-30,S01,P18,1,18.00,微信
ORD108125,2026-07-04,S03,P11,1,26.00,支付宝
ORD104289,2026-06-05,S02,P19,1,15.00,会员储值
ORD111105,2026-07-25,S03,P10,1,24.00,银行卡
ORD104604,2026-06-07,S02,P15,2,12.00,会员储值
ORD101940,2026-05-16,S01,P01,2,64.00,微信
ORD109622,2026-07-14,S04,P10,1,24.00,现金
ORD104064,2026-06-02,S04,P13,1,20.00,银行卡
ORD103224,2026-05-27,S04,P11,1,26.00,会员储值
ORD100162,2026-05-02,S02,P09,1,18.00,支付宝
ORD108442,2026-07-06,S04,P03,1,26.00,银行卡
ORD106964,2026-06-24,S01,P09,1,18.00,银行卡
ORD100961,2026-05-08,S01,P20,2,44.00,会员储值
ORD110597,2026-07-21,S02,P04,3,114.00,微信
ORD109333,2026-07-12,S03,P02,1,30.00,微信
ORD104110,2026-06-03,S04,P01,2,64.00,会员储值
ORD106686,2026-06-22,S03,P10,2,48.00,银行卡
ORD107133,2026-06-26,S02,P06,3,126.00,现金
ORD107964,2026-07-02,S05,P12,1,8.00,微信
ORD102182,2026-05-18,S01,P18,3,54.00,微信
ORD108302,2026-07-05,S02,P19,2,30.00,支付宝
ORD109962,2026-07-17,S01,P05,2,68.00,银行卡
ORD108810,2026-07-09,S01,P09,4,72.00,支付宝
ORD101100,2026-05-09,S04,P09,1,18.00,会员储值
ORD104137,2026-06-03,S03,P18,1,18.00,会员储值
ORD100939,2026-05-08,S03,P05,4,136.00,银行卡
ORD108762,2026-07-08,S05,P13,1,20.00,微信
ORD102619,2026-05-22,S04,P18,3,54.00,现金
ORD109260,2026-07-12,S05,P12,1,8.00,支付宝
ORD109049,2026-07-11,S01,P09,1,18.00,支付宝
ORD108006,2026-07-03,S05,P18,2,36.00,支付宝
ORD111959,2026-07-31,S05,P20,4,88.00,会员储值
ORD109509,2026-07-13,S02,P03,2,52.00,会员储值
ORD101192,2026-05-10,S02,P05,1,34.00,银行卡
ORD111679,2026-07-29,S04,P02,1,30.00,现金
ORD107535,2026-06-29,S02,P03,1,26.00,会员储值
ORD110015,2026-07-17,S05,P09,3,54.00,银行卡
ORD110586,2026-07-21,S02,P05,3,102.00,支付宝
ORD100377,2026-05-03,S05,P16,1,5.00,微信
ORD107811,2026-07-01,S04,P18,1,18.00,银行卡
ORD109349,2026-07-12,S05,P11,1,26.00,微信
ORD100716,2026-05-06,S03,P12,1,8.00,微信
ORD105827,2026-06-16,S03,P19,2,30.00,现金
ORD107423,2026-06-28,S03,P15,1,6.00,支付宝
ORD100084,2026-05-01,S05,P12,2,16.00,会员储值
ORD100050,2026-05-01,S01,P01,1,32.00,微信
ORD108168,2026-07-04,S03,P17,1,-12.00,银行卡
ORD104674,2026-06-07,S04,P09,1,18.00,微信
ORD101690,2026-05-14,S05,P17,1,12.00,现金
ORD101080,2026-05-09,S05,P18,1,18.00,银行卡
ORD111196,2026-07-26,S05,P19,2,30.00,银行卡
ORD106237,2026-06-20,S03,P17,2,24.00,微信
ORD104185,2026-06-03,S02,P19,1,15.00,现金
ORD110788,2026-07-23,S01,P14,1,10.00,微信
ORD109599,2026-07-14,S03,P04,2,76.00,支付宝
ORD105305,2026-06-12,S02,P20,3,66.00,支付宝
ORD109768,2026-07-16,S01,P10,1,24.00,微信
ORD108284,2026-07-05,S01,P01,2,64.00,现金
ORD108309,2026-07-05,S03,P09,1,18.00,支付宝
ORD101027,2026-05-09,S02,P19,2,30.00,支付宝
ORD111765,2026-07-30,S02,P05,2,68.00,会员储值
ORD104934,2026-06-09,S02,P12,1,8.00,微信
ORD104712,07-06-2026,S04,P12,2,16.00,微信
ORD108608,2026-07-07,S01,P01,1,32.00,微信
ORD104837,2026-06-08,S03,P20,1,22.00,银行卡
ORD109061,2026-07-11,S03,P06,1,42.00,现金
ORD105353,2026-06-13,S02,P05,1,34.00,银行卡
ORD106003,2026-06-17,S02,P07,3,66.00,银行卡
ORD101869,2026-05-16,S01,P17,2,24.00,支付宝
ORD104010,2026-06-02,S04,P19,4,60.00,微信
ORD111398,2026-07-27,S01,P10,1,24.00,微信
ORD105205,2026-06-11,S03,P06,1,42.00,现金
ORD110564,2026-07-21,S03,P20,1,22.00,现金
ORD106129,2026-06-19,S02,P02,1,30.00,银行卡
ORD111541,2026-07-28,S05,P05,2,68.00,银行卡
ORD104209,2026-06-04,S01,P19,1,15.00,银行卡
ORD109858,2026-07-16,S02,P02,4,120.00,支付宝
ORD111285,2026-07-26,S02,P11,2,52.00,现金
ORD108784,2026-07-09,S04,P09,1,18.00,银行卡
ORD102298,2026-05-19,S04,P03,1,26.00,微信
ORD106891,2026-06-24,S04,P04,1,38.00,微信
ORD100696,2026-05-06,S02,P20,2,44.00,会员储值
ORD101972,2026-05-16,S03,P11,4,104.00,微信
ORD107924,2026-07-02,S05,P01,1,,现金
ORD104572,2026-06-06,S04,P16,1,5.00,现金
ORD101634,2026-05-14,S01,P01,1,32.00,支付宝
ORD103496,2026/05/29,S04,P16,4,20.00,支付宝
ORD101231,2026-05-10,S05,P06,2,84.00,会员储值
ORD105613,14-06-2026,S05,P04,2,76.00,现金
ORD107738,2026-07-01,S03,P07,2,44.00,银行卡
ORD108792,2026-07-09,S02,P16,2,10.00,银行卡
ORD108194,2026-07-04,S03,P07,1,¥22.00,微信
ORD109744,2026-07-15,S05,P10,2,48.00,银行卡
ORD110854,2026-07-24,S04,P20,1,22.00,微信
ORD102894,2026/05/24,S04,P09,1,18.00,会员储值
ORD106980,2026-06-25,S05,P11,1,26.00,支付宝
ORD108906,2026-07-10,S01,P09,1,18.00,微信
ORD107360,2026-06-28,S04,P11,1,26.00,微信
ORD110660,2026-07-22,S02,P18,3,54.00,现金
ORD108838,2026-07-09,S03,P18,1,18.00,银行卡
ORD103631,2026-05-30,S03,P05,1,34.00,支付宝
ORD104606,2026-06-07,S04,P01,2,64.00,银行卡
ORD106586,2026-06-21,S02,P15,2,12.00,微信
ORD105721,2026-06-15,S04,P01,1,32.00,银行卡
ORD111438,2026-07-27,S04,P11,1,26.00,支付宝
ORD109091,2026/07/11,S03,P06,1,42.00,支付宝
ORD110295,2026-07-19,S05,P15,1,6.00,微信
ORD105254,2026-06-11,S02,P09,2,36.00,银行卡
ORD110165,2026-07-18,S03,P15,1,6.00,现金
ORD108744,2026-07-08,S01,P13,1,20.00,微信
ORD103047,2026-05-25,S05,P18,2,36.00,会员储值
ORD104926,2026-06-09,S02,P12,1,8.00,支付宝
ORD105615,2026-06-14,S04,P14,2,20.00,银行卡
ORD103063,2026-05-25,S02,P01,1,32.00,微信
ORD109445,2026-07-13,S02,P13,1,20.00,会员储值
ORD102294,2026-05-19,S02,P05,3,102.00,会员储值
ORD101616,2026-05-14,S05,P02,2,60.00,微信
ORD111840,2026-07-30,S04,P13,3,60.00,银行卡
ORD105486,2026-06-13,S01,P18,2,36.00,会员储值
ORD108267,2026-07-05,S03,P19,1,15.00,微信
ORD102939,2026-05-24,S04,P06,2,84.00,会员储值
ORD103817,2026-05-31,S05,P08,1,-25.00,支付宝
ORD108874,2026-07-09,S03,P14,2,20.00,支付宝
ORD111756,2026-07-29,S01,P16,2,10.00,支付宝
ORD106016,2026-06-18,S04,P03,2,52.00,银行卡
ORD102725,2026-05-23,S05,P07,1,22.00,会员储值
ORD101249,2026-05-10,S04,P01,1,32.00,会员储值
ORD106286,2026-06-20,S01,P02,2,60.00,支付宝
ORD104510,2026-06-06,S05,P07,1,22.00,支付宝
ORD106254,2026-06-20,S04,P16,1,5.00,支付宝
ORD106222,20-06-2026,S03,P16,1,5.00,微信
ORD102569,2026-05-22,S05,P19,3,45.00,会员储值
ORD101868,2026-05-16,S03,P19,3,45.00,会员储值
ORD105661,2026-06-14,S04,P02,1,30.00,现金
ORD107323,2026-06-27,S03,P16,1,5.00,微信
ORD102680,2026-05-23,S03,P17,1,12.00,微信
ORD103937,2026-06-01,S05,P12,3,24.00,会员储值
ORD105214,2026-06-11,S04,P02,1,30.00,银行卡
ORD110711,2026-07-22,S04,P20,1,22.00,会员储值
ORD106648,2026-06-22,S04,P10,1,24.00,银行卡
ORD108099,2026-07-04,S02,P02,1,30.00,微信
ORD111753,2026-07-29,S05,P18,1,18.00,微信
ORD104537,2026-06-06,S04,P14,2,20.00,会员储值
ORD110410,2026-07-20,S04,P09,3,54.00,支付宝
ORD102166,2026-05-18,S04,P06,1,42.00,现金
ORD102292,2026-05-19,S04,P02,1,30.00,支付宝
ORD109100,2026-07-11,S02,P10,1,24.00,银行卡
ORD111706,2026-07-29,S03,P07,1,22.00,会员储值
ORD106910,2026-06-24,S05,P19,3,45.00,微信
ORD103328,2026-05-27,S01,P07,1,22.00,支付宝
ORD104896,2026-06-08,S03,P17,1,12.00,支付宝
ORD103066,2026-05-25,S01,P03,1,26.00,会员储值
ORD103802,2026-05-31,S01,P10,2,48.00,现金
ORD103975,2026-06-01,S05,P03,1,26.00,支付宝
ORD106232,2026-06-20,S02,P13,3,60.00,会员储值
ORD102339,2026-05-20,S02,P19,1,15.00,支付宝
ORD110786,2026-07-23,S03,P05,2,68.00,现金
ORD111088,2026-07-25,S01,P16,3,15.00,现金
ORD101428,2026-05-12,S01,P03,3,78.00,会员储值
ORD110654,2026-07-22,S03,P04,2,76.00,支付宝
ORD101948,2026-05-16,S01,P14,2,20.00,会员储值
ORD105770,2026-06-15,S04,P02,1,30.00,微信
ORD109106,2026-07-11,S02,P06,1,42.00,现金
ORD111478,2026-07-27,S05,P01,3,96.00,会员储值
ORD107356,2026-06-28,S03,P20,1,22.00,会员储值
ORD111944,2026-07-31,S05,P14,1,10.00,微信
ORD105550,2026-06-14,S03,P02,1,30.00,银行卡
ORD102565,2026-05-22,S02,P19,1,15.00,银行卡
ORD112030,2026-07-31,S03,P16,2,10.00,现金
ORD108922,2026-07-10,S03,P07,2,44.00,微信
ORD110434,2026-07-20,S02,P17,1,12.00,现金
ORD105174,2026-06-11,S01,P02,2,60.00,现金
ORD101684,2026-05-14,S03,P03,1,26.00,支付宝
ORD105256,2026-06-12,S01,P03,2,52.00,银行卡
ORD105410,2026-06-13,S04,P11,1,26.00,支付宝
ORD102177,2026-05-18,S04,P17,1,12.00,支付宝
ORD103402,2026-05-28,S03,P16,1,5.00,银行卡
ORD108031,2026-07-03,S05,P11,1,26.00,会员储值
ORD106014,2026-06-18,S02,P12,4,32.00,银行卡
ORD107776,2026-07-01,S04,P07,3,66.00,支付宝
ORD106094,2026-06-18,S02,P16,1,5.00,银行卡
ORD110111,2026-07-18,S02,P18,1,18.00,支付宝
ORD109683,2026-07-15,S03,P05,1,34.00,会员储值
ORD110492,2026-07-21,S04,P03,1,26.00,银行卡
ORD106444,2026-06-21,S01,P17,1,¥12.00,会员储值
ORD106874,2026-06-24,S04,P20,2,44.00,银行卡
ORD105772,2026-06-15,S04,P06,3,126.00,银行卡
ORD104181,2026-06-03,S05,P16,2,10.00,支付宝
ORD104085,2026-06-02,S05,P05,2,68.00,微信
ORD102092,2026-05-17,S04,P16,2,-10.00,银行卡
ORD101888,2026-05-16,S02,P01,1,32.00,会员储值
ORD102709,2026-05-23,S02,P02,2,60.00,支付宝
ORD106947,2026-06-24,S01,P18,1,18.00,现金
ORD101646,2026-05-14,S05,P09,1,18.00,银行卡
ORD106021,2026-06-18,S05,P18,1,18.00,银行卡
ORD106857,2026-06-23,S03,P05,1,34.00,银行卡
ORD100333,2026-05-03,S02,P04,2,76.00,支付宝
ORD109150,2026-07-11,S05,P18,4,72.00,会员储值
ORD108382,2026-07-05,S05,P20,2,44.00,微信
ORD101598,2026-05-13,S04,P15,2,12.00,现金
ORD105215,2026-06-11,S05,P18,2,36.00,现金
ORD100038,2026-05-01,S03,P16,1,5.00,微信
ORD109777,2026-07-16,S03,P19,2,30.00,微信
ORD107701,2026-06-30,S01,P18,4,,支付宝
ORD110738,2026-07-22,S05,P14,2,20.00,现金
ORD110420,2026-07-20,S05,P16,1,5.00,现金
ORD108415,2026-07-06,S03,P03,2,52.00,银行卡
ORD100727,2026-05-06,S04,P09,4,72.00,现金
ORD102822,2026-05-24,S02,P16,1,5.00,银行卡
ORD108362,2026-07-05,S04,P20,1,22.00,现金
ORD101743,2026-05-15,S05,P05,1,34.00,会员储值
ORD102620,2026-05-22,S02,P05,2,68.00,微信
ORD104672,2026-06-07,S01,P19,1,15.00,会员储值
ORD110146,2026-07-18,S05,P12,1,8.00,现金
ORD106069,2026-06-18,S04,P06,1,42.00,银行卡
ORD101241,2026-05-10,S01,P02,1,30.00,会员储值
ORD103649,2026-05-30,S02,P06,1,42.00,支付宝
ORD108070,2026-07-03,S01,P06,2,-84.00,支付宝
ORD109311,2026-07-12,S01,P16,2,10.00,会员储值
ORD103126,2026-05-26,S03,P13,1,20.00,会员储值
ORD104386,2026-06-06,S05,P05,2,68.00,现金
ORD110540,2026-07-21,S02,P15,1,6.00,银行卡
ORD105385,2026-06-13,S03,P08,1,25.00,微信
ORD104589,2026-06-07,S02,P03,1,26.00,会员储值
ORD105618,2026-06-14,S01,P03,1,26.00,现金
ORD107928,2026-07-02,S03,P15,1,6.00,会员储值
ORD107640,2026-06-30,S05,P15,2,12.00,支付宝
ORD104508,2026-06-06,S02,P12,1,8.00,银行卡
ORD100828,2026-05-07,S02,P02,2,60.00,银行卡
ORD108698,2026-07-08,S03,P13,1,20.00,支付宝
ORD111242,2026-07-26,S05,P11,1,26.00,微信
ORD100900,2026-05-08,S03,P07,3,66.00,微信
ORD108193,2026-07-04,S02,P17,2,24.00,微信
ORD111156,2026-07-25,S02,P09,4,72.00,微信
ORD106353,2026-06-20,S04,P11,1,26.00,会员储值
ORD111804,2026-07-30,S02,P03,4,104.00,现金
ORD111175,2026-07-26,S01,P15,1,6.00,现金
ORD105006,2026-06-09,S05,P17,1,12.00,现金
ORD108045,2026-07-03,S01,P16,1,5.00,微信
ORD109560,2026-07-14,S05,P20,3,66.00,支付宝
ORD106342,2026-06-20,S01,P07,2,44.00,会员储值
ORD110968,2026-07-24,S04,P03,1,26.00,会员储值
ORD104029,2026-06-02,S02,P12,2,16.00,微信
ORD106057,2026-06-18,S02,P15,2,12.00,会员储值
ORD111484,2026-07-27,S04,P16,1,5.00,微信
ORD105301,2026-06-12,S02,P09,2,36.00,银行卡
ORD107715,2026-06-30,S04,P18,3,54.00,微信
ORD108080,2026-07-03,S01,P06,1,42.00,支付宝
ORD109614,2026-07-14,S03,P12,2,16.00,现金
ORD101465,2026-05-12,S01,P04,1,38.00,微信
ORD107236,2026-06-27,S01,P14,1,10.00,银行卡
ORD108289,2026-07-05,S01,P02,1,30.00,现金
ORD108671,2026-07-08,S02,P04,3,114.00,现金
ORD109210,2026-07-12,S04,P08,1,25.00,银行卡
ORD102490,2026-05-21,S04,P16,4,20.00,支付宝
ORD111601,2026-07-28,S01,P09,2,36.00,会员储值
ORD107338,2026-06-28,S01,P01,1,32.00,微信
ORD110913,2026-07-24,S01,P14,2,20.00,支付宝
ORD103204,2026-05-26,S02,P06,1,42.00,现金
ORD110804,2026-07-23,S02,P15,2,12.00,会员储值
ORD111439,2026-07-27,S01,P03,2,52.00,会员储值
ORD101403,2026-05-12,S03,P19,1,15.00,支付宝
ORD105834,2026-06-16,S01,P10,2,48.00,会员储值
ORD104288,2026-06-05,S05,P09,1,18.00,支付宝
ORD102181,2026-05-18,S02,P08,1,25.00,微信
ORD101096,2026-05-09,S04,P15,1,6.00,支付宝
ORD104749,2026-06-07,S03,P13,1,20.00,银行卡
ORD110880,2026-07-24,S05,P19,1,15.00,现金
ORD111596,2026-07-28,S02,P12,2,16.00,银行卡
ORD104839,2026-06-08,S04,P20,2,44.00,支付宝
ORD103409,2026-05-28,S03,P07,1,22.00,微信
ORD107480,2026-06-28,S01,P15,1,¥6.00,银行卡
ORD104259,2026-06-04,S04,P07,3,66.00,银行卡
ORD104491,2026-06-06,S03,P16,1,5.00,支付宝
ORD111578,2026-07-28,S04,P19,1,15.00,现金
ORD104967,2026-06-09,S03,P12,1,8.00,微信
ORD101125,2026-05-09,S05,P05,3,102.00,微信
ORD100117,2026-05-02,S04,P11,2,52.00,会员储值
ORD107620,2026-06-29,S01,P05,2,68.00,微信
ORD111363,2026-07-26,S04,P14,1,10.00,会员储值
ORD110723,2026-07-22,S02,P07,1,22.00,会员储值
ORD105835,2026-06-16,S04,P17,1,12.00,会员储值
ORD105563,2026-06-14,S05,P09,4,72.00,微信
ORD100769,2026-05-07,S03,P08,1,25.00,银行卡
ORD109114,2026-07-11,S01,P13,1,20.00,会员储值
ORD109727,2026-07-15,S05,P12,1,8.00,支付宝
ORD105882,2026-06-16,S04,P13,1,20.00,现金
ORD106329,2026-06-20,S03,P08,2,50.00,银行卡
ORD109546,2026-07-14,S02,P18,1,18.00,微信
ORD110923,2026-07-24,S04,P16,1,5.00,会员储值
ORD111086,2026-07-25,S03,P14,1,10.00,支付宝
ORD107348,2026-06-28,S05,P06,1,42.00,微信
ORD109948,2026-07-17,S04,P10,2,48.00,会员储值
ORD105481,2026-06-13,S01,P04,1,38.00,会员储值
ORD103547,2026-05-29,S99,P10,1,24.00,支付宝
ORD100508,2026-05-04,S05,P07,3,66.00,现金
ORD102381,2026-05-20,S01,P19,2,30.00,微信
ORD100457,2026-05-04,S03,P19,1,15.00,现金
ORD110173,2026-07-18,S02,P03,1,,现金
ORD107171,2026-06-26,S04,P08,2,50.00,会员储值
ORD104299,2026-06-05,S05,P09,1,18.00,会员储值
ORD101224,2026-05-10,S03,P13,1,20.00,会员储值
ORD107216,2026-06-27,S01,P02,2,60.00,会员储值
ORD103742,2026-05-31,S04,P07,1,22.00,会员储值
ORD104909,2026-06-09,S05,P14,1,10.00,银行卡
ORD103490,2026-05-29,S04,P09,2,36.00,支付宝
ORD100392,2026-05-03,S04,P09,1,18.00,微信
ORD101040,2026-05-09,S01,P13,2,40.00,支付宝
ORD110068,2026-07-18,S04,P07,1,22.00,支付宝
ORD109571,2026-07-14,S03,P11,1,26.00,支付宝
ORD104309,2026-06-05,S05,P04,3,114.00,微信
ORD101531,2026-05-13,S04,P11,4,104.00,会员储值
ORD101764,2026-05-15,S03,P01,2,64.00,银行卡
ORD107009,2026-06-25,S03,P02,1,30.00,银行卡
ORD111417,2026-07-27,S04,P04,2,76.00,微信
ORD102919,2026-05-24,S01,P11,1,26.00,会员储值
ORD111427,2026-07-27,S01 ,P15,3,18.00,微信
ORD102038,2026-05-17,S05,P09,1,18.00,银行卡
ORD102606,2026-05-22,S01,P10,1,24.00,现金
ORD101554,2026-05-13,S05,P04,1,38.00,微信
ORD110818,2026-07-23,S04,P15,1,6.00,支付宝
ORD104021,2026-06-02,S05,P07,1,22.00,银行卡
ORD100017,2026-05-01,S03,P15,3,18.00,银行卡
ORD100420,2026-05-03,S03,P11,3,78.00,支付宝
ORD111749,2026-07-29,S05,P04,1,38.00,现金
ORD106281,2026-06-20,S05,P02,1,30.00,现金
ORD103223,2026-05-27,S05,P01,1,32.00,银行卡
ORD111402,2026-07-27,S03,P17,1,12.00,现金
ORD102100,2026-05-17,S05,P14,1,10.00,微信
ORD107156,2026-06-26,S01,P07,3,66.00,微信
ORD104303,2026-06-05,S05,P01,3,96.00,微信
ORD108893,2026-07-09,S04,P02,2,60.00,微信
ORD111586,2026-07-28,S05,P01,1,32.00,银行卡
ORD101675,2026-05-14,S05,P19,1,15.00,会员储值
ORD106757,2026/06/23,S04,P10,1,24.00,银行卡
ORD104780,2026-06-07,S05,P05,1,34.00,现金
ORD102146,2026-05-18,S01,P17,1,12.00,现金
ORD109076,2026-07-11,S01,P07,4,88.00,银行卡
ORD111938,2026-07-31,S03,P12,1,8.00,银行卡
ORD104661,2026-06-07,S02,P10,1,24.00,会员储值
ORD107568,2026-06-29,S04,P20,1,22.00,会员储值
ORD108142,2026-07-04,S04,P04,4,152.00,微信
ORD106952,2026-06-24,S01,P09,2,36.00,银行卡
ORD111340,2026-07-26,S05,P08,3,75.00,支付宝
ORD109864,2026-07-16,S01,P12,2,16.00,微信
ORD101568,2026-05-13,S01,P18,1,18.00,会员储值
ORD109010,2026-07-10,S01,P19,2,30.00,现金
ORD109431,2026-07-13,S02,P20,4,88.00,微信
ORD108678,2026-07-08,S04,P13,1,20.00,支付宝
ORD103277,2026-05-27,S05,P05,2,,支付宝
ORD107392,2026-06-28,S01,P07,1,22.00,银行卡
ORD110626,2026-07-22,S01,P20,3,66.00,微信
ORD103309,2026-05-27,S01,P02,1,30.00,银行卡
ORD110803,2026-07-23,S02,P13,1,20.00,银行卡
ORD106616,2026-06-21,S02,P17,2,24.00,会员储值
ORD111982,2026-07-31,S03,P16,2,10.00,微信
ORD111680,2026-07-29,S04,P06,1,42.00,会员储值
ORD101227,2026-05-10,S04,P12,2,16.00,支付宝
ORD106613,2026-06-21,S04,P06,1,42.00,会员储值
ORD104233,2026-06-04,S05,P14,1,10.00,会员储值
ORD102527,2026-05-21,S04,P06,1,42.00,银行卡
ORD106326,2026-06-20,S04,P02,1,30.00,现金
ORD100138,2026-05-02,S01,P01,1,32.00,现金
ORD109912,2026-07-17,S02,P20,2,44.00,会员储值
ORD101440,2026-05-12,S02,P20,1,22.00,现金
ORD103021,2026-05-25,S05,P09,1,18.00,会员储值
ORD101116,2026-05-09,S04,P01,1,32.00,会员储值
ORD101268,2026-05-10,S05,P11,1,26.00,会员储值
ORD110030,2026-07-18,S04,P20,1,22.00,会员储值
ORD107872,2026-07-02,S04,P09,2,36.00,现金
ORD107628,2026-06-29,S04,P10,2,48.00,银行卡
ORD108795,2026-07-09,S04,P05,4,136.00,会员储值
ORD103981,2026-06-01,S02,P08,1,25.00,支付宝
ORD100188,2026-05-02,S03,P10,2,48.00,微信
ORD101366,2026-05-11,S01,P07,1,22.00,银行卡
ORD108974,2026-07-10,S05,P14,1,10.00,微信
ORD108219,2026-07-04,S02,P19,1,15.00,微信
ORD106925,2026-06-24,S01,P02,1,30.00,银行卡
ORD110423,2026-07-20,S03,P20,2,44.00,支付宝
ORD108690,2026-07-08,S01,P05,3,102.00,微信
ORD102353,2026-05-20,S01,P19,3,45.00,现金
ORD104024,2026-06-02,S04,P17,1,12.00,支付宝
ORD110066,2026-07-18,S04,P20,1,22.00,现金
ORD101195,2026-05-10,S02,P11,1,26.00,现金
ORD101795,2026-05-15,S04,P06,1,42.00,现金
ORD100770,2026-05-07,S03,P18,2,36.00,银行卡
ORD111099,2026-07-25,S03,P20,3,66.00,会员储值
ORD111553,2026-07-28,S03,P19,1,15.00,现金
ORD111984,2026-07-31,S04,P14,1,10.00,支付宝
ORD105315,2026-06-12,S01,P12,2,16.00,会员储值
ORD111904,2026-07-31,S02,P10,2,48.00,微信
ORD102964,2026-05-24,S04,P12,3,24.00,现金
ORD102536,2026-05-21,S05,P04,1,38.00,会员储值
ORD106425,2026-06-21,S04,P11,1,26.00,支付宝
ORD101001,2026-05-09,S02,P04,2,76.00,支付宝
ORD111875,2026-07-30,S05,P17,1,12.00,银行卡
ORD109001,2026-07-10,S03,P19,2,30.00,银行卡
ORD109919,2026-07-17,S04,P13,1,20.00,现金
ORD104775,2026-06-07,S02,P16,2,10.00,会员储值
ORD107623,2026-06-29,S04,P14,2,20.00,会员储值
ORD108166,2026-07-04,S01,P06,2,84.00,现金
ORD101891,2026-05-16,S01,P12,1,8.00,支付宝
ORD105759,2026-06-15,S05,P20,2,44.00,会员储值
ORD111167,2026-07-25,S04,P03,1,26.00,微信
ORD111210,2026-07-26,S03,P11,2,52.00,银行卡
ORD109083,2026-07-11,S05,P13,1,20.00,微信
ORD100532,2026-05-04,S04,P15,2,12.00,现金
ORD101757,2026-05-15,S04,P06,2,84.00,支付宝
ORD105976,2026-06-17,S02,P04,1,38.00,会员储值
ORD101104,2026-05-09,S04,P14,2,20.00,支付宝
ORD107637,2026-06-30,S05,P15,3,18.00,支付宝
ORD101162,2026-05-10,S02,P01,1,32.00,支付宝
ORD101312,2026-05-11,S05,P04,1,38.00,银行卡
ORD104225,2026-06-04,S05,P13,3,60.00,支付宝
ORD107138,2026-06-26,S02,P09,2,36.00,微信
ORD105349,2026-06-13,S03,P03,1,26.00,支付宝
ORD100956,2026-05-08,S01,P02,3,90.00,支付宝
ORD100877,2026-05-08,S04,P04,3,114.00,银行卡
ORD102302,2026-05-19,S05,P12,1,8.00,现金
ORD106591,2026-06-21,S03,P17,1,12.00,微信
ORD110194,2026-07-19,S03,P03,1,26.00,微信
ORD102583,2026-05-22,S02,P03,3,78.00,会员储值
ORD107881,2026-07-02,S01,P08,1,25.00,支付宝
ORD101173,2026-05-10,S03,P16,1,5.00,微信
ORD104647,2026-06-07,S05,P13,2,40.00,银行卡
ORD107671,2026-06-30,S01,P03,2,52.00,现金
ORD108151,2026-07-04,S04,P03,1,26.00,银行卡
ORD109994,2026-07-17,S04,P19,1,¥15.00,现金
ORD101482,2026-05-12,S01,P10,2,48.00,会员储值
ORD102389,2026-05-20,S02,P01,1,32.00,银行卡
ORD107769,2026-07-01,S05,P19,1,15.00,微信
ORD106108,2026-06-18,S04,P14,1,10.00,现金
ORD110145,2026-07-18,S04,P08,1,25.00,银行卡
ORD108710,2026-07-08,S02,P13,2,40.00,会员储值
ORD102460,2026-05-21,S03,P11,1,26.00,银行卡
ORD109084,2026-07-11,S02,P13,1,20.00,会员储值
ORD102188,2026-05-18,S01,P02,4,120.00,现金
ORD101204,2026-05-10,S05,P17,1,12.00,微信
ORD101158,2026-05-10,S05,P09,1,18.00,会员储值
ORD102973,2026-05-24,S02,P15,4,24.00,支付宝
ORD108485,2026-07-06,S05,P13,1,20.00,银行卡
ORD109148,2026-07-11,S02,P17,4,48.00,微信
ORD101845,2026-05-16,S04,P10,1,24.00,微信
ORD107886,2026-07-02,S04,P11,3,78.00,微信
ORD105588,2026-06-14,S01,P03,1,26.00,现金
ORD105982,2026-06-17,S02,P18,1,18.00,现金
ORD103083,2026-05-25,S03,P12,2,16.00,微信
ORD101301,2026-05-11,S02,P11,1,26.00,微信
ORD104734,2026-06-07,S02,P20,3,66.00,会员储值
ORD110715,2026-07-22,S03,P07,1,22.00,支付宝
ORD110887,2026-07-24,S05,P06,1,42.00,支付宝
ORD106497,2026-06-21,S02,P03,1,26.00,现金
ORD109267,2026-07-12,S01,P08,3,75.00,银行卡
ORD101694,2026-05-14,S02,P17,3,36.00,银行卡
ORD109623,2026-07-14,S01,P15,1,6.00,微信
ORD109199,2026-07-12,S03,P19,1,15.00,现金
ORD107998,2026-07-03,S05,P19,1,15.00,支付宝
ORD106641,2026-06-22,S04,P17,3,36.00,银行卡
ORD110256,2026-07-19,S04,P06,1,42.00,微信
ORD109042,2026-07-11,S02,P12,1,8.00,微信
ORD111191,2026-07-26,S04,P03,1,,微信
ORD108619,2026-07-07,S05,P14,1,10.00,会员储值
ORD104162,2026-06-03,S02,P03,1,26.00,现金
ORD107001,2026-06-25,S01,P13,1,20.00,支付宝
ORD107596,2026-06-29,S01,P14,4,40.00,支付宝
ORD110178,2026-07-18,S02,P06,1,42.00,银行卡
ORD102260,2026-05-19,S04,P14,1,10.00,微信
ORD107972,2026-07-02,S02,P01,1,32.00,微信
ORD100952,2026-05-08,S04,P19,1,15.00,微信
ORD107682,2026-06-30,S01,P03,2,52.00,微信
ORD107125,2026-06-26,S04,P05,2,68.00,银行卡
ORD105041,2026-06-10,S01,P14,1,10.00,微信
ORD104644,2026-06-07,S02,P08,1,25.00,银行卡
ORD109272,2026-07-12,S03,P08,1,25.00,现金
ORD109632,2026-07-14,S05,P09,1,18.00,支付宝
ORD105052,2026-06-10,S05,P07,2,44.00,微信
ORD102430,2026-05-20,S05,P01,1,32.00,现金
ORD106223,2026-06-20,S04,P18,4,72.00,会员储值
ORD100671,2026-05-06,S02,P10,1,24.00,银行卡
ORD109518,2026-07-13,S05,P18,2,36.00,现金
ORD108590,2026-07-07,S04,P06,1,42.00,会员储值
ORD107493,2026-06-28,S01,P04,2,76.00,银行卡
ORD107409,2026-06-28,S05,P20,1,22.00,微信
ORD103506,2026-05-29,S04,P16,1,5.00,微信
ORD106730,2026-06-22,S02,P19,1,15.00,支付宝
ORD109667,2026-07-15,S05,P10,3,72.00,支付宝
ORD101107,2026-05-09,S02,P12,4,32.00,支付宝
ORD109970,2026-07-17,S02,P16,2,10.00,微信
ORD110235,2026-07-19,S04,P01,2,64.00,会员储值
ORD102530,2026-05-21,S02,P20,1,22.00,会员储值
ORD105113,2026-06-10,S03,P18,3,54.00,会员储值
ORD100111,2026-05-02,S05,P05,3,102.00,会员储值
ORD108473,2026-07-06,S04,P18,2,36.00,支付宝
ORD109845,2026-07-16,S02,P16,1,5.00,微信
ORD106749,2026-06-22,S02,P20,3,66.00,现金
ORD111263,2026-07-26,S05,P13,1,20.00,现金
ORD106395,2026-06-20,S04,P01,2,-64.00,银行卡
ORD103876,2026-05-31,S02,P18,1,18.00,支付宝
ORD109735,2026-07-15,S04,P04,1,38.00,会员储值
ORD102103,2026/05/17,S03,P06,1,42.00,支付宝
ORD101115,2026-05-09,S02,P15,1,6.00,微信
ORD100137,2026-05-02,S02,P08,3,75.00,会员储值
ORD111185,2026-07-26,S04,P01,1,32.00,现金
ORD109337,2026-07-12,S05,P19,1,15.00,支付宝
ORD109583,2026-07-14,S05,P17,2,24.00,会员储值
ORD108763,2026-07-08,S01,P18,2,36.00,会员储值
ORD101951,2026-05-16,S02,P04,1,38.00,银行卡
ORD104689,2026-06-07,S03,P05,1,,会员储值
ORD109566,2026-07-14,S03,P08,4,100.00,银行卡
ORD107804,2026-07-01,S01,P17,4,48.00,银行卡
ORD110151,2026-07-18,S02,P01,1,32.00,支付宝
ORD107502,2026-06-29,S03,P04,1,38.00,会员储值
ORD102782,2026-05-23,S01,P16,1,5.00,微信
ORD111459,2026-07-27,S03,P02,2,60.00,银行卡
ORD110956,2026-07-24,S03,P06,2,84.00,微信
ORD101023,2026-05-09,S01,P01,1,32.00,现金
ORD109388,2026-07-12,S03,P20,3,66.00,银行卡
ORD106464,2026-06-21,S03,P17,1,12.00,微信
ORD110681,2026-07-22,S04,P14,4,40.00,会员储值
ORD105395,2026-06-13,S02,P13,2,40.00,银行卡
ORD110537,2026-07-21,S01,P19,1,15.00,银行卡
ORD108940,2026-07-10,S02,P09,2,36.00,支付宝
ORD100323,2026-05-03,S03,P11,1,26.00,现金
ORD100142,2026-05-02,S02,P01,2,64.00,银行卡
ORD100523,2026-05-04,S02,P19,1,15.00,现金
ORD104751,2026-06-07,S02,P08,2,50.00,微信
ORD111731,2026-07-29,S03,P07,1,22.00,会员储值
ORD109435,2026-07-13,S04,P11,1,26.00,支付宝
ORD104023,2026-06-02,S04,P07,1,22.00,微信
ORD106206,2026-06-19,S02,P18,1,18.00,银行卡
ORD106770,2026-06-23,S05,P12,2,16.00,微信
ORD107274,2026-06-27,S01,P15,1,6.00,微信
ORD101443,2026-05-12,S05,P02,3,90.00,现金
ORD102657,2026-05-23,S04,P10,1,24.00,支付宝
ORD104789,2026-06-07,S01,P08,1,25.00,微信
ORD104914,2026-06-09,S05,P11,2,52.00,会员储值
ORD101136,2026-05-09,S03,P07,2,44.00,微信
ORD111341,2026-07-26,S04,P13,4,80.00,会员储值
ORD102531,2026-05-21,S02,P20,4,88.00,银行卡
ORD109198,2026-07-12,S04,P09,2,36.00,现金
ORD111990,2026-07-31,S01,P07,2,44.00,现金
ORD111988,2026-07-31,S05,P07,3,66.00,微信
ORD106184,2026-06-19,S03,P19,2,30.00,银行卡
ORD101878,16-05-2026,S05,P20,4,88.00,支付宝
ORD103692,2026-05-30,S05,P08,3,75.00,现金
ORD100147,2026-05-02,S04,P11,2,52.00,微信
ORD109939,2026-07-17,S04,P02,1,30.00,银行卡
ORD102118,2026-05-17,S04,P20,1,22.00,支付宝
ORD107782,2026-07-01,S05,P99,1,24.00,会员储值
ORD106007,2026/06/17,S04,P11,3,78.00,微信
ORD102599,2026-05-22,S02,P04,1,38.00,银行卡
ORD100910,2026-05-08,S02,P17,1,12.00,银行卡
ORD104941,2026-06-09,S05,P14,2,20.00,支付宝
ORD104365,2026-06-05,S01,P19,2,30.00,支付宝
ORD100742,2026-05-06,S02,P19,2,30.00,银行卡
ORD110897,2026-07-24,S03,P12,3,24.00,银行卡
ORD105405,2026-06-13,S01,P07,1,22.00,微信
ORD104805,2026-06-08,S03,P19,1,15.00,银行卡
ORD103446,2026-05-28,S05,P17,2,24.00,微信
ORD111994,2026-07-31,S03,P10,2,48.00,会员储值
ORD103211,2026-05-26,S04,P13,1,20.00,支付宝
ORD103572,2026-05-30,S03,P13,1,20.00,微信
ORD111090,2026-07-25,S05,P13,2,40.00,现金
ORD101962,2026-05-16,S03,P06,2,84.00,银行卡
ORD109809,2026-07-16,S01,P19,1,15.00,微信
ORD106406,2026-06-20,S05,P07,1,22.00,微信
ORD108664,2026-07-08,S01,P15,1,6.00,银行卡
ORD107777,2026-07-01,S03,P13,1,20.00,支付宝
ORD109407,2026-07-13,S01,P03,2,52.00,现金
ORD101352,2026-05-11,S04,P05,1,34.00,银行卡
ORD107614,2026-06-29,S05,P06,1,42.00,支付宝
ORD107159,2026-06-26,S02,P06,1,42.00,会员储值
ORD106954,2026-06-24,S05,P01,1,32.00,银行卡
ORD110893,2026-07-24,S04,P13,2,40.00,会员储值
ORD103721,2026-05-31,S01,P05,1,34.00,现金
ORD103505,2026-05-29,S01,P17,3,36.00,现金
ORD109595,2026-07-14,S01,P09,3,54.00,现金
ORD100362,2026-05-03,S02,P18,1,18.00,微信
ORD101243,2026-05-10,S01,P02,1,30.00,现金
ORD112035,2026-07-31,S02,P06,3,126.00,银行卡
ORD102001,2026-05-17,S03,P15,2,12.00,微信
ORD102087,2026-05-17,S03,P15,1,6.00,现金
ORD107121,2026-06-26,S03,P06,2,84.00,支付宝
ORD109711,2026-07-15,S05,P16,1,,会员储值
ORD105729,2026-06-15,S04,P15,1,6.00,现金
ORD102172,2026-05-18,S01,P11,3,78.00,支付宝
ORD101438,12-05-2026,S01,P09,1,18.00,会员储值
ORD105545,2026-06-14,S02,P14,1,10.00,会员储值
ORD106968,2026-06-24,S05,P11,1,26.00,支付宝
ORD107783,01-07-2026,S03,P20,3,66.00,支付宝
ORD103822,2026-05-31,S01,P20,3,66.00,会员储值
ORD106238,2026-06-20,S04,P08,1,25.00,现金
ORD111797,2026-07-30,S04,P04,1,38.00,微信
ORD101390,2026-05-11,S02,P12,1,8.00,微信
ORD101447,12-05-2026,S01,P10,1,24.00,支付宝
ORD105723,2026-06-15,S04,P09,1,18.00,微信
ORD107979,2026-07-03,S04,P20,1,22.00,微信
ORD111247,2026-07-26,S01,P10,2,48.00,现金
ORD103068,2026-05-25,S05,P13,1,20.00,微信
ORD109578,2026/07/14,S05,P01,2,64.00,会员储值
ORD101069,2026-05-09,S05,P08,1,25.00,会员储值
ORD103486,2026-05-29,S04,P02,1,30.00,银行卡
ORD100911,2026-05-08,S05,P06,2,84.00,支付宝
ORD101051,2026-05-09,S05,P10,2,48.00,现金
ORD103369,2026-05-28,S03,P14,4,40.00,银行卡
ORD112043,2026-07-31,S04,P03,2,52.00,微信
ORD105785,2026-06-16,S02,P19,3,45.00,微信
ORD111386,2026-07-26,S05,P20,4,88.00,支付宝
ORD109240,2026-07-12,S02,P15,3,18.00,支付宝
ORD100442,2026-05-03,S03,P03,2,52.00,银行卡
ORD102515,2026-05-21,S02,P14,2,20.00,支付宝
ORD106292,2026-06-20,S04,P20,2,44.00,现金
ORD102159,2026-05-18,S04,P20,3,66.00,支付宝
ORD106501,2026-06-21,S03,P05,1,34.00,银行卡
ORD100271,2026-05-02,S01,P12,3,24.00,现金
ORD109620,2026-07-14,S01,P16,1,5.00,会员储值
ORD102274,2026-05-19,S02,P07,1,22.00,现金
ORD104645,2026-06-07,S01,P04,1,38.00,现金
ORD103080,2026-05-25,S01,P09,2,36.00,现金
ORD111982,2026-07-31,S03,P16,2,10.00,微信
ORD104998,2026-06-09,S04,P16,2,10.00,银行卡
ORD101456,2026-05-12,S04,P02,1,30.00,现金
ORD108184,2026-07-04,S03,P12,1,8.00,支付宝
ORD110763,2026-07-23,S02,P03,1,26.00,银行卡
ORD109516,2026-07-13,S05,P15,2,12.00,微信
ORD108079,2026-07-03,S02,P02,1,30.00,银行卡
ORD108571,2026-07-07,S01,P05,2,68.00,支付宝
ORD110672,2026-07-22,S01,P13,1,20.00,微信
ORD107987,2026-07-03,S02,P19,1,15.00,微信
ORD110787,2026-07-23,S01,P04,2,76.00,银行卡
ORD109783,2026-07-16,S05,P17,1,12.00,微信
ORD110388,2026-07-20,S05,P08,2,50.00,支付宝
ORD111747,2026-07-29,S02,P19,1,15.00,现金
ORD102935,2026-05-24,S02,P09,2,36.00,微信
ORD111347,2026-07-26,S05,P15,2,12.00,会员储值
ORD110300,2026-07-19,S04,P13,4,80.00,现金
ORD104913,2026-06-09,S05,P14,1,10.00,银行卡
ORD106478,2026-06-21,S01,P12,1,8.00,银行卡
ORD103625,2026-05-30,S02,P14,1,10.00,微信
ORD104111,2026-06-03,S03,P09,2,36.00,支付宝
ORD106685,2026-06-22,S04,P15,1,6.00,微信
ORD103779,2026-05-31,s01,P16,1,5.00,银行卡
ORD109867,2026-07-16,S01,P06,3,126.00,现金
ORD106745,2026-06-22,S01,P01,2,64.00,现金
ORD110322,2026-07-19,S01,P06,1,42.00,支付宝
ORD103651,2026-05-30,S01,P10,4,96.00,会员储值
ORD111853,2026-07-30,S05,P06,1,42.00,微信
ORD104938,2026-06-09,S02,P08,1,25.00,现金
ORD108263,2026-07-05,S02,P10,3,72.00,银行卡
ORD106358,2026-06-20,S05,P12,2,16.00,现金
ORD110401,2026-07-20,S02,P01,1,32.00,会员储值
ORD100231,2026-05-02,S02,P13,1,20.00,会员储值
ORD106646,2026-06-22,S04,P17,1,12.00,会员储值
ORD110790,2026-07-23,S03,P15,2,12.00,微信
ORD101073,2026-05-09,S04,P14,2,20.00,银行卡
ORD103954,2026-06-01,S05,P04,2,76.00,现金
ORD110016,2026-07-17,S03,P01,1,32.00,现金
ORD108662,2026-07-08,S02,P08,1,25.00,银行卡
ORD107652,2026-06-30,S01,P03,1,26.00,微信
ORD107986,2026-07-03,S05,P14,2,20.00,现金
ORD102031,2026-05-17,S01,P09,2,36.00,现金
ORD108245,2026-07-04,S02,P09,1,18.00,会员储值
ORD101260,2026-05-10,S01,P14,2,20.00,银行卡
ORD109663,15-07-2026,S02,P13,4,80.00,银行卡
ORD109244,2026-07-12,S01,P01,2,64.00,现金
ORD101079,2026-05-09,S04,P17,4,48.00,银行卡
ORD103991,2026-06-01,S02,P12,1,8.00,支付宝
ORD100498,2026-05-04,S01,P01,1,,银行卡
ORD109943,2026-07-17,S03,P05,1,34.00,银行卡
ORD104668,2026-06-07,S03,P17,1,12.00,现金
ORD110264,2026-07-19,S05,P13,1,20.00,现金
ORD109519,2026-07-13,S04,P09,2,36.00,支付宝
ORD107544,2026-06-29,S05,P06,1,42.00,银行卡
ORD109013,2026-07-10,S04,P08,1,25.00,支付宝
ORD106799,2026-06-23,S04,P16,2,10.00,银行卡
ORD106499,2026-06-21,S03,P12,1,8.00,支付宝
ORD100810,2026-05-07,S02,P10,1,24.00,银行卡
ORD112011,2026-07-31,S01,P16,1,5.00,银行卡
ORD110076,2026-07-18,S04,P01,2,64.00,会员储值
ORD111040,2026-07-25,S04,P15,3,18.00,会员储值
ORD100463,2026-05-04,S01,P01,1,32.00,现金
ORD101936,2026-05-16,S05,P18,2,36.00,会员储值
ORD101481,2026-05-12,S05,P12,2,16.00,微信
ORD110198,2026-07-19,S05,P19,2,30.00,会员储值
ORD111701,2026-07-29,S01,P12,3,24.00,支付宝
ORD100010,2026-05-01,S04,P01,3,96.00,支付宝
ORD101045,2026-05-09,S05,P04,1,38.00,现金
ORD110368,2026-07-20,S04,P10,1,24.00,支付宝
ORD108656,2026-07-08,S03,P05,1,34.00,银行卡
ORD111390,26-07-2026,S04,P18,2,36.00,现金
ORD110794,2026-07-23,S01,P02,2,60.00,支付宝
ORD107094,2026-06-26,S04,P17,1,12.00,会员储值
ORD102692,2026-05-23,S05,P15,2,12.00,银行卡
ORD104846,2026-06-08,S03,P11,1,26.00,现金
ORD101746,2026-05-15,S03,P02,3,90.00,会员储值
ORD111874,2026-07-30,S03,P02,1,30.00,支付宝
ORD108454,2026-07-06,S03,P04,2,76.00,微信
ORD105844,2026-06-16,S01,P05,2,68.00,现金
ORD106771,2026-06-23,S03,P04,1,38.00,支付宝
ORD111067,2026-07-25,S04,P18,1,18.00,现金
ORD101928,2026-05-16,S02,P06,3,126.00,支付宝
ORD102838,2026-05-24,S03,P19,1,15.00,微信
ORD110873,2026-07-24,S04,P10,2,48.00,支付宝
ORD111837,2026-07-30,S02,P02,2,60.00,银行卡
ORD106817,2026-06-23,S01,P17,1,12.00,微信
ORD104069,2026-06-02,S05,P06,1,42.00,现金
ORD103437,2026-05-28,S03,P17,3,36.00,现金
ORD106480,2026-06-21,S01,P14,4,40.00,支付宝
ORD110284,2026-07-19,S05,P03,2,52.00,现金
ORD104159,2026-06-03,S01,P16,2,10.00,支付宝
ORD107724,2026-06-30,S02,P12,1,8.00,支付宝
ORD103612,2026-05-30,S02,P04,1,38.00,现金
ORD102931,2026-05-24,S03,P09,2,36.00,会员储值
ORD107240,2026-06-27,S01,P07,2,44.00,微信
ORD108402,2026-07-05,S05,P13,1,20.00,微信
ORD100889,2026-05-08,S05,P07,1,22.00,微信
ORD104912,2026-06-09,S04,P05,1,34.00,微信
ORD109544,2026-07-14,S04,P18,3,54.00,微信
ORD110899,2026-07-24,S05,P09,2,,会员储值
ORD110782,2026-07-23,S04,P20,2,44.00,现金
ORD107903,2026-07-02,S03,P05,4,136.00,微信
ORD111699,2026-07-29,S05,P07,2,44.00,银行卡
ORD105462,2026-06-13,S04,P07,3,66.00,会员储值
ORD101030,2026-05-09,S05,P03,2,52.00,会员储值
ORD104724,2026-06-07,S04,P20,3,66.00,微信
ORD101683,2026-05-14,S03,P03,1,26.00,现金
ORD105399,2026-06-13,S01,P17,2,24.00,微信
ORD107115,2026-06-26,S01,P06,1,42.00,支付宝
ORD110859,2026-07-24,S02,P07,1,22.00,银行卡
ORD108337,2026-07-05,S02,P16,1,5.00,银行卡
ORD100032,2026-05-01,S04,P12,1,8.00,微信
ORD107225,2026-06-27,S05,P02,2,60.00,支付宝
ORD105594,2026-06-14,S03,P17,3,36.00,会员储值
ORD102024,2026-05-17,S05,P06,1,42.00,会员储值
ORD105765,2026-06-15,S04,P03,1,26.00,微信
ORD109539,2026-07-13,S05,P13,2,40.00,支付宝
ORD106552,2026-06-21,S02,P01,1,32.00,现金
ORD109215,2026-07-12,S04,P14,1,10.00,现金
ORD111299,26-07-2026,S01,P17,1,12.00,微信
ORD106746,2026-06-22,S04,P01,1,32.00,会员储值
ORD106960,2026-06-24,S04,P01,1,32.00,银行卡
ORD107756,2026-07-01,S03,P06,2,84.00,现金
ORD107648,2026-06-30,S03,P05,2,68.00,微信
ORD100698,2026-05-06,S01,P06,1,42.00,支付宝
ORD108103,2026-07-04,S03,P10,1,24.00,银行卡
ORD102167,2026-05-18,S02,P07,3,66.00,现金
ORD102058,2026-05-17,S04,P16,2,10.00,微信
ORD109890,2026-07-17,S05,P13,1,20.00,银行卡
ORD105852,2026-06-16,S04,P19,1,15.00,支付宝
ORD107726,2026-06-30,S03,P18,3,54.00,微信
ORD107305,2026-06-27,S04,P19,2,30.00,会员储值
ORD109609,2026-07-14,S03,P12,2,16.00,银行卡
ORD105493,2026-06-13,S03,P18,1,18.00,支付宝
ORD111433,2026-07-27,S01,P05,2,68.00,银行卡
ORD108429,2026-07-06,S01,P18,1,18.00,银行卡
ORD102588,2026-05-22,S01,P17,2,24.00,现金
ORD107599,2026-06-29,S02,P07,1,22.00,银行卡
ORD106856,2026-06-23,S03,P08,1,25.00,微信
ORD104405,2026-06-06,S02,P06,2,84.00,支付宝
ORD106125,2026-06-19,S02,P11,2,52.00,会员储值
ORD111526,2026-07-28,S04,P17,3,36.00,微信
ORD107221,2026-06-27,S05,P08,2,50.00,会员储值
ORD105150,2026-06-11,S03,P11,1,26.00,现金
ORD101691,2026-05-14,S04,P12,1,8.00,支付宝
ORD111519,2026-07-28,S01,P20,1,22.00,微信
ORD111168,2026-07-25,S02,P08,1,25.00,微信
ORD106624,2026-06-22,S04,P05,2,68.00,会员储值
ORD103459,2026-05-29,S05,P07,1,22.00,银行卡
ORD104172,2026-06-03,S03,P20,3,66.00,会员储值
ORD110446,2026-07-20,S03,P12,2,16.00,微信
ORD104238,2026-06-04,S01,P04,1,38.00,微信
ORD109493,2026-07-13,S01,P14,3,30.00,银行卡
ORD107489,2026-06-28,S04,P16,1,5.00,会员储值
ORD101272,2026-05-10,S04,P15,1,6.00,现金
ORD102205,2026-05-18,S02,P10,1,24.00,微信
ORD101959,2026-05-16,S04,P04,1,38.00,微信
ORD104430,2026-06-06,S03,P05,2,68.00,微信
ORD100016,2026-05-01,S01,P03,4,,会员储值
ORD103132,2026-05-26,S02,P19,1,15.00,微信
ORD100298,2026-05-03,S03,P08,3,75.00,支付宝
ORD103517,2026-05-29,S02,P11,1,26.00,银行卡
ORD102082,2026-05-17,S03,P05,1,34.00,支付宝
ORD109722,2026-07-15,S02,P05,1,34.00,现金
ORD100801,2026-05-07,S02,P09,2,36.00,银行卡
ORD104588,2026-06-07,S03,P06,1,42.00,微信
ORD111203,2026-07-26,S04,P03,1,26.00,银行卡
ORD104664,2026-06-07,S01,P18,2,36.00,现金
ORD103587,2026-05-30,S02,P02,1,30.00,现金
ORD110708,2026-07-22,S03,P01,2,64.00,微信
ORD106191,2026-06-19,S05,P16,2,10.00,微信
ORD105240,2026-06-11,S01,P02,2,60.00,现金
ORD111197,2026-07-26,S01,P12,3,24.00,现金
ORD103523,2026-05-29,S01,P14,1,10.00,银行卡
ORD107826,2026-07-01,S03,P06,3,126.00,现金
ORD100881,2026-05-08,S03,P18,2,36.00,微信
ORD108712,2026-07-08,S03,P15,1,6.00,支付宝
ORD109548,2026-07-14,S04,P01,1,32.00,现金
ORD104358,2026-06-05,S03,P17,4,48.00,现金
ORD104104,2026-06-03,S03,P02,1,30.00,微信
ORD103148,2026-05-26,S04,P07,1,22.00,银行卡
ORD110265,2026-07-19,S05,P09,3,54.00,现金
ORD106946,2026-06-24,S01,P07,2,44.00,支付宝
ORD100481,2026-05-04,S05,P14,1,10.00,银行卡
ORD110861,2026-07-24,S01,P08,1,25.00,现金
ORD111368,2026-07-26,S01,P17,2,24.00,支付宝
ORD108060,2026-07-03,S01,P18,2,36.00,会员储值
ORD109897,2026-07-17,S03,P03,1,26.00,现金
ORD107147,2026-06-26,S05,P06,1,42.00,微信
ORD108966,2026-07-10,S05,P08,1,25.00,会员储值
ORD105387,2026-06-13,S02,P08,2,50.00,微信
ORD105773,2026-06-15,S05,P07,1,22.00,现金
ORD107842,2026-07-02,S04,P11,1,26.00,支付宝
ORD111823,2026-07-30,S99,P14,2,20.00,支付宝
ORD103528,2026-05-29,S02,P18,3,54.00,现金
ORD111763,2026-07-30,S01,P11,1,26.00,支付宝
ORD105449,2026-06-13,S04,P05,2,68.00,现金
ORD100203,2026-05-02,S05,P03,2,52.00,会员储值
ORD105970,2026-06-17,S03,P15,1,6.00,现金
ORD107898,2026-07-02,S02,P06,2,84.00,微信
ORD101055,2026-05-09,S03,P08,4,100.00,微信
ORD103827,2026-05-31,S04,P07,1,22.00,微信
ORD103059,2026-05-25,S02,P20,1,22.00,会员储值
ORD106567,2026-06-21,S02,P16,1,5.00,会员储值
ORD101360,2026-05-11,S01,P13,1,20.00,银行卡
ORD100139,2026-05-02,S05,P13,1,20.00,银行卡
ORD104511,2026-06-06,S01,P10,1,24.00,支付宝
ORD102254,2026-05-19,S04,P15,1,6.00,支付宝
ORD100104,2026-05-02,S04,P02,2,60.00,支付宝
ORD106266,2026-06-20,S03,P12,2,16.00,银行卡
ORD109017,2026-07-10,S04,P12,2,16.00,支付宝
ORD105663,2026-06-14,S02,P07,1,22.00,会员储值
ORD103738,2026/05/31,S05,P14,1,10.00,支付宝
ORD103210,2026-05-26,S04,P01,1,32.00,会员储值
ORD104415,2026-06-06,S03,P03,2,52.00,现金
ORD101385,2026-05-11,S02,P02,2,60.00,支付宝
ORD106430,2026-06-21,S04,P17,2,24.00,支付宝
ORD109635,2026-07-14,S05,P05,2,68.00,现金
ORD100781,2026-05-07,S05,P12,2,16.00,会员储值
ORD102226,2026-05-18,S02,P04,1,38.00,微信
ORD100423,2026-05-03,S01,P02,1,30.00,支付宝
ORD111624,2026-07-29,S05,P13,4,80.00,支付宝
ORD105418,2026-06-13,S05,P19,2,30.00,支付宝
ORD111599,2026-07-28,S05,P19,2,30.00,会员储值
ORD107767,2026-07-01,S05,P13,2,40.00,银行卡
ORD103492,2026-05-29,S04,P03,3,78.00,会员储值
ORD105915,2026-06-17,S01,P10,2,48.00,微信
ORD101459,2026-05-12,S05,P19,3,45.00,银行卡
ORD104298,2026-06-05,S01,P15,1,6.00,会员储值
ORD101573,2026-05-13,S04,P14,1,10.00,支付宝
ORD110441,2026-07-20,S01,P12,1,8.00,微信
ORD103120,2026-05-26,S01,P18,1,18.00,现金
ORD104669,2026-06-07,S03,P12,3,24.00,银行卡
ORD106122,2026-06-19,S05,P12,1,8.00,银行卡
ORD109291,2026-07-12,S05,P18,3,54.00,现金
ORD111125,2026-07-25,S02,P06,1,42.00,银行卡
ORD102245,2026-05-19,S03,P17,1,12.00,银行卡
ORD107725,2026-06-30,S04,P17,1,12.00,现金
ORD108649,2026-07-08,S01,P16,1,5.00,支付宝
ORD101964,2026-05-16,S03,P01,1,32.00,支付宝
ORD105370,2026-06-13,S04,P03,3,78.00,支付宝
ORD100130,2026-05-02,S03,P08,1,25.00,银行卡
ORD103833,2026-05-31,S05,P11,2,52.00,银行卡
ORD100054,2026-05-01,S01,P07,1,22.00,会员储值
ORD111607,2026-07-28,S04,P18,1,18.00,会员储值
ORD105614,2026-06-14,S01,P19,1,15.00,现金
ORD105043,2026-06-10,S01,P11,1,26.00,会员储值
ORD104420,2026-06-06,S05,P12,1,8.00,会员储值
ORD110262,2026-07-19,S04,P16,3,15.00,会员储值
ORD102048,2026-05-17,S05,P17,1,12.00,现金
ORD108912,2026-07-10,S03,P08,2,50.00,微信
ORD106339,2026-06-20,S05,P01,2,64.00,现金
ORD109526,2026-07-13,S04,P07,1,22.00,微信
ORD110085,2026-07-18,S05,P06,2,84.00,现金
ORD100579,2026-05-05,S05,P08,1,25.00,微信
ORD106274,2026-06-20,S03,P10,1,24.00,微信
ORD105380,2026-06-13,S05,P05,1,34.00,支付宝
ORD110287,2026-07-19,S01,P20,2,44.00,支付宝
ORD109041,2026-07-11,S05,P15,2,12.00,会员储值
ORD101477,2026-05-12,S03,P12,1,8.00,现金
ORD106428,2026-06-21,S05,P18,1,18.00,会员储值
ORD105134,2026/06/11,S01,P14,2,20.00,微信
ORD105757,2026-06-15,S05,P19,2,30.00,支付宝
ORD105151,2026-06-11,S05,P01,1,32.00,微信
ORD100634,2026-05-05,S05,P08,1,25.00,现金
ORD102370,2026-05-20,S02,P13,2,40.00,现金
ORD108345,2026-07-05,S05,P12,1,8.00,现金
ORD107054,2026-06-25,S05,P04,1,38.00,银行卡
ORD109755,2026-07-15,S05,P09,4,72.00,支付宝
ORD107467,2026-06-28,S02,P13,1,20.00,现金
ORD103287,2026-05-27,S04,P19,1,15.00,会员储值
ORD104921,2026-06-09,S04,P06,1,42.00,银行卡
ORD102934,2026-05-24,S01,P12,2,16.00,支付宝
ORD111362,2026-07-26,S03,P17,3,36.00,微信
ORD104393,2026-06-06,S02,P16,1,5.00,会员储值
ORD110630,2026-07-22,S01,P01,1,32.00,银行卡
ORD101556,2026-05-13,S02,P02,1,30.00,银行卡
ORD100153,2026-05-02,S01,P10,1,24.00,微信
ORD105930,2026-06-17,S03,P14,2,20.00,会员储值
ORD103207,2026-05-26,S02,P19,1,15.00,银行卡
ORD106722,2026-06-22,S04,P05,3,102.00,银行卡
ORD108881,2026-07-09,S04,P09,2,36.00,银行卡
ORD100102,2026-05-01,S03,P06,1,42.00,现金
ORD109070,2026-07-11,S03,P13,1,20.00,微信
ORD109788,2026-07-16,S04,P06,1,42.00,银行卡
ORD101157,2026-05-10,S05,P15,2,12.00,银行卡
ORD106251,2026-06-20,S01,P08,2,50.00,现金
ORD111126,2026-07-25,S04,P14,2,20.00,微信
ORD107655,2026-06-30,S01,P10,2,48.00,微信
ORD104969,2026-06-09,S02,P04,1,38.00,微信
ORD110448,2026-07-20,S02,P01,2,64.00,微信
ORD103663,2026-05-30,S04,P15,3,18.00,支付宝
ORD108474,2026-07-06,S04,P02,2,60.00,现金
ORD109607,2026-07-14,S03,P05,3,102.00,银行卡
ORD101130,2026-05-09,S02,P04,1,38.00,支付宝
ORD107685,2026-06-30,S03,P14,1,10.00,现金
ORD108754,2026-07-08,S05,P16,2,10.00,会员储值
ORD102520,2026-05-21,S02,P13,4,80.00,会员储值
ORD111991,2026-07-31,S03,P09,1,,会员储值
ORD106193,2026-06-19,S04,P11,2,52.00,现金
ORD103039,2026-05-25,S03,P18,1,18.00,银行卡
ORD110906,2026-07-24,S01,P05,4,136.00,银行卡
ORD109125,2026-07-11,S04,P17,2,24.00,现金
ORD106883,2026-06-24,S03,P15,3,18.00,微信
ORD111391,2026-07-26,S03,P16,1,5.00,银行卡
ORD109270,2026-07-12,S04,P04,2,76.00,支付宝
ORD109055,2026-07-11,S05,P17,2,24.00,微信
ORD111803,2026-07-30,S05,P15,2,12.00,支付宝
ORD110312,2026-07-19,S04,P05,1,34.00,银行卡
ORD105564,2026-06-14,S03,P03,3,78.00,现金
ORD111727,2026-07-29,S05,P12,3,24.00,现金
ORD111302,2026/07/26,S03,P15,1,6.00,会员储值
ORD109214,2026-07-12,S01,P09,2,36.00,微信
ORD108562,2026-07-07,S02,P18,2,36.00,现金
ORD111278,2026-07-26,S02,P01,1,32.00,微信
ORD100211,2026-05-02,S04,P09,1,18.00,支付宝
ORD100929,2026-05-08,S04,P19,1,15.00,微信
ORD110299,2026-07-19,S02,P16,1,5.00,银行卡
ORD109169,2026-07-11,S01,P04,4,152.00,会员储值
ORD103113,2026-05-26,S05,P20,2,44.00,银行卡
ORD105423,2026-06-13,S01,P18,2,36.00,银行卡
ORD101808,2026-05-15,S01,P20,1,22.00,支付宝
ORD108064,2026-07-03,S01,P03,1,26.00,微信
ORD102427,2026-05-20,S04,P03,2,52.00,现金
ORD104440,2026-06-06,S02,P19,1,15.00,微信
ORD106647,2026-06-22,S05,P20,1,22.00,会员储值
ORD103073,2026-05-25,S04,P11,1,26.00,支付宝
ORD104797,2026-06-08,S04,P19,1,15.00,微信
ORD110140,2026-07-18,S03,P19,1,,银行卡
ORD103580,2026-05-30,S04,P03,1,26.00,银行卡
ORD106239,2026-06-20,S04,P05,3,102.00,会员储值
ORD110512,2026-07-21,S05,P17,1,12.00,现金
ORD104830,2026-06-08,S05,P08,1,25.00,支付宝
ORD104985,2026-06-09,S05,P19,3,45.00,会员储值
ORD109963,2026-07-17,S02,P15,1,6.00,微信
ORD101653,2026-05-14,S03,P02,1,30.00,银行卡
ORD106070,2026-06-18,S05,P19,2,30.00,银行卡
ORD107453,2026-06-28,S02,P15,3,18.00,银行卡
ORD109585,2026-07-14,S01,P02,2,60.00,银行卡
ORD103215,2026-05-26,S01,P11,2,52.00,微信
ORD110633,2026-07-22,S04,P14,1,10.00,微信
ORD102674,2026-05-23,S05,P06,2,84.00,银行卡
ORD107968,2026-07-02,S01,P17,3,36.00,支付宝
ORD101083,2026-05-09,S01,P03,2,52.00,微信
ORD104876,2026-06-08,S02,P15,3,18.00,现金
ORD101752,2026-05-15,S03,P02,1,30.00,银行卡
ORD107885,2026-07-02,S04,P20,1,22.00,微信
ORD103472,2026-05-29,S04,P14,1,10.00,支付宝
ORD105069,2026-06-10,S03,P10,1,,会员储值
ORD102440,2026-05-21,S01,P18,1,18.00,微信
ORD106335,2026-06-20,S03,P16,3,15.00,微信
ORD111570,2026-07-28,S02,P20,4,88.00,银行卡
ORD110948,2026-07-24,S04,P16,3,15.00,支付宝
ORD101382,2026-05-11,S04,P05,1,34.00,会员储值
ORD102888,2026-05-24,S02,P13,1,20.00,银行卡
ORD107248,2026-06-27,S03,P13,2,40.00,现金
ORD104582,2026-06-07,S04,P03,1,26.00,会员储值
ORD104076,2026-06-02,S05,P10,3,72.00,微信
ORD106901,2026-06-24,S03,P07,2,44.00,微信
ORD101484,2026-05-12,S02,P12,1,8.00,现金
ORD109177,2026-07-11,S01,P01,2,64.00,微信
ORD108871,2026-07-09,S04,P08,2,50.00,微信
ORD109964,2026-07-17,S05,P20,1,22.00,现金
ORD104352,2026-06-05,S03,P14,1,10.00,银行卡
ORD107484,2026-06-28,S03,P04,1,38.00,会员储值
ORD100085,2026-05-01,S04,P02,1,30.00,现金
ORD105699,2026-06-15,S03,P07,3,66.00,银行卡
ORD111108,2026-07-25,S05,P11,1,26.00,微信
ORD108084,2026-07-03,S01,P03,1,26.00,会员储值
ORD102944,2026-05-24,S02,P04,1,38.00,会员储值
ORD107367,2026-06-28,S05,P16,2,10.00,银行卡
ORD105946,2026-06-17,S03,P17,1,12.00,微信
ORD111253,2026-07-26,S04,P16,4,20.00,现金
ORD106235,2026-06-20,S03,P08,3,75.00,支付宝
ORD103513,2026-05-29,S03,P12,3,24.00,会员储值
ORD107523,2026-06-29,S05,P18,4,72.00,银行卡
ORD104412,2026-06-06,S02,P09,1,18.00,会员储值
ORD100170,2026-05-02,S02,P03,2,52.00,银行卡
ORD100646,2026-05-05,S02,P17,1,12.00,微信
ORD106710,2026-06-22,S05,P16,1,5.00,现金
ORD100159,2026-05-02,S03,P09,1,18.00,现金
ORD107176,2026-06-26,S03,P02,3,90.00,微信
ORD110847,2026-07-24,S02,P14,2,20.00,会员储值
ORD105965,2026-06-17,S04,P16,3,15.00,会员储值
ORD107017,2026-06-25,S03,P01,2,64.00,微信
ORD110513,2026-07-21,S05,P13,3,60.00,银行卡
ORD105374,2026-06-13,S01,P11,3,78.00,微信
ORD100723,2026-05-06,S04,P18,4,72.00,银行卡
ORD102327,2026-05-20,S01,P15,1,6.00,微信
ORD111506,2026-07-27,S04,P17,1,12.00,支付宝
ORD109758,2026-07-16,S03,P16,1,5.00,会员储值
ORD103166,2026-05-26,S05,P19,1,15.00,会员储值
ORD103749,2026-05-31,S05,P19,1,15.00,现金
ORD100599,2026-05-05,S01,P16,3,15.00,银行卡
ORD109820,2026-07-16,S04,P07,1,22.00,会员储值
ORD100702,2026-05-06,S03,P20,3,66.00,支付宝
ORD106403,2026-06-20,S03,P10,1,24.00,现金
ORD107926,2026-07-02,S99,P09,3,54.00,支付宝
ORD101995,2026-05-17,S02,P02,1,30.00,支付宝
ORD108658,2026-07-08,S04,P02,2,60.00,现金
ORD108341,2026-07-05,S01,P13,1,20.00,现金
ORD103231,2026-05-27,S01,P12,1,8.00,微信
ORD107205,2026-06-27,S02,P09,2,36.00,会员储值
ORD101929,2026-05-16,S05,P19,1,15.00,现金
ORD109128,2026-07-11,S01,P15,3,18.00,微信
ORD108741,2026-07-08,S02,P14,1,10.00,会员储值
ORD101329,2026-05-11,S04,P12,1,8.00,微信
ORD103354,2026-05-28,S05,P01,1,32.00,微信
ORD110680,2026-07-22,S01,P14,1,10.00,支付宝
ORD102390,2026-05-20,S01,P02,4,120.00,支付宝
ORD109530,2026-07-13,S01,P18,2,36.00,银行卡
ORD100486,2026-05-04,S03,P19,3,45.00,支付宝
ORD110346,2026-07-20,S05,P09,1,18.00,现金
ORD111621,2026-07-29,S04,P02,1,30.00,会员储值
ORD110485,2026-07-21,S05,P15,3,18.00,银行卡
ORD110565,2026-07-21,S05,P18,3,54.00,支付宝
ORD111787,2026-07-30,S04,P13,4,80.00,支付宝
ORD106346,2026-06-20,S04,P11,1,26.00,支付宝
ORD105617,2026-06-14,S02,P03,1,26.00,银行卡
ORD101129,2026-05-09,S04,P03,2,52.00,支付宝
ORD102538,2026-05-21,S02,P08,4,100.00,支付宝
ORD104153,2026-06-03,S05,P16,3,15.00,支付宝
ORD105097,2026-06-10,S05,P04,1,38.00,银行卡
ORD110337,2026-07-19,S05,P17,1,12.00,现金
ORD110274,2026-07-19,S03,P15,1,6.00,支付宝
ORD103903,2026-06-01,S04,P18,3,54.00,银行卡
ORD108774,2026-07-09,S03,P11,2,52.00,支付宝
ORD101097,2026-05-09,S05,P05,2,68.00,支付宝
ORD100797,2026-05-07,S05,P20,1,22.00,银行卡
ORD102158,2026-05-18,S03,P10,1,24.00,现金
ORD108270,2026-07-05,S02,P09,4,72.00,现金
ORD101623,2026-05-14,S04,P10,3,72.00,微信
ORD102443,2026-05-21,S03,P18,1,18.00,银行卡
ORD112031,2026-07-31,S05,P15,1,6.00,支付宝
ORD107618,2026-06-29,S01,P09,4,72.00,现金
ORD108312,2026-07-05,S02,P19,2,30.00,支付宝
ORD102481,2026-05-21,S05,P08,1,25.00,会员储值
ORD110067,2026-07-18,S04,P10,2,48.00,微信
ORD107352,2026-06-28,S05,P10,2,48.00,会员储值
ORD101798,2026-05-15,S03,P18,1,18.00,微信
ORD103160,2026-05-26,S05,P02,2,60.00,微信
ORD110010,2026-07-17,S03,P03,1,26.00,银行卡
ORD103737,2026-05-31,S05,P10,1,24.00,会员储值
ORD100428,2026-05-03,S04,P05,1,34.00,支付宝
ORD101720,2026-05-15,S05,P16,1,5.00,会员储值
ORD104359,2026-06-05,S03,P20,2,44.00,银行卡
ORD107492,2026-06-28,S04,P19,1,15.00,微信
ORD103153,2026-05-26,S01,P01,2,64.00,支付宝
ORD100510,2026-05-04,S01,P15,1,6.00,微信
ORD104928,2026-06-09,S04,P09,1,18.00,支付宝
ORD107168,2026-06-26,S03,P01,2,64.00,支付宝
ORD110799,2026-07-23,S05,P09,1,18.00,微信
ORD107681,2026-06-30,S03,P18,1,18.00,现金
ORD109682,2026-07-15,S02,P13,1,20.00,支付宝
ORD105494,2026-06-13,S02,P08,1,25.00,微信
ORD108575,2026-07-07,S01,P11,1,26.00,会员储值
ORD102252,2026-05-19,S03,P18,1,18.00,支付宝
ORD101340,2026-05-11,S05,P05,1,34.00,会员储值
ORD110664,2026-07-22,S05,P15,2,12.00,支付宝
ORD110097,2026-07-18,S01,P04,1,38.00,现金
ORD100565,2026-05-04,S04,P07,1,22.00,银行卡
ORD106652,2026-06-22,S02,P17,2,24.00,现金
ORD106502,2026-06-21,S04,P08,1,25.00,支付宝
ORD107880,2026-07-02,S02,P03,1,26.00,支付宝
ORD108933,2026-07-10,S04,P02,3,90.00,现金
ORD104245,2026-06-04,S05,P15,2,12.00,支付宝
ORD100405,2026-05-03,S02,P19,3,45.00,会员储值
ORD111230,2026-07-26,S02,P12,1,8.00,现金
ORD107092,2026-06-26,S04,P14,1,10.00,银行卡
ORD101903,2026-05-16,S02,P13,2,40.00,会员储值
ORD108640,2026-07-08,S05,P13,3,60.00,会员储值
ORD101223,2026-05-10,S02,P03,2,52.00,支付宝
ORD100326,2026-05-03,S05,P03,2,52.00,微信
ORD104423,2026-06-06,S02,P09,1,18.00,会员储值
ORD111384,2026-07-26,S05,P18,1,18.00,银行卡
ORD109031,2026-07-10,S02,P05,2,68.00,微信
ORD103607,2026-05-30,S02,P11,1,26.00,会员储值
ORD109364,2026-07-12,S01,P08,1,25.00,支付宝
ORD103858,2026-05-31,S04,P19,1,15.00,银行卡
ORD103276,2026-05-27,S02,P01,2,64.00,银行卡
ORD106664,2026-06-22,S01,P20,2,44.00,银行卡
ORD108510,2026-07-06,S03,P06,2,84.00,银行卡
ORD104215,2026-06-04,S03,P01,3,96.00,微信
ORD109606,2026-07-14,S01,P14,1,10.00,微信
ORD107954,2026-07-02,S04,P03,1,26.00,现金
ORD100779,2026-05-07,S04,P06,2,84.00,会员储值
ORD110122,2026-07-18,S04,P17,1,12.00,支付宝
ORD101549,2026-05-13,S03,P16,4,20.00,支付宝
ORD108973,2026-07-10,S03,P02,2,60.00,现金
ORD102365,2026-05-20,S03,P11,1,26.00,会员储值
ORD111722,2026-07-29,S05,P06,1,42.00,支付宝
ORD111026,2026-07-25,S01,P12,3,24.00,微信
ORD102328,2026-05-20,S01,P20,1,22.00,微信
ORD104853,2026-06-08,S04,P11,3,78.00,微信
ORD106162,2026-06-19,S04,P03,1,26.00,现金
ORD109700,2026-07-15,S02,P01,3,96.00,微信
ORD108363,2026-07-05,S05,P04,3,114.00,会员储值
ORD109063,2026-07-11,S01,P13,1,20.00,微信
ORD100854,2026-05-07,S03,P02,2,60.00,支付宝
ORD100546,2026-05-04,S04,P20,1,22.00,银行卡
ORD102902,2026-05-24,S04,P20,1,22.00,现金
ORD103894,2026-06-01,S05,P07,1,22.00,现金
ORD102710,2026-05-23,S04,P03,1,26.00,银行卡
ORD104860,2026-06-08,S04,P10,1,¥24.00,银行卡
ORD107482,2026-06-28,S02,P08,1,25.00,微信
ORD105377,2026-06-13,S01,P19,1,15.00,银行卡
ORD109479,2026-07-13,S02,P03,1,26.00,微信
ORD107633,2026-06-30,S03,P15,1,6.00,支付宝
ORD105787,2026-06-16,S05,P10,1,24.00,现金
ORD110245,2026-07-19,S01,P07,4,88.00,会员储值
ORD102545,2026-05-22,S02,P10,4,96.00,会员储值
ORD107043,2026-06-25,S02,P13,2,40.00,现金
ORD101606,2026-05-13,S05,P02,2,60.00,会员储值
ORD101119,2026-05-09,S05,P12,1,,微信
ORD107660,2026-06-30,S02,P13,1,20.00,银行卡
ORD100182,2026-05-02,S03,P03,2,52.00,支付宝
ORD106523,2026/06/21,S04,P10,3,72.00,支付宝
ORD104472,2026-06-06,S03,P01,1,32.00,支付宝
ORD110174,2026-07-18,S05,P20,3,66.00,微信
ORD104827,2026-06-08,S05,P10,3,72.00,银行卡
ORD102280,2026-05-19,S04,P16,1,5.00,会员储值
ORD106844,2026-06-23,S01,P07,2,44.00,微信
ORD107412,2026-06-28,S03,P13,1,20.00,会员储值
ORD111289,2026-07-26,S05,P02,4,120.00,会员储值
ORD107486,2026-06-28,S05,P01,1,32.00,银行卡
ORD108487,2026-07-06,S02,P05,3,102.00,现金
ORD108110,2026-07-04,S01,P08,2,50.00,银行卡
ORD108314,2026-07-05,S03,P11,1,26.00,微信
ORD100773,2026-05-07,S02,P07,2,44.00,微信
ORD106158,2026-06-19,S02,P16,1,5.00,微信
ORD102718,2026-05-23,S01,P14,3,30.00,银行卡
ORD100857,2026-05-07,S04,P08,1,25.00,银行卡
ORD100984,2026-05-09,S03,P02,2,60.00,银行卡
ORD101707,2026-05-15,S03,P05,3,102.00,微信
ORD109959,2026-07-17,s01,P15,1,6.00,银行卡
ORD111532,2026-07-28,S05,P19,2,¥30.00,银行卡
ORD109908,2026-07-17,S04,P12,1,8.00,现金
ORD102267,2026-05-19,S04,P14,1,10.00,支付宝
ORD106272,2026-06-20,S04,P11,1,26.00,支付宝
ORD101053,2026-05-09,S02,P11,2,52.00,支付宝
ORD110686,2026-07-22,S02,P20,1,22.00,会员储值
ORD105972,2026-06-17,S05,P20,1,22.00,会员储值
ORD107672,2026-06-30,S01,P01,1,32.00,银行卡
ORD105426,2026-06-13,S02,P13,2,40.00,会员储值
ORD110939,24-07-2026,S02,P19,2,,会员储值
ORD100229,2026/05/02,S02,P05,3,102.00,会员储值
ORD104717,2026-06-07,S04,P14,1,10.00,会员储值
ORD104086,2026-06-02,S03,P06,2,84.00,支付宝
ORD100826,2026-05-07,S04,P07,1,22.00,现金
ORD106207,2026-06-19,S03,P19,1,15.00,银行卡
ORD105687,2026-06-15,S01,P16,1,5.00,现金
ORD104755,2026-06-07,S02,P13,1,20.00,现金
ORD100097,2026-05-01,S01,P15,1,6.00,现金
ORD100069,2026-05-01,S01,P06,1,42.00,银行卡
ORD101149,2026-05-10,S04,P16,3,15.00,微信
ORD107817,2026-07-01,S01,P14,1,10.00,银行卡
ORD102953,2026-05-24,S04,P19,2,30.00,会员储值
ORD102203,2026-05-18,S05,P10,2,48.00,现金
ORD102413,2026-05-20,S01,P12,1,8.00,微信
ORD110224,2026-07-19,S05,P20,1,22.00,现金
ORD101473,2026-05-12,S03,P19,4,60.00,现金
ORD107299,2026-06-27,S04,P03,1,26.00,现金
ORD106311,2026-06-20,S03,P12,1,8.00,会员储值
ORD108841,2026-07-09,S05,P18,4,72.00,支付宝
ORD101103,2026-05-09,S03,P01,2,64.00,微信
ORD102567,2026-05-22,S02,P19,1,15.00,现金
ORD100947,2026-05-08,S04,P05,1,34.00,微信
ORD104222,2026-06-04,S03,P18,1,18.00,微信
ORD104050,2026-06-02,S05,P20,1,22.00,微信
ORD107014,2026-06-25,S01,P02,1,30.00,银行卡
ORD107792,2026-07-01,S05,P20,1,22.00,支付宝
ORD101739,2026-05-15,S05,P06,1,42.00,微信
ORD103509,2026-05-29,S02,P04,2,76.00,会员储值
ORD107452,2026-06-28,S01,P11,1,26.00,银行卡
ORD108901,2026-07-10,S04,P06,1,42.00,现金
ORD112050,2026-07-31,S05,P08,2,50.00,支付宝
ORD110138,2026-07-18,S04,P10,2,48.00,支付宝
ORD106510,2026-06-21,S04,P13,1,20.00,会员储值
ORD100903,2026-05-08,S02,P20,1,22.00,银行卡
ORD102387,2026-05-20,S04,P18,1,18.00,支付宝
ORD105586,2026-06-14,S01,P20,1,22.00,微信
ORD108237,2026-07-04,S01,P18,2,36.00,现金
ORD104115,2026-06-03,S01,P02,1,30.00,银行卡
ORD107803,2026-07-01,S01,P16,1,5.00,微信
ORD103544,2026-05-29,S05,P15,3,18.00,微信
ORD100161,2026-05-02,S01,P16,2,10.00,银行卡
ORD107113,2026-06-26,S04,P18,1,-18.00,微信
ORD104758,2026-06-07,S03,P07,3,66.00,会员储值
ORD100678,2026-05-06,S01,P13,2,40.00,微信
ORD104785,2026-06-07,S04,P08,2,50.00,银行卡
ORD103230,2026-05-27,S01,P07,3,66.00,支付宝
ORD107824,2026-07-01,S05,P20,2,44.00,现金
ORD104260,2026-06-04,S04,P16,2,10.00,微信
ORD100120,2026-05-02,S02,P06,1,42.00,银行卡
ORD110863,2026-07-24,S05,P04,3,114.00,会员储值
ORD108076,2026-07-03,S01,P13,3,60.00,微信
ORD105297,2026-06-12,S05,P08,2,50.00,支付宝
ORD111877,2026-07-30,S01,P10,1,24.00,现金
ORD103226,2026-05-27,S05,P08,2,50.00,支付宝
ORD107917,2026-07-02,S05,P16,3,15.00,微信
ORD107564,2026-06-29,S03,P13,3,60.00,微信
ORD106291,2026-06-20,S04,P10,2,48.00,会员储值
ORD107483,2026-06-28,S01,P07,1,22.00,会员储值
ORD106684,2026-06-22,S03,P11,2,52.00,微信
ORD100441,2026-05-03,S02,P10,1,24.00,支付宝
ORD103255,2026-05-27,S05,P20,3,66.00,会员储值
ORD106351,2026-06-20,S04,P16,3,15.00,会员储值
ORD111020,2026-07-25,S05,P17,3,36.00,微信
ORD106750,2026-06-22,S05,P16,1,5.00,支付宝
ORD102717,2026-05-23,S01,P18,1,18.00,银行卡
ORD105109,2026-06-10,S04,P08,2,50.00,银行卡
ORD106742,2026-06-22,S01,P07,1,22.00,微信
ORD103791,2026-05-31,S01,P13,2,40.00,现金
ORD101547,2026-05-13,S02,P08,3,75.00,支付宝
ORD106288,2026-06-20,S05,P14,3,30.00,银行卡
ORD101078,2026-05-09,S03,P13,1,20.00,银行卡
ORD107116,2026-06-26,S01,P15,2,12.00,银行卡
ORD108160,2026-07-04,S04,P05,1,34.00,现金
ORD103595,2026-05-30,S03,P12,1,8.00,现金
ORD101022,2026-05-09,S05,P10,3,72.00,会员储值
ORD102740,2026-05-23,S01,P17,1,12.00,微信
ORD106584,2026-06-21,S05,P17,3,36.00,会员储值
ORD106363,2026-06-20,S02,P15,4,24.00,微信
ORD107223,2026-06-27,S05,P02,3,90.00,支付宝
ORD108880,2026-07-09,S02,P19,3,45.00,支付宝
ORD107177,2026-06-26,S03,P18,1,18.00,现金
ORD101920,2026-05-16,S03,P08,1,25.00,现金
ORD105114,2026-06-10,S03,P04,2,76.00,会员储值
ORD111922,2026-07-31,S03,P10,1,24.00,现金
ORD109373,2026-07-12,S04,P07,1,22.00,银行卡
ORD107762,2026-07-01,S03,P13,1,20.00,银行卡
ORD104567,2026-06-06,S05,P04,1,38.00,现金
ORD103798,2026-05-31,S04,P04,1,38.00,支付宝
ORD103603,2026-05-30,S01,P15,2,12.00,微信
ORD109427,2026-07-13,S05,P15,1,6.00,支付宝
ORD101614,2026-05-13,S04,P12,2,16.00,现金
ORD109902,2026-07-17,S04,P20,2,44.00,支付宝
ORD105747,2026-06-15,S03,P13,1,20.00,微信
ORD111899,2026-07-30,S02,P07,1,22.00,微信
ORD104199,2026-06-04,S02,P12,4,32.00,银行卡
ORD107581,2026-06-29,S02,P09,3,54.00,支付宝
ORD111315,2026-07-26,S05,P17,3,36.00,会员储值
ORD110311,2026-07-19,S02,P09,2,36.00,现金
ORD105911,2026-06-17,S03,P02,1,30.00,会员储值
ORD105973,2026-06-17,S02,P03,1,26.00,现金
ORD107385,2026-06-28,S05,P02,1,30.00,现金
ORD108645,2026-07-08,S05,P14,2,20.00,微信
ORD111344,2026-07-26,S02,P01,3,,会员储值
ORD101324,2026-05-11,S02,P04,1,38.00,现金
ORD101650,2026-05-14,S05,P08,3,75.00,微信
ORD110871,2026-07-24,S01,P15,3,18.00,支付宝
ORD102553,2026-05-22,S02,P13,1,20.00,微信
ORD106594,2026-06-21,S03,P16,2,10.00,微信
ORD106958,2026-06-24,S02,P01,2,64.00,银行卡
ORD105695,2026-06-15,S02,P16,2,10.00,现金
ORD111594,2026-07-28,S01,P05,1,34.00,支付宝
ORD109856,2026-07-16,S05,P20,1,22.00,会员储值
ORD109454,2026-07-13,S04,P18,1,18.00,微信
ORD104823,2026-06-08,S03,P15,2,12.00,现金
ORD102797,2026-05-23,S02,P16,1,5.00,银行卡
ORD111510,2026-07-27,S05,P04,2,76.00,支付宝
ORD100832,2026-05-07,S01,P08,2,50.00,微信
ORD103875,2026-05-31,S02,P05,2,68.00,银行卡
ORD105939,2026-06-17,S03,P18,1,18.00,现金
ORD101837,2026-05-16,S03,P04,1,38.00,支付宝
ORD106887,2026-06-24,S02,P09,1,18.00,银行卡
ORD105125,2026-06-11,S04,P17,2,24.00,微信
ORD108602,2026-07-07,S02,P15,1,6.00,微信
ORD105558,2026-06-14,S01,P17,1,12.00,会员储值
ORD105129,2026-06-11,S05,P17,1,12.00,微信
ORD111704,2026-07-29,S05,P03,2,52.00,银行卡
ORD109836,2026-07-16,S05,P11,1,26.00,微信
ORD103535,2026-05-29,S02,P13,1,20.00,支付宝
ORD103969,2026-06-01,S01,P03,1,26.00,支付宝
ORD109207,2026-07-12,S02,P01,1,32.00,支付宝
ORD107019,2026-06-25,S04,P19,4,60.00,微信
ORD103042,2026-05-25,S02,P08,1,25.00,现金
ORD110214,2026-07-19,S05,P04,2,76.00,支付宝
ORD107749,2026-07-01,S01,P03,2,52.00,现金
ORD107841,2026-07-02,S05,P02,2,60.00,微信
ORD105286,2026-06-12,S05,P18,2,36.00,支付宝
ORD111544,2026-07-28,S05,P05,2,68.00,会员储值
ORD104397,2026-06-06,S05,P02,2,60.00,现金
ORD106626,2026-06-22,S05,P15,1,6.00,会员储值
ORD109752,2026-07-15,S04,P07,1,22.00,微信
ORD102755,2026-05-23,S05,P09,1,18.00,支付宝
ORD110108,2026-07-18,S03,P05,1,34.00,微信
ORD110352,2026-07-20,S03,P10,1,24.00,银行卡
ORD103553,2026-05-30,S02,P14,1,10.00,会员储值
ORD101999,2026-05-17,S05,P06,1,42.00,会员储值
ORD111879,2026-07-30,S01,P12,2,16.00,现金
ORD102612,2026-05-22,S04,P05,1,34.00,微信
ORD108727,2026-07-08,S02,P17,1,12.00,微信
ORD108269,2026-07-05,S04,P03,1,26.00,微信
ORD100595,2026-05-05,S01,P19,2,30.00,微信
ORD104955,2026-06-09,S04,P15,3,18.00,支付宝
ORD108868,2026-07-09,S02,P20,1,22.00,现金
ORD111023,2026-07-25,S02,P99,3,66.00,支付宝
ORD101522,2026-05-13,S01,P07,2,44.00,会员储值
ORD110622,2026-07-22,S01,P12,2,16.00,支付宝
ORD107061,2026-06-25,S01,P19,2,30.00,支付宝
ORD103432,2026-05-28,S01,P08,1,25.00,会员储值
ORD106320,2026-06-20,S05,P20,2,44.00,银行卡
ORD109775,2026-07-16,S01,P04,2,76.00,银行卡
ORD106804,2026-06-23,S03,P13,1,20.00,会员储值
ORD109276,2026-07-12,S03,P04,1,38.00,现金
ORD104800,2026-06-08,S01,P15,1,6.00,银行卡
ORD106926,2026-06-24,S01,P17,3,36.00,微信
ORD108787,2026-07-09,S03,P06,1,42.00,微信
ORD101624,2026-05-14,S03,P17,2,24.00,会员储值
ORD103031,2026-05-25,S04,P16,1,5.00,会员储值
ORD100907,2026-05-08,S01,P19,1,15.00,支付宝
ORD108714,2026-07-08,S04,P06,2,84.00,会员储值
ORD108444,2026-07-06,S05,P01,2,64.00,现金
ORD110116,2026-07-18,S05,P20,1,22.00,微信
ORD105004,2026-06-09,S03,P07,1,22.00,微信
ORD105361,2026-06-13,S05,P07,2,44.00,支付宝
ORD103924,2026-06-01,S01,P03,1,26.00,支付宝
ORD109644,2026-07-14,S01,P11,3,78.00,微信
ORD111920,2026-07-31,S02,P06,1,42.00,支付宝
ORD110835,2026-07-23,S01,P16,3,15.00,会员储值
ORD106500,2026-06-21,S02,P16,1,5.00,银行卡
ORD111672,2026-07-29,S04,P15,1,6.00,会员储值
ORD102728,2026-05-23,S04,P04,3,114.00,现金
ORD105312,2026-06-12,S04,P01,1,32.00,会员储值
ORD101599,2026-05-13,S03,P09,2,36.00,会员储值
ORD110684,2026-07-22,S02,P10,1,24.00,现金
ORD105561,2026-06-14,S04,P03,2,52.00,现金
ORD104063,2026-06-02,S05,P16,1,5.00,现金
ORD100494,2026-05-04,S01,P14,2,20.00,银行卡
ORD109785,2026-07-16,S04,P13,4,80.00,支付宝
ORD105338,2026-06-12,S04,P07,2,44.00,微信
ORD111180,2026-07-26,S02,P04,1,38.00,现金
ORD111291,2026-07-26,S04,P03,1,26.00,银行卡
ORD107105,2026-06-26,S04,P13,2,40.00,银行卡
ORD100545,2026-05-04,S02,P04,2,76.00,会员储值
ORD106255,2026-06-20,S05,P18,1,18.00,支付宝
ORD105891,2026-06-17,S04,P18,1,18.00,银行卡
ORD111614,2026-07-28,S03,P03,2,52.00,支付宝
ORD110357,2026-07-20,S05,P17,1,12.00,微信
ORD109422,2026-07-13,S01,P18,1,18.00,支付宝
ORD103974,2026-06-01,S03,P20,2,44.00,支付宝
ORD110125,2026-07-18,S04,P20,1,22.00,现金
ORD104186,2026-06-03,S04,P18,1,18.00,会员储值
ORD109710,2026-07-15,S04,P18,2,36.00,支付宝
ORD104413,2026-06-06,S05,P12,2,16.00,会员储值
ORD104719,2026-06-07,S03,P11,2,52.00,微信
ORD107057,2026-06-25,S04,P08,1,25.00,微信
ORD103908,2026-06-01,S03,P09,1,18.00,微信
ORD107413,2026-06-28,S05,P04,3,114.00,会员储值
ORD109189,2026-07-11,S01,P20,-1,22.00,微信
ORD102408,2026-05-20,S03,P06,4,168.00,微信
ORD103755,2026-05-31,S05,P12,2,16.00,支付宝
ORD101228,2026-05-10,S02,P04,2,76.00,现金
ORD101207,2026-05-10,S01,P19,2,30.00,银行卡
ORD111356,2026-07-26,S02,P05,2,68.00,支付宝
ORD111980,2026-07-31,S04,P16,4,20.00,会员储值
ORD100614,2026-05-05,S04,P10,2,48.00,支付宝
ORD109402,2026-07-13,S03,P08,3,75.00,会员储值
ORD109554,2026-07-14,S05,P20,2,44.00,会员储值
ORD106850,2026-06-23,S05,P06,2,84.00,微信
ORD105073,2026-06-10,S02,P11,2,52.00,现金
ORD109985,2026-07-17,S05,P02,2,60.00,微信
ORD101534,2026-05-13,S03,P14,3,30.00,微信
ORD104218,2026-06-04,S05,P17,3,36.00,支付宝
ORD111049,2026-07-25,S02,P20,1,22.00,会员储值
ORD108676,2026-07-08,S03,P09,1,18.00,微信
ORD102675,2026-05-23,S03,P17,1,12.00,会员储值
ORD104368,2026-06-05,S04,P14,2,20.00,支付宝
ORD105183,2026-06-11,S05,P17,1,12.00,银行卡
ORD105378,2026-06-13,S03,P15,2,12.00,支付宝
ORD101717,2026-05-15,S02,P18,1,18.00,支付宝
ORD105079,2026-06-10,S02,P08,2,50.00,现金
ORD111047,2026-07-25,S04,P07,1,22.00,微信
ORD111610,2026-07-28,S05,P12,1,8.00,银行卡
ORD108405,2026-07-06,S01,P04,1,38.00,支付宝
ORD103851,2026-05-31,S03,P17,1,12.00,现金
ORD108375,2026-07-05,S03,P13,1,20.00,会员储值
ORD105255,2026-06-11,S03,P11,2,52.00,银行卡
ORD104633,2026-06-07,S05,P09,3,¥54.00,现金
ORD108827,2026-07-09,S04,P05,4,136.00,银行卡
ORD109641,2026-07-14,S02,P13,1,20.00,现金
ORD105083,2026-06-10,S02,P16,1,5.00,支付宝
ORD100557,2026-05-04,S01,P04,3,114.00,支付宝
ORD108526,2026-07-07,S03,P17,2,24.00,银行卡
ORD109740,2026-07-15,S03,P16,2,10.00,微信
ORD107861,2026-07-02,S02,P02,3,90.00,支付宝
ORD106691,2026-06-22,S05,P18,1,18.00,现金
ORD101134,2026-05-09,S03,P07,1,22.00,微信
ORD105554,2026-06-14,S01,P13,1,20.00,支付宝
ORD102090,2026-05-17,S04,P14,1,10.00,现金
ORD110830,2026-07-23,S03,P04,1,38.00,会员储值
ORD104908,2026/06/09,S01,P03,1,26.00,银行卡
ORD103746,2026-05-31,S01,P14,0,30.00,会员储值
ORD100706,2026-05-06,S01,P18,1,18.00,微信
ORD106324,2026-06-20,S05,P06,1,42.00,支付宝
ORD107047,2026-06-25,S04,P08,2,50.00,微信
ORD102855,2026-05-24,S02,P01,3,96.00,银行卡
ORD103830,2026-05-31,S01,P20,2,44.00,支付宝
ORD101166,2026-05-10,S04,P14,2,20.00,支付宝
ORD103058,2026-05-25,S05,P20,4,88.00,支付宝
ORD102895,2026-05-24,S04,P07,1,22.00,微信
ORD102313,2026-05-19,S05,P17,1,12.00,支付宝
ORD110989,2026-07-25,S02,P09,1,18.00,支付宝
ORD106789,2026-06-23,S05,P10,2,48.00,微信
ORD108094,2026-07-04,S05,P06,1,42.00,支付宝
ORD108588,2026-07-07,S02,P09,1,18.00,微信
ORD107625,2026-06-29,S03,P17,3,36.00,支付宝
ORD101288,2026-05-10,S01,P16,1,5.00,银行卡
ORD101409,2026-05-12,S04,P16,1,5.00,微信
ORD111165,2026-07-25,S03,P08,1,25.00,银行卡
ORD108778,2026-07-09,S05,P03,1,26.00,银行卡
ORD104212,2026-06-04,S05,P14,2,20.00,微信
ORD101982,2026-05-16,S05,P15,2,12.00,支付宝
ORD109790,2026-07-16,S01,P20,2,44.00,微信
ORD109259,2026-07-12,S05,P07,2,44.00,微信
ORD106597,2026-06-21,S01,P04,1,38.00,银行卡
ORD104254,2026-06-04,S05,P07,1,22.00,微信
ORD105669,2026-06-14,S03,P09,1,18.00,微信
ORD103799,2026-05-31,S03,P06,1,42.00,银行卡
ORD103805,2026-05-31,S02,P15,1,6.00,现金
ORD103862,2026-05-31,S05,P10,2,48.00,会员储值
ORD106662,2026-06-22,S05,P04,1,38.00,微信
ORD111061,2026-07-25,S01,P06,3,126.00,会员储值
ORD106936,2026-06-24,S05,P15,1,6.00,会员储值
ORD103248,2026-05-27,S02,P12,3,24.00,现金
ORD102517,2026-05-21,S04,P15,1,6.00,会员储值
ORD111110,2026-07-25,S03,P15,3,18.00,现金
ORD103269,2026-05-27,S03,P17,2,24.00,银行卡
ORD109101,2026-07-11,S03,P14,3,30.00,会员储值
ORD107231,2026-06-27,S01,P01,1,32.00,微信
ORD108057,2026-07-03,S04,P10,1,24.00,会员储值
ORD105173,2026-06-11,S03,P13,3,60.00,支付宝
ORD108747,2026-07-08,S05,P19,3,45.00,现金
ORD106243,2026-06-20,S01,P09,1,18.00,微信
ORD103678,2026-05-30,S01,P10,1,24.00,会员储值
ORD100943,2026-05-08,S02,P14,3,30.00,会员储值
ORD102591,2026-05-22,S02,P20,1,22.00,微信
ORD109438,2026-07-13,S02,P11,2,52.00,支付宝
ORD106921,2026-06-24,S02,P16,2,10.00,微信
ORD111968,2026-07-31,S03,P08,1,25.00,会员储值
ORD106209,2026-06-20,S04,P06,1,42.00,支付宝
ORD106312,2026-06-20,S02,P18,1,18.00,微信
ORD101689,2026-05-14,S03,P08,2,50.00,微信
ORD100641,2026-05-05,S02,P03,1,26.00,会员储值
ORD100827,2026-05-07,S03,P02,1,30.00,银行卡
ORD108799,2026-07-09,S04,P04,1,38.00,微信
ORD110688,2026-07-22,S04,P14,2,20.00,现金
ORD102093,2026-05-17,S03,P06,2,84.00,现金
ORD104321,2026-06-05,S02,P05,1,34.00,现金
ORD101705,2026-05-14,S05,P02,1,30.00,会员储值
ORD109191,2026-07-11,S05,P18,1,18.00,支付宝
ORD106769,2026-06-23,S05,P18,2,36.00,银行卡
ORD106503,2026-06-21,S02,P16,2,10.00,现金
ORD105141,2026-06-11,S02,P10,2,48.00,支付宝
ORD110510,2026-07-21,S04,P14,2,20.00,银行卡
ORD106269,2026-06-20,S04,P18,1,18.00,支付宝
ORD100714,2026-05-06,S03,P04,1,38.00,支付宝
ORD103410,2026-05-28,S05,P01,1,32.00,支付宝
ORD104468,2026-06-06,S02,P02,2,60.00,现金
ORD109633,2026-07-14,S05,P09,1,18.00,会员储值
ORD103699,2026-05-30,S04,P08,3,75.00,现金
ORD104731,2026-06-07,S03,P07,1,22.00,现金
ORD102332,2026-05-20,S05,P16,1,5.00,微信
ORD107892,2026-07-02,S03,P13,2,40.00,银行卡
ORD103051,2026-05-25,S04,P06,1,42.00,会员储值
ORD102483,2026-05-21,S02,P13,2,40.00,银行卡
ORD110128,2026-07-18,S04,P02,3,90.00,银行卡
ORD101376,2026-05-11,S03,P18,1,18.00,会员储值
ORD108577,2026-07-07,S03,P15,1,6.00,会员储值
ORD111066,2026-07-25,S02,P02,1,30.00,现金
ORD100152,2026-05-02,S04,P03,1,26.00,现金
ORD110567,2026-07-21,S03,P17,1,12.00,微信
ORD110802,2026-07-23,S03,P16,2,10.00,支付宝
ORD101448,2026-05-12,S05,P11,2,52.00,会员储值
ORD106854,2026-06-23,S03,P07,3,,银行卡
ORD101417,2026-05-12,S02,P02,2,60.00,会员储值
ORD101511,2026-05-13,S03,P19,2,30.00,会员储值
ORD111531,2026-07-28,S04,P16,1,5.00,微信
ORD105574,2026-06-14,S02,P19,2,30.00,银行卡
ORD108736,2026-07-08,S03,P06,2,84.00,微信
ORD104681,2026-06-07,S01,P18,1,18.00,银行卡
ORD105057,2026-06-10,S02,P09,1,18.00,微信
ORD101468,2026-05-12,S04,P08,1,25.00,银行卡
ORD106705,2026-06-22,S02,P17,1,12.00,支付宝
ORD107832,2026-07-01,S04,P15,1,6.00,会员储值
ORD103359,2026-05-28,S01,P10,2,48.00,银行卡
ORD108206,2026-07-04,S03,P09,1,18.00,银行卡
ORD107676,2026-06-30,S05,P10,1,24.00,现金
ORD101220,2026-05-10,S04,P13,3,60.00,会员储值
ORD111827,2026-07-30,S01,P17,2,24.00,微信
ORD103268,2026-05-27,S04,P15,3,18.00,会员储值
ORD104310,2026-06-05,S05,P14,2,20.00,支付宝
ORD102231,2026-05-18,S01,P15,1,6.00,现金
ORD107922,2026-07-02,S02,P12,1,8.00,银行卡
ORD109202,2026-07-12,S02,P15,1,6.00,会员储值
ORD107192,2026-06-27,S05,P19,3,45.00,会员储值
ORD102886,2026-05-24,S02,P14,1,10.00,会员储值
ORD104229,2026-06-04,S02,P15,1,6.00,现金
ORD101458,2026-05-12,S01,P19,1,15.00,微信
ORD106381,2026-06-20,S04,P10,3,72.00,微信
ORD110378,2026-07-20,S03,P19,2,30.00,银行卡
ORD100257,2026-05-02,S01,P17,2,24.00,现金
ORD100882,2026-05-08,S05,P14,1,10.00,现金
ORD111629,2026-07-29,S03,P16,3,15.00,会员储值
ORD102229,2026-05-18,S02,P20,3,66.00,现金
ORD107752,2026-07-01,S04,P03,1,26.00,会员储值
ORD111744,2026-07-29,S03,P11,1,26.00,银行卡
ORD111102,2026-07-25,S03,P09,3,54.00,微信
ORD100311,2026-05-03,S05,P07,1,22.00,微信
ORD105504,2026-06-13,S03,P17,1,12.00,银行卡
ORD104458,2026-06-06,S01,P12,1,8.00,微信
ORD107705,2026-06-30,S01,P09,1,18.00,微信
ORD106315,2026-06-20,S02,P06,2,84.00,会员储值
ORD106621,2026-06-22,S02,P02,1,30.00,现金
ORD100631,2026-05-05,S04,P15,1,6.00,会员储值
ORD106465,2026-06-21,S04,P12,3,24.00,银行卡
ORD103905,2026-06-01,S02,P08,2,50.00,支付宝
ORD108817,2026-07-09,S03,P07,1,22.00,支付宝
ORD103389,2026-05-28,S03,P02,1,30.00,支付宝
ORD106728,2026-06-22,S03,P10,1,24.00,支付宝
ORD111772,2026-07-30,S02,P13,2,40.00,银行卡
ORD109931,2026-07-17,S02,P20,1,22.00,银行卡
ORD106973,2026-06-24,S01,P19,1,15.00,现金
ORD104012,2026-06-02,S02,P07,3,66.00,支付宝
ORD105171,2026-06-11,S05,P01,1,32.00,会员储值
ORD102764,2026-05-23,S01,P09,1,18.00,会员储值
ORD101835,2026-05-16,S01,P20,4,88.00,微信
ORD110436,2026-07-20,S04,P02,1,30.00,银行卡
ORD110402,2026-07-20,S05,P03,3,78.00,会员储值
ORD102519,2026-05-21,S04,P12,1,8.00,现金
ORD111778,2026-07-30,S05,P20,1,22.00,支付宝
ORD111611,2026-07-28,S05,P06,1,42.00,银行卡
ORD100588,2026-05-05,S03,P12,1,8.00,会员储值
ORD102464,2026-05-21,S05,P02,1,30.00,银行卡
ORD100080,2026-05-01,S01,P12,3,24.00,银行卡
ORD106869,2026-06-24,S05,P19,1,¥15.00,银行卡
ORD105531,2026-06-14,S02,P07,1,22.00,会员储值
ORD110202,2026-07-19,S01,P20,1,22.00,银行卡
ORD104531,2026-06-06,S01,P09,1,18.00,微信
ORD111807,2026-07-30,S01,P03,4,104.00,支付宝
ORD107840,2026-07-02,S04,P20,1,22.00,银行卡
ORD106262,2026-06-20,S01,P05,1,34.00,银行卡
ORD106803,2026-06-23,S03,P10,1,,现金
ORD109747,2026-07-15,S03,P08,3,75.00,微信
ORD101407,2026-05-12,S01,P01,2,64.00,现金
ORD111539,2026-07-28,S03,P12,1,8.00,现金
ORD102533,2026-05-21,S05,P10,3,,会员储值
ORD107237,2026-06-27,S04,P17,1,12.00,银行卡
ORD100925,2026-05-08,S01,P12,1,8.00,微信
ORD111965,2026-07-31,S05,P12,1,8.00,现金
ORD103117,2026-05-26,S03,P04,1,38.00,现金
ORD104587,2026-06-07,S03,P10,1,24.00,银行卡
ORD104027,2026-06-02,S01,P01,1,32.00,现金
ORD101070,2026-05-09,S03,P06,3,126.00,会员储值
ORD104833,2026-06-08,S03,P11,4,104.00,支付宝
ORD102411,2026-05-20,S03,P11,1,26.00,支付宝
ORD103831,2026-05-31,S02,P99,1,38.00,微信
ORD109022,2026-07-10,S01,P15,1,6.00,支付宝
ORD110338,2026-07-19,S05,P16,1,5.00,支付宝
ORD107522,2026-06-29,S05,P01,1,32.00,银行卡
ORD104255,2026-06-04,S05,P19,1,15.00,支付宝
ORD100719,2026-05-06,S03,P13,1,20.00,现金
ORD101672,2026-05-14,S05,P09,2,36.00,微信
ORD100791,2026-05-07,S04,P18,1,18.00,支付宝
ORD106111,2026-06-18,S02,P20,2,44.00,现金
ORD100660,2026-05-06,S05,P16,3,15.00,银行卡
ORD104448,2026-06-06,S05,P15,1,6.00,现金
ORD105038,2026-06-10,S04,P10,2,48.00,现金
ORD100891,2026-05-08,S05,P08,1,25.00,现金
ORD110895,2026-07-24,S03,P10,1,24.00,会员储值
ORD108586,2026-07-07,S01,P04,1,38.00,微信
ORD111576,2026-07-28,S01,P18,1,18.00,支付宝
ORD108201,2026-07-04,S03,P15,1,6.00,会员储值
ORD102734,2026-05-23,S01,P11,1,26.00,银行卡
ORD106969,2026-06-24,S02,P14,1,10.00,现金
ORD101264,2026-05-10,S04,P14,1,10.00,会员储值
ORD108459,2026-07-06,S01,P15,4,24.00,微信
ORD105302,2026-06-12,S03,P14,2,20.00,支付宝
ORD103731,2026-05-31,S01,P15,1,6.00,微信
ORD107578,2026-06-29,S04,P20,2,44.00,微信
ORD104922,2026-06-09,S04,P14,3,30.00,银行卡
ORD103411,2026-05-28,S01,P11,1,26.00,会员储值
ORD110667,2026-07-22,S02,P18,2,36.00,会员储值
ORD103800,2026-05-31,S04,P20,1,22.00,微信
ORD100371,2026-05-03,S01,P11,1,26.00,微信
ORD106702,2026-06-22,S05,P15,2,12.00,支付宝
ORD108659,2026-07-08,S02,P13,3,60.00,支付宝
ORD103071,2026-05-25,S03,P12,2,16.00,微信
ORD111809,2026-07-30,S04,P08,1,25.00,微信
ORD101474,2026-05-12,S05,P01,1,32.00,会员储值
ORD102109,2026-05-17,S03,P17,2,24.00,会员储值
ORD100378,2026-05-03,S04,P05,1,34.00,支付宝
ORD104685,2026-06-07,S05,P05,1,34.00,支付宝
ORD110164,2026-07-18,S03,P12,1,8.00,会员储值
ORD104429,2026-06-06,S02,P09,2,36.00,支付宝
ORD110726,2026-07-22,S01,P01,2,64.00,支付宝
ORD106197,2026-06-19,S02,P13,1,20.00,会员储值
ORD110793,2026-07-23,S02,P05,1,34.00,微信
ORD110853,2026-07-24,S04,P04,1,38.00,银行卡
ORD105390,2026-06-13,S03,P09,2,36.00,银行卡
ORD109155,2026-07-11,S01,P07,1,22.00,会员储值
ORD108396,2026-07-05,S04,P16,2,10.00,现金
ORD104910,2026-06-09,S02,P12,1,8.00,会员储值
ORD110481,2026-07-21,S03,P19,1,15.00,微信
ORD106777,2026-06-23,S05,P10,2,48.00,微信
ORD105318,2026-06-12,S05,P01,1,32.00,支付宝
ORD109502,2026-07-13,S02,P04,1,38.00,现金
ORD111562,2026-07-28,S05,P11,1,26.00,会员储值
ORD103968,2026-06-01,S02,P14,1,10.00,微信
ORD105801,2026-06-16,S01,P17,1,12.00,微信
ORD104742,2026-06-07,S05,P17,2,24.00,微信
ORD108293,2026-07-05,S01,P12,2,16.00,会员储值
ORD101391,2026/05/12,S05,P05,1,34.00,会员储值
ORD111370,2026-07-26,S01,P14,1,10.00,现金
ORD111989,2026-07-31,S02,P04,1,38.00,会员储值
ORD110488,2026-07-21,S02,P15,1,6.00,银行卡
ORD102218,2026-05-18,S03,P08,1,25.00,现金
ORD111388,2026-07-26,S05,P12,2,16.00,支付宝
ORD102809,2026-05-23,S01,P10,1,24.00,支付宝
ORD107016,2026-06-25,S05,P03,4,104.00,会员储值
ORD111736,2026-07-29,S04,P18,1,18.00,微信
ORD111445,2026-07-27,S02,P14,2,20.00,现金
ORD106249,2026-06-20,S05,P09,1,18.00,现金
ORD105130,2026-06-11,S04,P10,2,48.00,支付宝
ORD109506,2026-07-13,S05,P01,1,32.00,银行卡
ORD111467,2026-07-27,S05,P11,2,52.00,现金
ORD111941,2026-07-31,S04,P20,1,22.00,现金
ORD109829,2026-07-16,S01,P18,1,18.00,现金
ORD103896,2026-06-01,S03,P05,2,68.00,现金
ORD101950,2026-05-16,S05,P09,4,72.00,微信
ORD107528,2026-06-29,S04,P07,1,22.00,支付宝
ORD109476,2026-07-13,S02,P04,4,152.00,银行卡
ORD107361,2026-06-28,S01,P19,3,¥45.00,银行卡
ORD110281,2026-07-19,S01,P08,2,50.00,现金
ORD103671,2026-05-30,S04,P07,1,22.00,支付宝
ORD110984,2026-07-24,S03,P07,1,22.00,会员储值
ORD108062,2026-07-03,S02,P11,1,26.00,现金
ORD101039,2026-05-09,S04,P03,1,26.00,微信
ORD102821,2026-05-24,S05,P12,1,8.00,银行卡
ORD100643,2026-05-05,S03,P04,3,114.00,银行卡
ORD100740,2026-05-06,S04,P05,1,34.00,银行卡
ORD106834,2026-06-23,S05,P13,1,20.00,微信
ORD110924,2026-07-24,S01,P15,2,12.00,现金
ORD105348,2026-06-13,S03,P04,1,38.00,微信
ORD100687,2026-05-06,S03,P15,1,6.00,支付宝
ORD101692,2026-05-14,S03,P17,1,12.00,微信
ORD106080,2026-06-18,S04,P17,2,24.00,微信
ORD102865,2026-05-24,S02,P11,2,52.00,现金
ORD106431,2026-06-21,S03,P05,2,68.00,会员储值
ORD106855,2026-06-23,S02,P15,4,24.00,会员储值
ORD103222,2026-05-27,S05,P17,1,12.00,现金
ORD101602,2026-05-13,S01,P08,3,75.00,现金
ORD103767,2026-05-31,S01,P11,1,26.00,现金
ORD111235,2026-07-26,S03,P16,4,20.00,现金
ORD107478,2026-06-28,S03,P09,1,18.00,现金
ORD105076,10-06-2026,S02,P11,2,52.00,现金
ORD103401,2026-05-28,S02,P10,1,24.00,支付宝
ORD107786,2026-07-01,S02,P07,1,22.00,支付宝
ORD101035,2026-05-09,S04,P04,1,38.00,会员储值
ORD105923,2026-06-17,S02,P11,3,78.00,微信
ORD102842,2026-05-24,S03,P04,1,38.00,现金
ORD100001,2026-05-01,S01,P20,1,22.00,微信
ORD106340,2026-06-20,S02,P02,2,,会员储值
ORD103616,2026-05-30,S01,P04,1,38.00,银行卡
ORD107293,2026-06-27,S04,P02,1,30.00,现金
ORD110462,2026-07-21,S01,P04,1,38.00,支付宝
ORD109306,2026-07-12,S02,P07,2,44.00,支付宝
ORD104650,2026-06-07,S05,P01,2,64.00,现金
ORD101114,2026-05-09,S02,P11,4,104.00,支付宝
ORD103360,2026-05-28,S04,P19,1,15.00,会员储值
ORD107122,2026-06-26,S04,P16,1,5.00,现金
ORD105492,2026-06-13,S05,P01,3,96.00,支付宝
ORD108756,2026-07-08,S01,P07,4,88.00,现金
ORD109570,2026-07-14,S02,P20,3,66.00,支付宝
ORD104483,2026-06-06,S04,P08,1,25.00,微信
ORD101238,2026-05-10,S05,P12,3,24.00,现金
ORD107036,2026-06-25,S03,P04,4,152.00,银行卡
ORD100331,2026-05-03,S01,P09,1,18.00,微信
ORD111785,2026-07-30,S03,P09,2,36.00,微信
ORD101865,2026-05-16,S05,P11,1,26.00,现金
ORD102534,2026-05-21,S05,P14,2,20.00,银行卡
ORD103449,2026-05-28,S03,P05,3,102.00,会员储值
ORD110020,2026-07-18,S02,P02,1,30.00,微信
ORD104766,2026-06-07,S05,P13,2,40.00,微信
ORD111555,2026-07-28,S05,P12,2,16.00,现金
ORD105581,2026-06-14,S04,P09,2,36.00,会员储值
ORD107549,2026-06-29,S03,P02,1,30.00,会员储值
ORD111906,2026-07-31,S01,P11,2,52.00,会员储值
ORD105585,2026-06-14,S03,P12,1,8.00,微信
ORD110595,2026-07-21,S04,P03,1,26.00,银行卡
ORD101816,2026-05-15,S03,P15,2,12.00,微信
ORD107196,2026-06-27,S05,P10,1,24.00,会员储值
ORD111293,2026-07-26,S05,P08,4,100.00,现金
ORD104482,2026-06-06,S03,P05,2,68.00,银行卡
ORD111866,2026-07-30,S04,P11,1,26.00,银行卡
ORD109837,2026-07-16,S04,P03,1,26.00,银行卡
ORD100517,2026-05-04,S01,P09,2,36.00,会员储值
ORD110515,2026-07-21,S01,P06,2,84.00,微信
ORD107479,2026-06-28,S04,P02,3,90.00,支付宝
ORD102951,2026-05-24,S01,P03,2,52.00,现金
ORD110886,2026-07-24,S05,P20,1,22.00,会员储值
ORD109807,2026-07-16,S01,P17,2,24.00,支付宝
ORD107317,2026-06-27,S03,P04,2,76.00,现金
ORD104501,2026-06-06,S03,P19,1,15.00,会员储值
ORD106119,2026-06-19,S04,P09,2,36.00,银行卡
ORD111150,2026-07-25,S04,P20,1,22.00,银行卡
ORD102513,2026-05-21,S05,P05,1,34.00,微信
ORD107953,2026-07-02,S03,P14,1,10.00,现金
ORD106432,2026-06-21,S04,P01,1,32.00,微信
ORD109960,2026-07-17,S03,P09,1,18.00,会员储值
ORD107381,2026-06-28,S05,P12,1,8.00,支付宝
ORD110545,2026-07-21,S02,P16,2,10.00,支付宝
ORD104893,2026-06-08,S03,P05,2,68.00,支付宝
ORD101294,2026-05-10,S05,P17,1,12.00,现金
ORD105190,2026-06-11,S03,P16,1,5.00,微信
ORD106248,2026-06-20,S04,P19,1,15.00,微信
ORD108994,2026-07-10,S03,P20,1,22.00,银行卡
ORD109553,2026-07-14,S02,P15,1,6.00,会员储值
ORD106370,2026-06-20,S01,P09,2,36.00,微信
ORD107429,2026-06-28,S05,P03,3,78.00,支付宝
ORD105633,2026-06-14,S03,P15,2,12.00,微信
ORD103923,2026-06-01,S05,P20,2,44.00,会员储值
ORD110919,2026-07-24,S01,P01,1,32.00,现金
ORD102785,2026-05-23,S03,P14,1,10.00,会员储值
ORD102516,2026-05-21,S05,P08,1,25.00,现金
ORD101641,2026-05-14,S03,P08,3,75.00,现金
ORD106132,2026-06-19,S01,P10,1,24.00,现金
ORD108480,2026-07-06,S04,P19,2,30.00,微信
ORD105599,2026-06-14,S01,P13,2,40.00,支付宝
ORD103327,2026-05-27,S02,P08,2,50.00,微信
ORD106459,2026-06-21,S04,P08,1,25.00,银行卡
ORD102772,2026-05-23,S03,P12,1,8.00,会员储值
ORD105040,2026-06-10,S01,P09,1,18.00,微信
ORD108089,2026-07-03,S01,P09,1,18.00,现金
ORD107638,2026-06-30,S04,P08,1,25.00,银行卡
ORD109252,2026-07-12,S01,P05,1,34.00,会员储值
ORD102876,2026-05-24,S02,P06,4,168.00,支付宝
ORD102708,2026-05-23,S01,P03,4,104.00,支付宝
ORD109723,2026-07-15,S01,P08,3,75.00,微信
ORD101485,2026-05-12,S04,P19,1,15.00,会员储值
ORD110604,2026-07-21,S05,P01,2,64.00,现金
ORD105415,2026-06-13,S05,P11,1,26.00,银行卡
ORD106078,2026-06-18,S05,P10,1,24.00,微信
ORD108529,2026-07-07,S03,P16,2,10.00,银行卡
ORD111395,2026-07-26,S05,P03,4,104.00,会员储值
ORD100195,2026-05-02,S05,P13,2,40.00,银行卡
ORD101639,2026-05-14,S04,P01,1,32.00,微信
ORD105789,2026-06-16,S05,P19,2,30.00,微信
ORD100332,2026-05-03,S04,P02,1,30.00,会员储值
ORD103373,2026-05-28,S04,P02,1,30.00,银行卡
ORD107219,2026-06-27,S05,P10,1,24.00,现金
ORD105397,2026-06-13,S02,P14,1,¥10.00,现金
ORD102805,2026-05-23,S01,P13,1,20.00,微信
ORD106083,2026-06-18,S03,P15,1,6.00,现金
ORD107969,2026-07-02,S01,P15,1,6.00,支付宝
ORD100662,2026-05-06,S05,P06,3,126.00,微信
ORD100382,2026-05-03,S03,P07,1,22.00,银行卡
ORD108615,2026-07-07,S01,P15,1,6.00,微信
ORD106724,2026-06-22,S04,P11,1,26.00,会员储值
ORD110092,2026-07-18,S04,P17,2,24.00,支付宝
ORD102041,2026-05-17,S05,P17,1,12.00,支付宝
ORD106719,2026-06-22,S02,P05,3,102.00,微信
ORD108541,2026-07-07,S05,P01,2,64.00,微信
ORD105094,2026-06-10,S05,P11,1,,银行卡
ORD109576,2026-07-14,S02,P20,2,44.00,现金
ORD105776,2026-06-15,S02,P05,2,68.00,银行卡
ORD101849,2026-05-16,S03,P01,1,32.00,会员储值
ORD107487,2026-06-28,S05,P04,1,38.00,现金
ORD104591,2026-06-07,S05,P17,1,12.00,现金
ORD106433,2026-06-21,S04,P20,3,66.00,银行卡
ORD108075,2026-07-03,S02,P14,1,10.00,现金
ORD111894,2026-07-30,S04,P14,1,10.00,支付宝
ORD111664,2026-07-29,S02,P01,4,128.00,现金
ORD102866,2026-05-24,S01,P06,-1,42.00,微信
ORD108315,2026-07-05,S02,P09,1,18.00,银行卡
ORD107416,2026-06-28,S02,P20,4,88.00,现金
ORD104565,2026-06-06,S02,P14,2,20.00,现金
ORD100454,2026-05-04,S01,P13,1,20.00,会员储值
ORD106608,2026-06-21,S02,P15,2,12.00,会员储值
ORD110250,2026-07-19,S04,P17,1,12.00,会员储值
ORD106419,2026-06-21,S05,P04,2,76.00,现金
ORD109391,2026-07-12,S02,P09,4,72.00,微信
ORD102086,2026-05-17,S01,P10,1,24.00,支付宝
ORD101251,2026-05-10,S05,P01,1,32.00,会员储值
ORD101983,2026-05-16,S04,P05,3,102.00,支付宝
ORD111758,2026-07-29,S02,P13,2,40.00,银行卡
ORD104196,2026-06-03,S01,P07,1,22.00,银行卡
ORD101133,2026-05-09,S04,P06,2,84.00,支付宝
ORD111973,2026-07-31,S04,P06,2,84.00,银行卡
ORD100948,2026-05-08,S03,P20,1,22.00,银行卡
ORD111382,2026-07-26,S04,P13,1,20.00,微信
ORD109811,2026-07-16,S03,P05,1,34.00,微信
ORD101679,2026-05-14,S03,P02,1,30.00,支付宝
ORD105112,2026-06-10,S05,P16,3,15.00,支付宝
ORD105482,2026-06-13,S03,P06,2,84.00,银行卡
ORD110117,2026-07-18,S02,P09,2,36.00,支付宝
ORD102514,2026-05-21,S04,P17,1,12.00,会员储值
ORD106858,2026-06-23,S05,P06,1,42.00,会员储值
ORD111788,2026-07-30,S01,P04,3,114.00,现金
ORD109764,2026-07-16,S01,P13,1,20.00,支付宝
ORD109973,2026-07-17,S03,P04,1,38.00,会员储值
ORD107119,2026-06-26,S04,P10,2,48.00,现金
ORD100867,2026-05-08,S04,P20,1,22.00,会员储值
ORD110024,2026-07-18,S01,P03,2,52.00,支付宝
ORD103055,2026-05-25,S02,P16,1,5.00,支付宝
ORD103536,2026-05-29,S05,P15,1,6.00,银行卡
ORD106868,2026-06-24,S02,P11,3,78.00,支付宝
ORD100025,2026-05-01,S02,P11,2,52.00,会员储值
ORD103541,2026-05-29,S01,P17,3,36.00,微信
ORD106607,2026-06-21,S04,P08,1,25.00,现金
ORD104492,2026-06-06,S01,P06,1,42.00,现金
ORD109263,2026-07-12,S01,P07,1,22.00,银行卡
ORD100288,2026-05-03,S05,P15,4,24.00,银行卡
ORD108120,2026-07-04,S02,P17,1,12.00,银行卡
ORD100265,2026-05-02,S02,P01,1,32.00,银行卡
ORD103453,2026-05-28,S03,P08,1,25.00,现金
ORD106581,2026-06-21,S01,P13,2,40.00,银行卡
ORD110581,2026-07-21,S02,P13,1,20.00,银行卡
ORD108576,2026-07-07,S02,P14,1,10.00,支付宝
ORD106011,2026-06-18,S01,P05,1,34.00,银行卡
ORD108919,2026-07-10,S05,P19,1,15.00,银行卡
ORD101006,2026-05-09,S03,P15,1,6.00,支付宝
ORD102016,2026-05-17,S05,P14,1,10.00,银行卡
ORD107498,2026-06-29,S01,P01,1,32.00,现金
ORD104316,2026-06-05,S03,P10,3,72.00,微信
ORD106429,2026-06-21,S01,P03,2,52.00,支付宝
ORD102557,2026-05-22,S04,P10,1,24.00,现金
ORD105360,2026-06-13,S05,P02,2,,现金
ORD100874,2026-05-08,S01,P08,4,100.00,微信
ORD106107,2026-06-18,S04,P16,2,,银行卡
ORD100927,2026-05-08,S04,P01,2,64.00,现金
ORD110851,2026-07-24,S03,P13,4,80.00,现金
ORD101308,2026-05-11,S02,P18,1,18.00,微信
ORD101023,2026/05/09,S01,P01,1,32.00,现金
ORD104603,2026-06-07,S02,P03,3,78.00,微信
ORD104760,2026-06-07,S02,P17,3,36.00,银行卡
ORD108260,2026-07-05,S04,P01,1,32.00,支付宝
ORD111316,2026-07-26,S02,P04,1,38.00,会员储值
ORD100783,2026-05-07,S01,P01,3,96.00,微信
ORD111443,2026-07-27,S01,P13,1,20.00,会员储值
ORD110216,2026-07-19,S03,P02,1,30.00,会员储值
ORD110608,2026-07-21,S02,P03,2,52.00,现金
ORD106723,2026-06-22,S04,P06,4,168.00,支付宝
ORD100057,2026-05-01,S03,P04,1,38.00,现金
ORD109213,2026-07-12,S05,P10,1,24.00,银行卡
ORD101480,2026-05-12,S02,P07,1,22.00,微信
ORD105403,2026-06-13,S04,P16,1,5.00,微信
ORD100533,2026-05-04,S02,P19,1,15.00,现金
ORD106981,2026-06-25,S05,P12,1,8.00,微信
ORD100495,2026-05-04,S03,P14,1,10.00,微信
ORD108150,2026-07-04,S02,P19,2,30.00,银行卡
ORD104294,2026-06-05,S03,P18,1,18.00,微信
ORD103171,2026-05-26,S01,P13,2,40.00,现金
ORD105887,2026-06-16,S05,P03,2,52.00,支付宝
ORD111085,2026-07-25,S03,P08,1,25.00,微信
ORD110082,2026-07-18,S05,P19,2,30.00,银行卡
ORD110506,2026-07-21,S04,P10,1,24.00,现金
ORD110554,2026-07-21,S05,P18,1,18.00,银行卡
ORD100058,2026-05-01,S02,P07,1,22.00,现金
ORD104322,2026-06-05,S04,P14,1,10.00,会员储值
ORD102803,2026-05-23,S01,P20,1,22.00,会员储值
ORD104648,2026-06-07,S03,P10,4,96.00,银行卡
ORD103549,2026-05-29,S01,P02,1,30.00,支付宝
ORD100255,2026-05-02,S05,P03,1,26.00,银行卡
ORD104346,2026-06-05,S02,P19,2,30.00,现金
ORD111473,2026-07-27,S03,P03,2,52.00,银行卡
ORD107034,2026-06-25,S04,P07,2,44.00,银行卡
ORD104610,2026-06-07,S02,P14,2,20.00,微信
ORD104293,2026-06-05,S02,P14,1,10.00,现金
ORD101520,2026-05-13,S01,P09,1,18.00,现金
ORD110673,2026-07-22,S05,P04,1,38.00,现金
ORD106309,2026-06-20,S03,P15,1,6.00,微信
ORD108114,2026-07-04,S01,P05,3,102.00,会员储值
ORD104960,2026-06-09,S01,P16,1,5.00,支付宝
ORD104631,2026-06-07,S04,P19,2,30.00,支付宝
ORD109315,2026-07-12,S03,P03,1,26.00,现金
ORD107246,2026-06-27,S03,P20,1,22.00,微信
ORD111376,2026-07-26,S05,P17,1,12.00,支付宝
ORD106791,2026-06-23,S03,P01,4,128.00,现金
ORD110651,2026-07-22,S01,P19,4,60.00,会员储值
ORD102151,2026-05-18,S01,P17,2,24.00,微信
ORD109664,2026-07-15,S05,P06,1,42.00,支付宝
ORD106838,2026-06-23,S02,P06,1,42.00,会员储值
ORD110645,2026-07-22,S04,P15,1,6.00,会员储值
ORD104301,2026-06-05,S03,P14,1,10.00,微信
ORD102932,2026-05-24,S05,P11,3,78.00,会员储值
ORD107265,2026-06-27,S04,P17,2,24.00,支付宝
ORD106496,2026-06-21,S03,P10,1,24.00,银行卡
ORD106907,2026-06-24,S03,P01,1,32.00,现金
ORD107038,2026-06-25,S04,P20,3,66.00,会员储值
ORD109883,2026-07-17,S05,P02,2,60.00,支付宝
ORD111591,2026-07-28,S05,P17,1,12.00,支付宝
ORD103137,2026-05-26,S01,P06,1,42.00,现金
ORD110649,2026-07-22,S04,P07,2,44.00,微信
ORD106966,2026-06-24,S03,P08,1,25.00,现金
ORD106290,2026-06-20,S02,P07,1,22.00,会员储值
ORD111038,2026-07-25,S05,P07,2,44.00,银行卡
ORD106945,2026-06-24,S01,P15,1,6.00,支付宝
ORD105207,2026-06-11,S03,P15,1,6.00,微信
ORD107201,2026-06-27,S04,P15,1,6.00,支付宝
ORD110674,2026-07-22,S04,P04,2,76.00,银行卡
ORD109564,2026-07-14,S05,P05,1,34.00,银行卡
ORD100507,2026-05-04,S01,P16,2,10.00,现金
ORD110382,2026-07-20,S02,P17,2,24.00,现金
ORD106004,2026-06-17,S04,P19,2,30.00,微信
ORD106760,2026-06-23,S03,P09,3,54.00,微信
ORD110102,2026-07-18,S05,P12,3,24.00,银行卡
ORD105008,2026-06-09,S01,P14,2,20.00,会员储值
ORD101954,2026-05-16,S05,P14,1,10.00,支付宝
ORD101777,2026-05-15,S01,P06,2,84.00,会员储值
ORD104857,2026-06-08,S04,P09,1,18.00,银行卡
ORD107473,2026-06-28,S04,P11,1,26.00,银行卡
ORD103837,2026-05-31,S01,P04,1,38.00,现金
ORD109230,2026-07-12,S03,P18,4,72.00,支付宝
ORD106028,2026-06-18,S04,P18,1,18.00,支付宝
ORD110849,2026-07-24,S01,P12,2,16.00,支付宝
ORD103085,2026-05-25,S03,P14,1,10.00,支付宝
ORD109171,2026-07-11,S04,P05,1,34.00,会员储值
ORD111950,2026-07-31,S04,P15,2,12.00,支付宝
ORD107329,2026-06-27,S04,P17,1,,支付宝
ORD105557,2026-06-14,S04,P03,1,26.00,银行卡
ORD105890,2026-06-17,S05,P02,2,60.00,支付宝
ORD110576,2026-07-21,S04,P09,1,18.00,微信
ORD104043,2026-06-02,S02,P11,1,26.00,支付宝
ORD105371,2026-06-13,S01,P07,2,44.00,现金
ORD106405,2026-06-20,S05,P01,1,32.00,微信
ORD111419,2026-07-27,S03,P07,1,22.00,会员储值
ORD103813,2026-05-31,S02,P19,1,15.00,支付宝
ORD106450,21-06-2026,S01,P13,1,,微信
ORD103164,2026-05-26,S01,P03,2,52.00,微信
ORD111693,2026-07-29,S01,P14,2,20.00,银行卡
ORD103807,2026-05-31,S03,P15,2,12.00,会员储值
ORD103666,2026-05-30,S05,P09,3,54.00,微信
ORD102157,2026-05-18,S04,P01,3,96.00,微信
ORD107566,2026-06-29,S02,P11,1,26.00,银行卡
ORD109193,2026-07-11,S02,P16,3,15.00,会员储值
ORD102521,2026-05-21,S04,P11,4,104.00,会员储值
ORD111680,2026-07-29,S04,P06,1,42.00,会员储值
ORD110823,2026-07-23,S03,P12,2,16.00,现金
ORD107694,2026-06-30,S01,P11,3,78.00,微信
ORD111637,2026-07-29,S05,P18,1,18.00,会员储值
ORD111022,2026-07-25,S03,P06,1,42.00,支付宝
ORD104737,2026-06-07,S02,P06,1,42.00,支付宝
ORD107226,2026-06-27,S03,P17,3,36.00,支付宝
ORD100349,2026-05-03,S05,P10,1,24.00,现金
ORD103336,2026-05-27,S04,P17,1,12.00,支付宝
ORD112037,2026-07-31,S01,P11,3,78.00,支付宝
ORD105865,2026-06-16,S01,P03,1,26.00,现金
ORD107619,2026-06-29,S02,P15,2,12.00,会员储值
ORD109236,2026-07-12,S01,P11,2,52.00,银行卡
ORD106199,2026-06-19,S02,P06,2,84.00,微信
ORD107167,2026-06-26,S05,P02,2,60.00,银行卡
ORD101662,2026-05-14,S04,P07,2,44.00,会员储值
ORD111460,2026-07-27,S03,P06,2,84.00,支付宝
ORD110022,2026-07-18,S02,P16,2,10.00,支付宝
ORD104795,2026-06-07,S02,P09,3,54.00,会员储值
ORD104634,2026-06-07,S01,P07,1,22.00,支付宝
ORD105896,2026-06-17,S04,P07,1,22.00,微信
ORD103713,2026-05-30,S04,P02,1,30.00,现金
ORD109082,2026-07-11,S01,P18,1,18.00,支付宝
ORD111420,2026-07-27,S99,P15,2,12.00,微信
ORD100704,2026-05-06,S02,P02,1,30.00,支付宝
ORD110556,2026-07-21,S03,P12,1,8.00,现金
ORD102613,2026-05-22,S04,P20,2,44.00,支付宝
ORD100658,2026-05-05,S02,P11,1,26.00,会员储值
ORD108492,2026-07-06,S02,P01,1,32.00,现金
ORD109360,2026-07-12,S04,P13,1,20.00,银行卡
ORD106488,2026-06-21,S01,P05,1,34.00,会员储值
ORD101347,2026-05-11,S01,P16,1,5.00,会员储值
ORD109015,2026-07-10,S01,P09,2,36.00,支付宝
ORD110375,2026-07-20,S01,P03,1,26.00,现金
ORD109621,2026-07-14,S03,P02,2,60.00,会员储值
ORD110248,2026-07-19,S01,P17,2,24.00,支付宝
ORD100357,2026-05-03,S05,P10,4,96.00,支付宝
ORD102045,2026-05-17,S01,P20,3,66.00,银行卡
ORD106348,2026-06-20,S04,P01,3,96.00,支付宝
ORD108357,2026-07-05,S04,P02,4,120.00,现金
ORD106574,2026-06-21,S01,P12,3,24.00,微信
ORD108732,2026-07-08,S04,P15,1,6.00,会员储值
ORD105943,2026-06-17,S01,P03,2,52.00,微信
ORD110737,2026-07-22,S02,P04,2,76.00,会员储值
ORD101067,2026-05-09,S01,P14,1,10.00,银行卡
ORD100552,2026-05-04,S03,P20,1,22.00,会员储值
ORD111202,2026-07-26,S03,P07,3,66.00,微信
ORD100452,2026-05-03,S05,P10,2,48.00,微信
ORD108834,2026-07-09,S03,P17,1,12.00,微信
ORD106215,2026-06-20,S02,P01,2,64.00,微信
ORD105974,2026-06-17,S05,P05,1,34.00,微信
ORD104177,2026-06-03,S01,P19,-1,15.00,会员储值
ORD106439,2026-06-21,S04,P06,1,42.00,微信
ORD102802,2026-05-23,S03,P11,1,26.00,微信
ORD102815,2026-05-24,S02,P05,2,68.00,会员储值
ORD104040,2026-06-02,S03,P06,1,42.00,支付宝
ORD105092,2026-06-10,S02,P11,1,26.00,微信
ORD103345,2026-05-27,S01,P15,2,12.00,银行卡
ORD108250,2026-07-04,S04,P19,3,45.00,支付宝
ORD111907,2026-07-31,S05,P17,1,12.00,支付宝
ORD105756,2026-06-15,S04,P08,1,25.00,会员储值
ORD103825,2026-05-31,S02,P14,1,10.00,银行卡
ORD101532,2026-05-13,S05,P20,3,66.00,会员储值
ORD100407,2026-05-03,S03,P13,1,20.00,会员储值
ORD100438,2026-05-03,S02,P18,1,18.00,银行卡
ORD106979,2026-06-25,S01,P04,1,38.00,会员储值
ORD100864,2026-05-07,S04,P08,1,25.00,会员储值
ORD109827,2026-07-16,S04,P10,1,,银行卡
ORD112010,2026-07-31,S02,P12,1,8.00,微信
ORD100157,2026-05-02,S03,P11,2,52.00,会员储值
ORD109761,2026-07-16,S04,P13,1,20.00,银行卡
ORD106890,2026-06-24,S03,P11,1,26.00,现金
ORD101767,2026-05-15,S02,P06,1,42.00,微信
ORD104327,05-06-2026,S04,P02,1,30.00,银行卡
ORD110296,2026-07-19,S02,P10,1,24.00,微信
ORD110293,2026-07-19,S03,P12,1,8.00,支付宝
ORD110528,2026-07-21,S04,P12,1,8.00,会员储值
ORD105576,2026-06-14,S01,P15,1,6.00,现金
ORD109915,2026-07-17,S02,P18,1,18.00,会员储值
ORD107444,2026-06-28,S05,P11,2,52.00,微信
ORD107624,2026-06-29,S04,P20,1,22.00,会员储值
ORD103197,2026-05-26,S05,P06,1,42.00,微信
ORD104835,2026-06-08,S05,P12,1,8.00,支付宝
ORD109499,2026-07-13,S03,P18,1,18.00,银行卡
ORD111600,2026-07-28,S05,P03,1,26.00,微信
ORD103105,2026-05-25,S04,P16,2,10.00,支付宝
ORD111986,2026-07-31,S04,P07,3,66.00,现金
ORD103392,2026-05-28,S03,P06,4,168.00,银行卡
ORD110644,2026-07-22,S05,P01,3,96.00,银行卡
ORD111137,2026-07-25,S04,P12,1,8.00,支付宝
ORD107180,2026-06-26,S03,P16,3,15.00,会员储值
ORD111940,2026-07-31,S02,P07,1,22.00,微信
ORD108178,2026-07-04,S04,P12,2,16.00,微信
ORD104380,2026-06-06,S05,P18,2,36.00,支付宝
ORD104146,2026-06-03,S01,P19,3,45.00,会员储值
ORD109014,2026-07-10,S02,P01,2,64.00,银行卡
ORD102666,2026-05-23,S05,P13,3,60.00,支付宝
ORD102258,2026-05-19,S04,P10,1,24.00,支付宝
ORD100905,2026-05-08,S02,P12,4,32.00,银行卡
ORD111358,2026-07-26,S04,P15,1,6.00,银行卡
ORD110343,2026-07-19,S03,P10,2,48.00,会员储值
ORD105684,2026-06-15,S02,P20,1,22.00,微信
ORD110920,2026-07-24,S02,P04,1,38.00,微信
ORD103739,2026-05-31,S04,P11,1,26.00,现金
ORD103131,2026-05-26,S02,P11,2,52.00,微信
ORD111251,2026-07-26,S05,P09,1,18.00,会员储值
ORD102661,2026-05-23,S03,P11,3,78.00,现金
ORD100148,2026-05-02,S05,P11,2,52.00,支付宝
ORD104794,2026-06-07,S05,P05,1,34.00,现金
ORD103543,2026-05-29,S03,P12,1,8.00,银行卡
ORD106841,2026-06-23,S04,P17,1,12.00,银行卡
ORD108427,2026-07-06,S03,P08,2,50.00,会员储值
ORD104975,2026-06-09,S01,P11,2,52.00,微信
ORD111495,2026-07-27,S05,P17,2,24.00,会员储值
ORD111971,2026-07-31,S04,P20,2,44.00,现金
ORD111741,2026-07-29,S04,P05,1,34.00,银行卡
ORD110219,2026-07-19,S01,P17,2,24.00,支付宝
ORD107365,2026-06-28,S01,P13,2,40.00,现金
ORD108908,2026-07-10,S01,P05,1,34.00,会员储值
ORD110355,2026-07-20,S03,P06,3,126.00,银行卡
ORD107571,2026-06-29,S01,P09,3,54.00,微信
ORD100938,2026-05-08,S03,P19,1,15.00,支付宝
ORD106020,2026-06-18,S04,P14,1,10.00,会员储值
ORD101081,2026-05-09,S05,P15,1,6.00,支付宝
ORD102063,2026-05-17,S02,P14,3,30.00,银行卡
ORD109029,2026-07-10,S05,P08,4,100.00,微信
ORD106631,2026-06-22,S02,P17,1,12.00,银行卡
ORD105630,2026-06-14,S03,P02,1,30.00,银行卡
ORD104502,2026-06-06,S01,P11,2,52.00,支付宝
ORD111339,2026-07-26,S02,P19,2,30.00,支付宝
ORD101911,2026-05-16,S05,P05,3,102.00,银行卡
ORD101600,2026-05-13,S01,P15,3,18.00,银行卡
ORD110327,2026-07-19,S02,P06,1,42.00,会员储值
ORD104128,2026-06-03,S03,P02,2,60.00,会员储值
ORD105202,2026-06-11,S04,P12,3,24.00,现金
ORD104889,2026-06-08,S02,P07,1,22.00,会员储值
ORD106867,2026-06-24,S01,P19,4,60.00,银行卡
ORD101955,2026-05-16,S05,P07,2,44.00,现金
ORD101007,2026-05-09,S03,P13,1,20.00,现金
ORD100450,2026-05-03,S04,P09,1,18.00,银行卡
ORD105731,2026-06-15,S03,P17,1,12.00,会员储值
ORD103443,2026-05-28,S05,P04,1,38.00,现金
ORD109038,2026-07-10,S04,P16,3,15.00,微信
ORD100699,2026/05/06,S04,P09,1,18.00,支付宝
ORD104939,2026-06-09,S05,P15,1,6.00,银行卡
ORD106189,2026-06-19,S01,P19,1,15.00,会员储值
ORD106569,2026-06-21,S02,P13,4,80.00,会员储值
ORD102340,2026-05-20,S01,P19,1,15.00,银行卡
ORD101058,2026-05-09,S03,P01,2,64.00,支付宝
ORD106933,2026-06-24,S03,P10,4,96.00,银行卡
ORD108124,2026-07-04,S02,P06,1,42.00,会员储值
ORD108007,2026-07-03,S03,P16,1,5.00,微信
ORD107663,2026-06-30,S01,P10,2,48.00,银行卡
ORD101383,2026-05-11,S03,P15,1,6.00,银行卡
ORD104456,2026-06-06,S01,P16,2,10.00,支付宝
ORD104243,2026-06-04,S01,P12,1,8.00,现金
ORD111252,2026-07-26,S02,P04,1,¥38.00,现金
ORD103271,2026-05-27,S02,P14,2,20.00,银行卡
ORD107533,2026-06-29,S03,P19,1,15.00,会员储值
ORD109121,2026-07-11,S02,P13,1,20.00,现金
ORD104454,2026-06-06,S02,P19,1,15.00,支付宝
ORD106588,2026-06-21,S03,P18,1,18.00,微信
ORD108745,2026-07-08,S05,P08,3,75.00,支付宝
ORD107081,2026-06-26,S05,P11,4,104.00,微信
ORD106485,2026-06-21,S01,P07,2,44.00,银行卡
ORD105072,2026-06-10,S02,P09,2,36.00,银行卡
ORD107704,2026-06-30,S02,P06,1,42.00,现金
ORD108327,2026-07-05,S05,P03,1,26.00,支付宝
ORD107992,2026-07-03,S01,P04,2,76.00,会员储值
ORD102171,2026-05-18,S04,P09,1,18.00,银行卡
ORD110494,2026-07-21,S01,P19,1,-15.00,现金
ORD108945,2026-07-10,S02,P07,1,22.00,支付宝
ORD100914,2026-05-08,S02,P12,2,16.00,银行卡
ORD108364,2026-07-05,S04,P13,1,20.00,支付宝
ORD102033,2026-05-17,S03,P11,2,52.00,支付宝
ORD111923,2026-07-31,S03,P17,1,12.00,支付宝
ORD100205,2026-05-02,S01,P09,2,36.00,现金
ORD106914,2026-06-24,S03,P04,1,38.00,微信
ORD104845,2026-06-08,S04,P11,1,26.00,微信
ORD106930,2026-06-24,S02,P20,1,22.00,现金
ORD100233,2026-05-02,S02,P12,1,8.00,支付宝
ORD109831,2026-07-16,S02,P06,1,42.00,现金
ORD108814,2026-07-09,S05,P18,1,18.00,现金
ORD101325,2026-05-11,S01,P10,2,48.00,银行卡
ORD112020,2026-07-31,S05,P10,2,48.00,会员储值
ORD100479,2026-05-04,S01,P16,3,15.00,银行卡
ORD100811,2026-05-07,S01,P10,3,72.00,现金
ORD106182,2026-06-19,S03,P16,2,10.00,会员储值
ORD105683,2026-06-15,S05,P18,1,18.00,现金
ORD102757,2026-05-23,S02,P18,1,18.00,现金
ORD101541,2026-05-13,S04,P14,1,10.00,会员储值
ORD104404,2026-06-06,S03,P10,2,48.00,微信
ORD110612,2026-07-22,S01,P09,2,36.00,微信
ORD107146,2026-06-26,S05,P16,1,5.00,现金
ORD105058,2026-06-10,S05,P04,3,114.00,微信
ORD111575,2026-07-28,S03,P14,1,10.00,微信
ORD101184,2026-05-10,S01,P01,2,64.00,银行卡
ORD106390,2026-06-20,S02,P20,1,¥22.00,银行卡
ORD102880,2026-05-24,S03,P11,1,26.00,支付宝
ORD106683,2026-06-22,S03,P05,1,34.00,银行卡
ORD102008,2026-05-17,S04,P18,1,18.00,现金
ORD109187,2026-07-11,S03,P08,1,25.00,微信
ORD104700,2026-06-07,S03,P03,3,78.00,现金
ORD111589,2026-07-28,S05,P07,2,44.00,会员储值
ORD100962,2026-05-08,S03,P13,2,40.00,现金
ORD108304,2026-07-05,S05,P07,1,22.00,微信
ORD100940,2026-05-08,S04,P02,1,30.00,微信
ORD106536,2026-06-21,S05,P06,1,42.00,银行卡
ORD104680,2026-06-07,S05,P01,1,32.00,支付宝
ORD101543,2026-05-13,S05,P11,1,26.00,微信
ORD105851,2026-06-16,S02,P17,3,36.00,银行卡
ORD101194,2026-05-10,S01,P09,3,54.00,微信
ORD101367,2026-05-11,S05,P12,1,8.00,现金
ORD108385,2026-07-05,S03,P09,1,18.00,会员储值
ORD105626,2026-06-14,S01,P20,2,44.00,微信
ORD110728,2026-07-22,S04,P02,3,90.00,银行卡
ORD102889,2026-05-24,S04,P17,4,48.00,现金
ORD105376,2026-06-13,S01,P19,1,15.00,现金
ORD111881,2026-07-30,S05,P13,3,60.00,微信
ORD106002,2026-06-17,S03,P18,1,18.00,现金
ORD102055,2026-05-17,S03,P10,2,48.00,微信
ORD103568,2026-05-30,S01,P09,3,54.00,银行卡
ORD100390,2026-05-03,S04,P19,3,45.00,支付宝
ORD111777,2026-07-30,S05,P05,2,68.00,微信
ORD111645,2026-07-29,S01,P08,1,25.00,微信
ORD105867,2026-06-16,S01,P14,3,30.00,微信
ORD102655,2026-05-23,S01,P11,1,26.00,微信
ORD100673,2026-05-06,S02,P02,2,60.00,银行卡
ORD108172,2026-07-04,S04,P05,3,102.00,银行卡
ORD108748,2026-07-08,S01,P19,1,15.00,银行卡
ORD107173,2026-06-26,S03,P03,3,78.00,支付宝
ORD110536,2026-07-21,S03,P14,1,10.00,支付宝
ORD108709,2026-07-08,S03,P13,4,80.00,微信
ORD105507,2026-06-13,S03,P09,2,36.00,银行卡
ORD108852,2026-07-09,S01,P18,2,36.00,微信
ORD108450,2026-07-06,S02,P09,2,36.00,会员储值
ORD102043,2026-05-17,S03,P06,2,84.00,银行卡
ORD103319,2026-05-27,S02,P20,2,44.00,微信
ORD110089,2026-07-18,S02,P15,2,12.00,会员储值
ORD103777,2026-05-31,S02,P10,4,96.00,微信
ORD106075,2026-06-18,S01,P17,1,12.00,微信
ORD107920,2026-07-02,S05,P07,1,22.00,银行卡
ORD103172,2026-05-26,S02,P15,1,6.00,微信
ORD110529,2026-07-21,S04,P04,1,38.00,支付宝
ORD107213,2026-06-27,S05,P17,3,36.00,微信
ORD107449,2026-06-28,S04,P09,1,18.00,现金
ORD104716,2026-06-07,S04,P12,1,8.00,微信
ORD110096,2026-07-18,S05,P15,1,6.00,现金
ORD100592,2026-05-05,S04,P10,1,24.00,银行卡
ORD111831,2026-07-30,S01,P12,3,24.00,支付宝
ORD111636,2026-07-29,S02,P19,1,15.00,会员储值
ORD100445,2026-05-03,S01,P20,1,22.00,银行卡
ORD107733,2026-06-30,S03,P20,1,22.00,会员储值
ORD108411,2026-07-06,S01,P16,2,10.00,现金
ORD109226,2026-07-12,S02,P16,1,5.00,现金
ORD105748,2026-06-15,S03,P13,4,80.00,微信
ORD106492,2026-06-21,S02,P15,3,18.00,银行卡
ORD107084,2026-06-26,S04,P04,1,38.00,现金
ORD107005,2026-06-25,S02,P12,1,8.00,支付宝
ORD108406,2026-07-06,S05,P06,2,84.00,银行卡
ORD102702,2026-05-23,S05,P18,1,18.00,现金
ORD102170,2026-05-18,S04,P09,1,18.00,支付宝
ORD102977,2026-05-25,S04,P15,1,6.00,会员储值
ORD101686,2026-05-14,S02,P17,4,48.00,银行卡
ORD108573,2026-07-07,S04,P11,1,26.00,微信
ORD104377,2026-06-06,S02,P01,1,32.00,现金
ORD103494,2026-05-29,S03,P11,2,52.00,会员储值
ORD106228,2026-06-20,S04,P11,4,104.00,会员储值
ORD104818,2026-06-08,S02,P04,1,38.00,会员储值
ORD106071,2026-06-18,S03,P07,1,22.00,银行卡
ORD100270,2026-05-02,S02,P01,1,32.00,支付宝
ORD107311,2026-06-27,S03,P18,1,18.00,微信
ORD109794,2026-07-16,S03,P08,2,50.00,会员储值
ORD104977,2026-06-09,S03,P01,1,32.00,支付宝
ORD104729,2026-06-07,S03,P11,1,26.00,现金
ORD102194,2026-05-18,S05,P19,1,15.00,会员储值
ORD109060,2026-07-11,S01,P20,1,22.00,微信
ORD100044,2026-05-01,S04,P03,1,26.00,银行卡
ORD105856,2026-06-16,S03,P17,2,24.00,微信
ORD109167,2026-07-11,S05,P15,2,12.00,微信
ORD102780,2026-05-23,S04,P08,1,25.00,微信
ORD102784,2026-05-23,S05,P16,2,10.00,现金
ORD101273,2026-05-10,S04,P04,3,114.00,会员储值
ORD108240,2026-07-04,S01,P01,1,32.00,现金
ORD105675,2026-06-14,S02,P08,1,25.00,会员储值
ORD102209,2026-05-18,S03,P16,4,20.00,微信
ORD112015,2026-07-31,S02,P07,1,22.00,支付宝
ORD104670,2026-06-07,S03,P11,3,78.00,微信
ORD101700,2026-05-14,S04,P08,1,25.00,银行卡
ORD100470,2026-05-04,S03,P15,1,6.00,现金
ORD107608,2026-06-29,S01,P15,1,6.00,微信
ORD108809,2026-07-09,S04,P20,2,44.00,会员储值
ORD110977,2026-07-24,S01,P09,3,54.00,微信
ORD101803,2026-05-15,S03,P18,1,18.00,会员储值
ORD103473,2026-05-29,S04,P03,2,52.00,会员储值
ORD100389,2026-05-03,S04,P06,3,126.00,微信
ORD108295,2026-07-05,S03,P09,1,18.00,支付宝
ORD106154,2026-06-19,S01,P12,2,16.00,会员储值
ORD109423,2026-07-13,S01,P05,1,34.00,会员储值
ORD105952,2026-06-17,S05,P06,4,168.00,支付宝
ORD106603,2026-06-21,S05,P19,4,60.00,支付宝
ORD108578,2026-07-07,S03,P08,1,25.00,现金
ORD111033,2026-07-25,S05,P04,3,114.00,会员储值
ORD105220,2026-06-11,S01,P19,1,15.00,支付宝
ORD106421,2026-06-21,S01,P07,1,22.00,会员储值
ORD100384,2026-05-03,S01,P10,1,24.00,现金
ORD109467,2026-07-13,S04,P18,1,18.00,会员储值
ORD111216,2026-07-26,S03,P10,2,48.00,现金
ORD109274,2026-07-12,S01,P15,1,6.00,银行卡
ORD106357,2026-06-20,S01,P01,2,64.00,支付宝
ORD100519,2026-05-04,S01,P15,1,6.00,会员储值
ORD107909,2026-07-02,S03,P17,1,12.00,会员储值
ORD104477,2026-06-06,S04,P09,1,18.00,支付宝
ORD111983,2026-07-31,S01,P14,2,20.00,微信
ORD101855,2026-05-16,S01,P08,2,50.00,支付宝
ORD107332,2026-06-27,S01,P03,1,26.00,支付宝
ORD106133,2026-06-19,S05,P14,3,30.00,微信
ORD111633,2026-07-29,S01,P16,1,5.00,会员储值
ORD100856,2026-05-07,S05,P02,1,30.00,会员储值
ORD110829,2026-07-23,S04,P14,1,10.00,现金
ORD108918,2026-07-10,S04,P09,1,18.00,微信
ORD105169,2026-06-11,S02,P19,2,30.00,微信
ORD105643,2026-06-14,S03,P16,1,5.00,现金
ORD100657,2026-05-05,S04,P11,2,52.00,银行卡
ORD100796,2026-05-07,S03,P12,1,8.00,微信
ORD101146,2026-05-10,S03,P01,1,32.00,微信
ORD106305,2026-06-20,S02,P03,2,52.00,支付宝
ORD104728,2026-06-07,S02,P12,1,8.00,微信
ORD103581,2026-05-30,S04,P05,2,68.00,支付宝
ORD100833,2026-05-07,S04,P06,1,42.00,银行卡
ORD111156,2026-07-25,S02,P09,4,72.00,微信
ORD109265,2026-07-12,S05,P17,1,12.00,现金
ORD103447,2026-05-28,S03,P14,1,10.00,银行卡
ORD104937,2026-06-09,S05,P19,1,15.00,会员储值
ORD100368,2026-05-03,S02,P06,1,42.00,现金
ORD111718,2026-07-29,S03,P18,2,36.00,银行卡
ORD110500,2026-07-21,S02,P17,1,12.00,现金
ORD110498,2026-07-21,S01,P14,1,10.00,微信
ORD106796,2026-06-23,S04,P20,2,44.00,现金
ORD107465,2026-06-28,S05,P11,1,26.00,微信
ORD102870,2026-05-24,S03,P10,1,24.00,现金
ORD109012,2026-07-10,S01,P13,1,20.00,支付宝
ORD105714,2026-06-15,S02,P03,1,26.00,会员储值
ORD105743,2026-06-15,S03,P02,1,30.00,现金
ORD111843,2026-07-30,S05,P14,1,10.00,会员储值
ORD105992,2026-06-17,S01,P07,1,22.00,支付宝
ORD106801,2026-06-23,S03,P15,1,6.00,银行卡
ORD108372,2026-07-05,S02,P12,2,16.00,支付宝
ORD104528,2026-06-06,S05,P19,1,15.00,微信
ORD110220,2026-07-19,S02,P10,2,48.00,现金
ORD107396,2026-06-28,S01,P11,1,26.00,微信
ORD101751,2026-05-15,S04,P04,2,76.00,微信
ORD104241,2026-06-04,S05,P06,1,42.00,现金
ORD106352,2026-06-20,S03,P20,1,22.00,银行卡
ORD102368,2026-05-20,S01,P07,3,66.00,支付宝
ORD104267,2026-06-04,S03,P02,1,30.00,会员储值
ORD105412,2026-06-13,S03,P20,2,44.00,现金
ORD111176,2026-07-26,S04,P05,1,34.00,微信
ORD108192,2026-07-04,S05,P16,1,5.00,银行卡
ORD110227,2026-07-19,S03,P09,2,36.00,微信
ORD108174,2026-07-04,S01,P03,1,26.00,支付宝
ORD107513,2026-06-29,S02,P06,4,,银行卡
ORD111212,2026-07-26,S03,P08,2,50.00,支付宝
ORD108015,2026-07-03,S04,P05,2,68.00,会员储值
ORD103169,2026-05-26,S05,P16,1,5.00,微信
ORD104101,2026-06-03,S01,P20,2,44.00,现金
ORD100022,2026-05-01,S03,P15,1,6.00,会员储值
ORD100465,2026-05-04,S02,P19,1,15.00,现金
ORD107339,2026-06-28,S05,P11,4,104.00,微信
ORD110777,2026-07-23,S05,P13,2,40.00,会员储值
ORD110372,2026-07-20,S01,P08,1,25.00,会员储值
ORD101216,2026-05-10,S03,P11,1,26.00,银行卡
ORD103999,2026-06-02,S01,P15,3,18.00,支付宝
ORD101315,2026-05-11,S03,P12,2,16.00,微信
ORD101060,2026-05-09,S03,P11,3,78.00,会员储值
ORD106173,2026-06-19,S02,P16,1,5.00,会员储值
ORD101681,2026-05-14,S05,P12,2,16.00,会员储值
ORD106704,2026-06-22,S04,P07,2,44.00,现金
ORD103381,2026-05-28,S01,P06,1,42.00,微信
ORD106970,2026-06-24,S01,P07,1,¥22.00,支付宝
ORD110394,2026-07-20,S05,P19,1,15.00,支付宝
ORD111687,2026-07-29,S05,P05,1,34.00,现金
ORD106906,2026-06-24,S04,P08,3,75.00,现金
ORD102707,2026-05-23,S05,P19,1,15.00,支付宝
ORD102775,2026-05-23,S03,P08,1,25.00,会员储值
ORD107278,2026-06-27,S01,P07,3,66.00,银行卡
ORD104826,2026-06-08,S05,P02,3,90.00,现金
ORD109398,2026-07-12,S02,P18,2,36.00,会员储值
ORD102850,2026-05-24,S02,P11,1,26.00,会员储值
ORD100551,2026-05-04,S02,P04,1,38.00,银行卡
ORD110634,2026-07-22,S01,P11,1,26.00,现金
ORD107938,2026-07-02,S01,P13,1,20.00,现金
ORD109290,2026-07-12,S04,P01,1,32.00,现金
ORD105767,2026-06-15,S02,P11,2,52.00,银行卡
ORD108842,2026-07-09,S03,P10,3,72.00,微信
ORD108087,2026-07-03,S05,P15,1,6.00,现金
ORD104663,2026-06-07,S04,P10,1,24.00,支付宝
ORD102960,2026-05-24,S02,P03,1,26.00,会员储值
ORD105730,2026-06-15,S05,P16,2,10.00,支付宝
ORD111161,2026-07-25,S03,P08,1,,银行卡
ORD100078,2026-05-01,S04,P07,1,22.00,支付宝
ORD103680,2026-05-30,S04,P02,2,60.00,支付宝
ORD111281,26-07-2026,S02,P07,2,44.00,银行卡
ORD111218,2026-07-26,S01,P14,2,20.00,微信
ORD100482,2026-05-04,S02,P11,1,26.00,会员储值
ORD101346,2026-05-11,S03,P19,2,30.00,微信
ORD107771,2026-07-01,S02,P20,1,22.00,会员储值
ORD102423,2026-05-20,S05,P12,2,16.00,微信
ORD105831,2026-06-16,S03,P08,1,25.00,微信
ORD106633,2026-06-22,S02,P05,2,68.00,现金
ORD103426,2026-05-28,S05,P02,1,30.00,微信
ORD103674,2026-05-30,S03,P11,2,52.00,支付宝
ORD101643,2026-05-14,S04,P02,1,30.00,微信
ORD104713,2026-06-07,S04,P20,1,22.00,银行卡
ORD101703,2026-05-14,S03,P15,1,6.00,会员储值
ORD107789,2026-07-01,S02,P02,1,30.00,现金
ORD105498,2026-06-13,S02,P15,1,6.00,会员储值
ORD104332,2026-06-05,S03,P01,1,32.00,会员储值
ORD109457,2026-07-13,S01,P11,2,52.00,现金
ORD100763,2026-05-07,S03,P01,1,32.00,银行卡
ORD111041,2026-07-25,S01,P16,1,5.00,现金
ORD100154,2026-05-02,S01,P07,2,44.00,会员储值
ORD106793,2026-06-23,S04,P03,2,52.00,微信
ORD102608,2026-05-22,S03,P04,1,38.00,现金
ORD105808,2026-06-16,S04,P08,2,50.00,微信
ORD103621,2026-05-30,S01,P12,1,8.00,支付宝
ORD110263,2026-07-19,S02,P19,1,15.00,会员储值
ORD104127,2026-06-03,S03,P10,1,24.00,会员储值
ORD104847,2026-06-08,S01,P18,2,36.00,会员储值
ORD111006,2026-07-25,S05,P10,2,48.00,支付宝
ORD100376,2026-05-03,S03,P12,1,8.00,微信
ORD110848,2026-07-24,S01,P17,1,12.00,现金
ORD102741,2026-05-23,S01,P07,2,44.00,银行卡
ORD108768,2026-07-08,S01,P03,1,26.00,支付宝
ORD105555,2026-06-14,S03,P13,1,20.00,微信
ORD100307,2026-05-03,S05,P14,1,10.00,银行卡
ORD103745,2026-05-31,S04,P07,3,66.00,银行卡
ORD102476,2026-05-21,S05,P01,1,32.00,微信
ORD108995,2026-07-10,S05,P20,3,66.00,会员储值
ORD106827,2026-06-23,S05,P11,3,78.00,现金
ORD105794,2026-06-16,S05,P15,2,12.00,会员储值
ORD109392,2026-07-12,S05,P18,1,18.00,现金
ORD110127,2026-07-18,S03,P05,2,68.00,支付宝
ORD110468,2026-07-21,S03,P11,1,26.00,现金
ORD108011,2026-07-03,S04,P14,1,10.00,微信
ORD108020,2026-07-03,S03,P09,1,18.00,银行卡
ORD109821,2026-07-16,S01,P11,1,26.00,现金
ORD103304,2026-05-27,S01,P17,1,12.00,微信
ORD107029,2026-06-25,S04,P10,1,24.00,会员储值
ORD106737,2026-06-22,S01,P11,1,26.00,支付宝
ORD106236,2026-06-20,S05,P10,3,72.00,银行卡
ORD110483,2026-07-21,S05,P13,2,40.00,现金
ORD102653,2026-05-23,S05,P09,1,18.00,银行卡
ORD101603,2026-05-13,S04,P12,1,8.00,现金
ORD108955,2026-07-10,S04,P07,2,44.00,支付宝
ORD106247,2026-06-20,S04,P02,1,30.00,现金
ORD100421,2026-05-03,S02,P12,1,8.00,微信
ORD106546,2026-06-21,S04,P06,1,42.00,微信
ORD108989,2026-07-10,S02,P04,1,38.00,现金
ORD106138,2026-06-19,S05,P18,1,18.00,现金
ORD101015,2026-05-09,S05,P14,2,20.00,微信
ORD110832,2026-07-23,S02,P20,1,22.00,会员储值
ORD111762,2026-07-30,S02,P09,3,54.00,现金
ORD110965,2026-07-24,S03,P02,3,90.00,支付宝
ORD100526,2026-05-04,S04,P13,1,20.00,微信
ORD104107,2026-06-03,S03,P19,1,15.00,银行卡
ORD106802,2026-06-23,S02,P14,1,10.00,现金
ORD105800,2026-06-16,S05,P14,2,20.00,现金
ORD107797,2026-07-01,S03,P16,2,10.00,现金
ORD105074,2026-06-10,S04,P16,3,15.00,支付宝
ORD108381,2026-07-05,S02,P06,1,42.00,支付宝
ORD100750,2026-05-07,S05,P06,2,84.00,银行卡
ORD100132,2026-05-02,S03,P07,1,22.00,支付宝
ORD110373,2026-07-20,S04,P13,2,40.00,会员储值
ORD107411,2026-06-28,S05,P16,2,10.00,微信
ORD104438,2026-06-06,S03,P10,3,72.00,银行卡
ORD104850,2026-06-08,S03,P12,1,8.00,微信
ORD108258,2026-07-05,S02,P10,1,24.00,微信
ORD102264,2026-05-19,S04,P12,2,16.00,现金
ORD104207,2026-06-04,S02,P08,1,25.00,会员储值
ORD101057,2026-05-09,S02,P01,1,32.00,支付宝
ORD105265,2026-06-12,S05,P20,1,22.00,支付宝
ORD100564,2026-05-04,S05,P10,1,24.00,现金
ORD107679,2026-06-30,S03,P06,2,84.00,银行卡
ORD104980,2026-06-09,S02,P07,1,22.00,支付宝
ORD103861,2026-05-31,S03,P14,1,10.00,现金
ORD105513,2026-06-13,S03,P17,1,12.00,微信
ORD101540,2026-05-13,S04,P17,1,12.00,现金
ORD108514,2026-07-06,S02,P15,1,6.00,微信
ORD109686,2026-07-15,S05,P15,1,6.00,银行卡
ORD107913,2026-07-02,S03,P19,3,45.00,现金
ORD105511,2026-06-13,S02,P16,1,5.00,会员储值
ORD100345,2026-05-03,S05,P04,4,152.00,现金
ORD107911,2026-07-02,S01,P12,1,8.00,现金
ORD107942,2026-07-02,S01,P11,1,26.00,会员储值
ORD108888,2026-07-09,S04,P01,3,96.00,微信
ORD109336,2026-07-12,S05,P16,1,5.00,微信
ORD107937,2026-07-02,S03,P14,1,10.00,支付宝
ORD104329,2026-06-05,S02,P11,2,52.00,微信
ORD107310,2026-06-27,S01,P14,2,20.00,现金
ORD109415,2026-07-13,S05,P06,3,126.00,银行卡
ORD111399,2026-07-27,S01,P09,2,36.00,会员储值
ORD108217,2026-07-04,S03,P11,3,78.00,支付宝
ORD109741,2026-07-15,S02,P02,1,30.00,会员储值
ORD105019,2026-06-10,S02,P20,3,66.00,会员储值
ORD103551,2026-05-29,S05,P06,1,42.00,现金
ORD110303,2026-07-19,S03,P12,3,24.00,银行卡
ORD105448,2026-06-13,S02,P08,1,25.00,会员储值
ORD111458,2026-07-27,S05,P20,1,22.00,微信
ORD103273,2026-05-27,S01,P01,1,32.00,微信
ORD107916,2026-07-02,S01,P07,2,44.00,现金
ORD100513,2026-05-04,S04,P07,1,22.00,微信
ORD101805,2026-05-15,S01,P07,2,44.00,支付宝
ORD102604,2026-05-22,S04,P05,1,34.00,微信
ORD109232,2026-07-12,S03,P08,2,50.00,会员储值
ORD110047,2026-07-18,S04,P14,2,20.00,微信
ORD103563,2026-05-30,S04,P08,1,25.00,会员储值
ORD107525,2026-06-29,S03,P11,1,26.00,微信
ORD110201,2026-07-19,S05,P01,2,64.00,会员储值
ORD109355,2026-07-12,S03,P19,3,45.00,支付宝
ORD102447,2026-05-21,S01,P02,1,30.00,微信
ORD110170,2026-07-18,S04,P06,1,42.00,微信
ORD100775,2026-05-07,S01,P12,1,8.00,会员储值
ORD104004,2026-06-02,S04,P07,3,66.00,支付宝
ORD106507,2026-06-21,S05,P13,1,20.00,银行卡
ORD101512,2026-05-13,S03,P18,1,18.00,支付宝
ORD107267,2026-06-27,S05,P09,2,36.00,微信
ORD102475,2026-05-21,S02,P04,2,76.00,银行卡
ORD103121,2026-05-26,S03,P08,2,50.00,现金
ORD106738,2026-06-22,S03,P06,2,¥84.00,支付宝
ORD105363,2026-06-13,S05,P10,1,24.00,银行卡
ORD109642,2026-07-14,S03,P16,1,5.00,银行卡
ORD101491,2026-05-12,S02,P19,3,45.00,银行卡
ORD100268,2026-05-02,S02,P15,1,6.00,银行卡
ORD109385,2026-07-12,S03,P06,3,126.00,微信
ORD104166,2026-06-03,S02,P11,3,78.00,银行卡
ORD103076,2026-05-25,S04,P16,4,20.00,微信
ORD106427,2026-06-21,S03,P07,3,66.00,现金
ORD109032,2026-07-10,S01,P02,2,60.00,银行卡
ORD106999,2026-06-25,S01,P12,1,8.00,现金
ORD103677,2026-05-30,S03,P14,1,,微信
ORD109074,2026-07-11,S05,P18,3,54.00,银行卡
ORD110106,2026-07-18,S05,P20,3,66.00,会员储值
ORD109181,2026-07-11,S02,P08,3,75.00,支付宝
ORD110285,2026-07-19,S05,P19,2,30.00,银行卡
ORD102629,2026-05-22,S02,P13,3,60.00,微信
ORD102360,2026-05-20,S02,P03,1,26.00,现金
ORD100496,2026-05-04,S04,P17,1,12.00,银行卡
ORD103238,2026-05-27,S04,P18,1,18.00,现金
ORD111912,2026-07-31,S04,P12,3,24.00,支付宝
ORD109514,2026-07-13,S03,P03,2,52.00,支付宝
ORD109793,2026-07-16,S01,P12,1,8.00,微信
ORD106615,2026-06-21,S04,P10,1,24.00,微信
ORD108612,2026-07-07,S02,P19,2,30.00,会员储值
ORD109401,2026-07-13,S05,P19,3,45.00,会员储值
ORD103668,2026-05-30,S03,P12,3,24.00,银行卡
ORD104479,2026-06-06,S05,P10,3,72.00,微信
ORD109953,2026-07-17,S05,P15,1,6.00,银行卡
ORD110093,2026-07-18,S02,P13,3,60.00,微信
ORD107430,2026-06-28,S04,P18,1,18.00,现金
ORD110806,2026-07-23,S03,P06,2,84.00,支付宝
ORD110908,2026-07-24,S05,P05,1,34.00,现金
ORD110909,2026-07-24,S01,P15,4,24.00,微信
ORD111352,2026-07-26,S04,P15,2,12.00,现金
ORD105505,2026-06-13,S05,P18,3,54.00,会员储值
ORD100399,2026-05-03,S01,P01,1,32.00,银行卡
ORD108152,2026-07-04,S03,P16,4,20.00,会员储值
ORD112033,2026-07-31,S03,P06,1,42.00,会员储值
ORD107476,2026-06-28,S02,P14,2,20.00,银行卡
ORD100575,2026-05-05,S02,P13,3,60.00,支付宝
ORD106982,2026-06-25,S03,P04,2,76.00,现金
ORD100353,2026-05-03,S05,P02,4,120.00,会员储值
ORD102113,2026-05-17,S01,P13,2,40.00,银行卡
ORD102126,2026-05-17,S02,P02,1,30.00,支付宝
ORD108069,2026-07-03,S02,P04,2,76.00,会员储值
ORD111646,2026-07-29,S03,P03,1,26.00,银行卡
ORD105792,2026-06-16,S03,P18,1,18.00,会员储值
ORD110709,2026-07-22,S02,P05,1,34.00,银行卡
ORD105021,2026-06-10,S05,P02,1,30.00,银行卡
ORD104756,2026-06-07,S01,P18,1,18.00,现金
ORD106280,2026-06-20,S01,P09,2,36.00,支付宝
ORD102747,2026-05-23,S03,P19,1,15.00,现金
ORD102150,2026-05-18,S04,P01,1,32.00,银行卡
ORD104931,2026-06-09,S01,P14,3,30.00,银行卡
ORD110377,2026-07-20,S02,P20,1,22.00,银行卡
ORD101633,2026-05-14,S05,P01,2,64.00,现金
ORD100180,2026-05-02,S02,P17,2,24.00,支付宝
ORD110943,2026-07-24,S01,P07,2,44.00,会员储值
ORD106768,2026-06-23,S03,P04,2,76.00,现金
ORD109830,2026-07-16,S03,P11,1,26.00,现金
ORD106165,2026-06-19,S03,P06,1,42.00,会员储值
ORD110791,2026-07-23,S03,P18,2,36.00,现金
ORD108949,2026-07-10,S04,P10,1,24.00,现金
ORD101804,2026-05-15,S02,P20,1,22.00,现金
ORD111178,2026-07-26,S03,P09,1,18.00,会员储值
ORD107185,2026-06-26,S05,P20,2,44.00,现金
ORD106082,2026-06-18,S01,P02,1,30.00,银行卡
ORD110158,2026-07-18,S02,P16,1,5.00,会员储值
ORD108896,2026-07-10,S01,P01,1,32.00,现金
ORD102580,2026-05-22,S03,P16,2,10.00,微信
ORD110460,2026-07-21,S05,P09,1,18.00,现金
ORD108626,2026-07-07,S02,P05,1,34.00,会员储值
ORD104911,2026-06-09,S03,P12,1,8.00,现金
ORD109616,2026-07-14,S03,P03,1,26.00,银行卡
ORD108034,2026-07-03,S04,P19,3,45.00,银行卡
ORD106620,2026-06-22,S01,P15,1,6.00,会员储值
ORD109046,2026-07-11,S03,P12,1,8.00,微信
ORD106935,2026-06-24,S05,P20,3,66.00,银行卡
ORD104767,2026-06-07,S05,P08,1,25.00,现金
ORD110526,2026-07-21,S04,P13,1,20.00,现金
ORD105798,2026-06-16,S02,P04,2,76.00,现金
ORD105219,2026-06-11,S01,P13,1,20.00,银行卡
ORD106030,2026-06-18,S03,P17,1,12.00,会员储值
ORD106527,2026-06-21,S05,P02,1,30.00,现金
ORD109433,2026-07-13,S05,P17,1,12.00,支付宝
ORD102101,2026-05-17,S05,P13,1,20.00,微信
ORD109501,2026-07-13,S05,P17,1,12.00,现金
ORD111597,2026-07-28,S01,P07,1,22.00,会员储值
ORD102132,2026-05-18,S05,P08,1,25.00,会员储值
ORD105164,2026-06-11,S04,P05,2,68.00,现金
ORD110107,2026-07-18,S04,P18,1,18.00,支付宝
ORD108026,2026-07-03,S05,P18,1,18.00,微信
ORD107008,2026-06-25,S04,P19,3,45.00,现金
ORD105234,2026-06-11,S01,P08,1,25.00,微信
ORD106446,2026-06-21,S05,P06,2,84.00,现金
ORD108078,2026-07-03,S01,P07,1,22.00,银行卡
ORD109714,2026-07-15,S03,P17,2,24.00,银行卡
ORD103648,2026-05-30,S01,P11,1,26.00,支付宝
ORD104436,2026-06-06,S05,P19,1,15.00,会员储值
ORD109673,2026-07-15,S02,P14,2,20.00,支付宝
ORD102244,2026-05-19,S04,P10,1,24.00,现金
ORD104519,2026-06-06,S04,P10,4,96.00,现金
ORD107312,2026-06-27,S01,P15,1,6.00,支付宝
ORD105967,2026-06-17,S03,P03,1,26.00,会员储值
ORD109283,2026-07-12,S05,P15,3,18.00,微信
ORD106748,2026-06-22,S01,P02,1,30.00,微信
ORD107292,2026-06-27,S05,P17,3,36.00,支付宝
ORD102385,2026-05-20,S03,P18,4,72.00,会员储值
ORD109652,2026-07-15,S04,P18,4,72.00,支付宝
ORD110232,2026-07-19,S05,P02,1,30.00,现金
ORD105706,2026-06-15,S03,P03,1,26.00,会员储值
ORD105184,2026-06-11,S03,P02,1,30.00,会员储值
ORD108440,2026-07-06,S04,P12,1,8.00,会员储值
ORD109689,2026-07-15,S03,P01,1,32.00,微信
ORD101331,2026-05-11,S04,P19,1,15.00,现金
ORD100012,2026-05-01,S01,P19,2,30.00,微信
ORD102184,2026-05-18,S03,P11,1,26.00,支付宝
ORD112001,2026-07-31,S04,P09,2,36.00,微信
ORD111401,2026-07-27,S03,P05,1,34.00,微信
ORD110034,2026-07-18,S05,P08,1,25.00,支付宝
ORD105928,2026-06-17,S02,P04,2,76.00,会员储值
ORD108003,2026-07-03,S04,P07,2,44.00,银行卡
ORD101944,2026-05-16,S04,P10,1,24.00,支付宝
ORD109808,2026-07-16,S03,P18,2,36.00,支付宝
ORD105913,2026-06-17,S05,P06,4,168.00,支付宝
ORD104011,2026-06-02,S02,P02,2,60.00,会员储值
ORD110430,2026/07/20,S05,P07,1,22.00,支付宝
ORD105811,2026-06-16,S03,P13,1,20.00,会员储值
ORD101499,2026-05-13,S01,P20,1,22.00,会员储值
ORD111482,2026-07-27,S05,P09,1,18.00,银行卡
ORD103403,2026-05-28,S01,P08,1,25.00,银行卡
ORD107500,2026-06-29,S05,P04,1,38.00,微信
ORD104819,2026-06-08,S02,P11,2,52.00,现金
ORD100460,2026-05-04,S03,P06,3,126.00,现金
ORD104741,2026-06-07,S02,P08,2,50.00,现金
ORD107220,2026-06-27,S03,P02,2,60.00,支付宝
ORD110486,2026-07-21,S04,P17,2,24.00,会员储值
ORD102624,2026-05-22,S03,P19,1,15.00,支付宝
ORD110136,2026-07-18,S03,P15,1,6.00,银行卡
ORD103636,2026-05-30,S01,P04,1,38.00,微信
ORD102770,2026-05-23,S02,P02,3,90.00,会员储值
ORD102901,2026-05-24,S02,P17,1,12.00,微信
ORD101819,2026-05-15,S01,P11,1,26.00,现金
ORD100027,2026-05-01,S05,P05,1,34.00,微信
ORD107557,2026-06-29,S01,P09,1,18.00,现金
ORD105078,2026-06-10,S03,P13,3,60.00,微信
ORD103091,2026-05-25,S01,P16,2,10.00,微信
ORD102375,2026-05-20,S02,P02,2,60.00,银行卡
ORD101597,2026-05-13,S04,P13,1,20.00,支付宝
ORD106792,2026-06-23,S04,P18,2,36.00,银行卡
ORD101741,2026-05-15,S02,P20,1,22.00,支付宝
ORD103478,2026-05-29,S05,P02,2,60.00,银行卡
ORD105902,2026-06-17,S01,P14,1,10.00,现金
ORD107218,2026-06-27,S04,P15,3,18.00,银行卡
ORD103689,2026-05-30,S05,P01,2,64.00,微信
ORD110244,2026-07-19,s01,P14,1,10.00,支付宝
ORD109464,2026-07-13,S04,P11,1,26.00,银行卡
ORD108109,2026-07-04,S05,P17,1,12.00,微信
ORD103873,2026-05-31,S01,P12,4,32.00,会员储值
ORD110277,2026-07-19,S02,P02,1,30.00,微信
ORD108836,2026-07-09,S03,P07,1,22.00,银行卡
ORD103397,2026-05-28,S04,P10,1,24.00,会员储值
ORD101696,2026-05-14,S04,P09,2,36.00,银行卡
ORD109157,2026-07-11,S05,P13,1,20.00,会员储值
ORD111474,2026-07-27,S02,P02,1,30.00,会员储值
ORD106754,2026-06-22,S03,P04,4,152.00,现金
ORD100991,2026-05-09,S01,P20,1,22.00,银行卡
ORD111858,2026-07-30,S01,P16,1,5.00,微信
ORD110271,2026-07-19,S02,P14,2,20.00,银行卡
ORD100872,2026-05-08,S05,P12,2,16.00,微信
ORD111926,2026-07-31,S04,P12,1,8.00,现金
ORD110463,2026-07-21,S01,P09,2,36.00,微信
ORD101293,2026-05-10,S01,P18,2,36.00,会员储值
ORD107461,2026-06-28,S02,P12,2,16.00,会员储值
ORD109282,2026-07-12,S04,P01,1,32.00,现金
ORD105340,2026-06-12,S04,P17,3,36.00,会员储值
ORD107902,2026-07-02,S01,P17,1,12.00,会员储值
ORD108721,2026-07-08,S02,P18,1,18.00,现金
ORD103958,2026-06-01,S04,P07,1,22.00,会员储值
ORD111876,2026-07-30,S05,P05,2,68.00,现金
ORD104778,2026-06-07,S01,P13,1,20.00,会员储值
ORD108453,2026-07-06,S04,P19,2,30.00,支付宝
ORD104252,2026-06-04,S05,P20,1,22.00,支付宝
ORD109154,2026-07-11,S02,P10,1,24.00,支付宝
ORD106512,2026-06-21,S02,P14,3,30.00,银行卡
ORD109601,2026-07-14,S05,P07,1,22.00,银行卡
ORD106717,2026-06-22,S05,P14,1,10.00,现金
ORD105082,2026-06-10,S01,P18,2,36.00,支付宝
ORD110913,2026-07-24,S01,P14,2,20.00,支付宝
ORD107462,2026-06-28,S05,P08,2,50.00,现金
ORD108359,2026-07-05,S04,P11,3,78.00,支付宝
ORD107539,2026-06-29,S01,P14,1,10.00,微信
ORD107859,2026-07-02,S05,P01,2,64.00,支付宝
ORD105522,2026-06-13,S01,P09,4,72.00,微信
ORD104093,2026-06-02,S04,P08,2,50.00,会员储值
ORD106623,22-06-2026,S04,P07,3,66.00,会员储值
ORD108232,2026-07-04,S05,P06,1,42.00,微信
ORD109753,2026-07-15,S04,P10,3,72.00,支付宝
ORD106453,2026-06-21,S01,P17,2,24.00,支付宝
ORD106823,2026-06-23,S04,P13,2,40.00,现金
ORD100480,2026-05-04,S05,P13,4,80.00,银行卡
ORD103081,2026-05-25,S01,P12,4,32.00,微信
ORD107960,2026-07-02,S04,P02,1,30.00,会员储值
ORD104151,2026-06-03,S02,P13,1,20.00,现金
ORD109288,2026-07-12,S03,P04,2,76.00,会员储值
ORD104273,2026-06-04,S04,P08,1,25.00,现金
ORD111073,2026-07-25,S03,P02,3,90.00,银行卡
ORD105276,2026-06-12,S01,P15,2,12.00,会员储值
ORD105480,2026-06-13,S05,P18,3,,微信
ORD111186,2026-07-26,S01,P16,1,5.00,支付宝
ORD108189,2026-07-04,S04,P20,1,22.00,微信
ORD106987,2026-06-25,S02,P01,1,32.00,现金
ORD102416,2026-05-20,S04,P14,1,10.00,现金
ORD104020,2026-06-02,S05,P11,1,26.00,支付宝
ORD110978,2026-07-24,S03,P12,3,24.00,现金
ORD101924,2026-05-16,S03,P06,2,84.00,微信
ORD106231,2026-06-20,S05,P20,1,22.00,微信
ORD108369,2026-07-05,S02,P03,1,26.00,银行卡
ORD111516,2026-07-28,S03,P09,1,,支付宝
ORD109340,2026-07-12,S04,P09,1,18.00,微信
ORD102357,2026-05-20,S04,P09,1,18.00,银行卡
ORD107819,2026-07-01,S04,P03,-1,26.00,现金
ORD104725,2026-06-07,S01,P04,3,114.00,支付宝
ORD104035,2026-06-02,S03,P02,1,30.00,现金
ORD103351,2026-05-28,S02,P06,1,42.00,微信
ORD105530,2026-06-14,S01,P08,3,75.00,银行卡
ORD101596,2026-05-13,S05,P02,2,60.00,银行卡
ORD104147,2026-06-03,S04,P18,1,18.00,支付宝
ORD109319,2026-07-12,S05,P13,2,40.00,支付宝
ORD110159,2026-07-18,S01,P04,2,76.00,现金
ORD105836,2026-06-16,S01,P11,2,52.00,会员储值
ORD110729,2026-07-22,S03,P18,1,18.00,支付宝
ORD101089,2026-05-09,S01,P17,2,24.00,现金
ORD110316,2026-07-19,S05,P13,2,40.00,会员储值
ORD106121,2026-06-19,S03,P16,3,15.00,银行卡
ORD109699,2026-07-15,S03,P01,1,32.00,支付宝
ORD110190,2026-07-19,S03,P08,4,100.00,现金
ORD109567,2026-07-14,S05,P09,1,18.00,会员储值
ORD111037,2026-07-25,S03,P04,1,38.00,支付宝
ORD103372,2026-05-28,S05,P09,2,36.00,银行卡
ORD100624,2026-05-05,S02,P16,3,15.00,会员储值
ORD103990,2026-06-01,S03,P17,3,36.00,银行卡
ORD103088,2026-05-25,S05,P12,1,8.00,支付宝
ORD108330,2026-07-05,S05,P17,1,12.00,微信
ORD105195,2026-06-11,S05,P04,2,76.00,微信
ORD102367,2026-05-20,S05,P11,1,26.00,会员储值
ORD105979,2026-06-17,S03,P07,1,22.00,现金
ORD101005,2026-05-09,S03,P08,1,25.00,支付宝
ORD107657,2026-06-30,S05,P05,1,34.00,会员储值
ORD108987,2026-07-10,S01,P11,1,26.00,支付宝
ORD107644,2026-06-30,S01,P13,1,20.00,现金
ORD102498,2026-05-21,S03,P18,1,18.00,会员储值
ORD102976,2026-05-25,S03,P20,1,22.00,微信
ORD105802,2026-06-16,S03,P01,1,32.00,现金
ORD102147,2026-05-18,S04,P03,2,52.00,支付宝
ORD106330,2026-06-20,S02,P18,1,18.00,微信
ORD101900,2026-05-16,S03,P03,3,78.00,支付宝
ORD109791,2026-07-16,S03,P05,1,34.00,会员储值
ORD111177,2026-07-26,S04,P07,2,44.00,现金
ORD109617,2026-07-14,S03,P18,1,18.00,银行卡
ORD108846,2026-07-09,S03,P07,2,44.00,会员储值
ORD103518,2026-05-29,S02,P05,1,34.00,会员储值
ORD107863,2026-07-02,S01,P14,3,30.00,支付宝
ORD100616,2026-05-05,S01,P01,1,32.00,微信
ORD109588,2026-07-14,S02,P17,1,12.00,会员储值
ORD109770,2026-07-16,S02,P05,1,34.00,银行卡
ORD103382,2026-05-28,S05,P04,3,114.00,支付宝
ORD101524,2026-05-13,S04,P17,3,36.00,支付宝
ORD103819,2026-05-31,S01,P04,2,76.00,支付宝
ORD106186,2026-06-19,S04,P12,2,16.00,现金
ORD111870,2026-07-30,S01,P04,1,38.00,会员储值
ORD109145,2026-07-11,S05,P10,2,48.00,支付宝
ORD103583,2026-05-30,S02,P17,1,12.00,银行卡
ORD111430,2026-07-27,S05,P08,3,75.00,银行卡
ORD101046,2026-05-09,S01,P05,1,34.00,支付宝
ORD100536,2026-05-04,S05,P10,1,24.00,现金
ORD106386,2026-06-20,S02,P20,1,22.00,会员储值
ORD104271,2026-06-04,S02,P03,1,26.00,会员储值
ORD108425,2026-07-06,S01,P02,2,60.00,支付宝
ORD103451,2026-05-28,S04,P19,1,15.00,银行卡
ORD107668,2026-06-30,S03,P13,2,40.00,微信
ORD105336,2026-06-12,S03,P20,2,44.00,会员储值
ORD108669,2026-07-08,S01,P11,1,26.00,支付宝
ORD100541,2026-05-04,S03,P13,1,20.00,现金
ORD111456,2026-07-27,S01,P12,3,24.00,银行卡
ORD107374,2026-06-28,S02,P14,2,20.00,支付宝
ORD109993,2026-07-17,S05,P20,2,44.00,会员储值
ORD111740,2026-07-29,S03,P08,2,50.00,微信
ORD101374,2026-05-11,S05,P02,1,30.00,现金
ORD111375,2026-07-26,S04,P10,3,72.00,会员储值
ORD108702,2026-07-08,S03,P18,2,36.00,支付宝
ORD108672,2026-07-08,S02,P14,1,10.00,银行卡
ORD112008,2026-07-31,S03,P14,1,10.00,银行卡
ORD110592,2026-07-21,S05,P02,2,60.00,银行卡
ORD108538,2026-07-07,S02,P10,1,24.00,银行卡
ORD102983,2026-05-25,S04,P15,1,6.00,银行卡
ORD110210,2026-07-19,S01,P11,1,26.00,微信
ORD103784,2026-05-31,S03,P08,1,25.00,支付宝
ORD111287,2026-07-26,S01,P02,2,60.00,会员储值
ORD101494,2026-05-12,S04,P06,1,42.00,银行卡
ORD103652,2026-05-30,S05,P18,1,18.00,银行卡
ORD105479,2026-06-13,S04,P13,1,20.00,支付宝
ORD102219,2026-05-18,S02,P19,3,45.00,支付宝
ORD108527,2026-07-07,S04,P09,2,36.00,会员储值
ORD111525,2026-07-28,S04,P09,1,18.00,支付宝
ORD110143,2026-07-18,S05,P18,2,36.00,银行卡
ORD103842,2026-05-31,S05,P13,4,80.00,会员储值
ORD105442,2026-06-13,S01,P12,1,8.00,微信
ORD109671,2026-07-15,S03,P14,2,20.00,微信
ORD100220,2026-05-02,S04,P14,1,10.00,会员储值
ORD111773,2026-07-30,S05,P12,1,8.00,微信
ORD109278,2026-07-12,S05,P01,1,32.00,会员储值
ORD110351,2026-07-20,S05,P20,3,66.00,微信
ORD102706,2026-05-23,S02,P13,2,40.00,银行卡
ORD108320,2026-07-05,S02,P12,1,8.00,银行卡
ORD103005,2026-05-25,S01,P20,1,22.00,会员储值
ORD109938,2026-07-17,S05,P05,1,34.00,支付宝
ORD100749,2026-05-07,S05,P09,2,36.00,支付宝
ORD100585,2026-05-05,S01,P10,1,24.00,会员储值
ORD100264,2026-05-02,S03,P05,2,68.00,银行卡
ORD102224,2026-05-18,S05,P07,3,66.00,微信
ORD100416,2026-05-03,S01,P07,1,22.00,微信
ORD102373,2026-05-20,S04,P13,1,20.00,微信
ORD109484,2026-07-13,S02,P20,1,22.00,现金
ORD101314,2026-05-11,S04,P08,1,25.00,支付宝
ORD102749,2026-05-23,S01,P19,1,15.00,微信
ORD109134,2026-07-11,S03,P01,1,32.00,银行卡
ORD101814,2026-05-15,S02,P04,2,76.00,支付宝
ORD111290,2026-07-26,S02,P10,2,48.00,支付宝
ORD106810,2026-06-23,S01,P04,2,76.00,现金
ORD102615,2026-05-22,S01,P13,1,20.00,会员储值
ORD106164,2026-06-19,S05,P09,2,36.00,微信
ORD110013,2026-07-17,S05,P01,1,32.00,微信
ORD109684,2026-07-15,S05,P06,1,42.00,微信
ORD108837,2026-07-09,S03,P04,2,76.00,会员储值
ORD104844,2026-06-08,S02,P17,2,24.00,银行卡
ORD100488,2026-05-04,S01,P09,1,18.00,微信
ORD100286,2026-05-03,S05,P02,1,30.00,支付宝
ORD107149,2026-06-26,S04,P04,1,38.00,现金
ORD107737,2026-07-01,S04,P05,1,34.00,微信
ORD101782,2026-05-15,S03,P11,1,26.00,银行卡
ORD110239,2026-07-19,S04,P13,3,60.00,现金
ORD111627,2026-07-29,S02,P05,3,102.00,现金
ORD105344,2026-06-12,S02,P06,1,42.00,现金
ORD105813,2026-06-16,S03,P04,1,38.00,银行卡
ORD102499,2026-05-21,S04,P18,4,72.00,银行卡
ORD102350,20-05-2026,S01,P12,1,8.00,现金
ORD107466,2026-06-28,S03,P03,2,52.00,微信
ORD108278,2026-07-05,S04,P14,1,10.00,会员储值
ORD110816,2026-07-23,S02,P07,2,44.00,现金
ORD104048,2026-06-02,S05,P99,2,50.00,会员储值
ORD104548,2026-06-06,S01,P13,1,20.00,会员储值
ORD104369,2026-06-06,S05,P03,2,52.00,现金
ORD104077,2026-06-02,S01,P12,1,8.00,现金
ORD105583,2026-06-14,S02,P04,3,114.00,银行卡
ORD107996,2026-07-03,S05,P01,2,64.00,支付宝
ORD106919,2026-06-24,S02,P16,3,15.00,微信
ORD108636,2026-07-08,S04,P01,1,32.00,会员储值
ORD100931,2026-05-08,S02,P12,3,24.00,现金
ORD109581,2026-07-14,S04,P08,1,25.00,会员储值
ORD107425,2026-06-28,S05,P15,1,6.00,银行卡
ORD111683,2026-07-29,S03,P12,3,24.00,会员储值
ORD104056,2026-06-02,S03,P03,1,26.00,现金
ORD108419,2026-07-06,S03,P08,1,25.00,微信
ORD101433,2026-05-12,S01,P04,1,38.00,微信
ORD104323,2026-06-05,S03,P15,2,12.00,支付宝
ORD111333,2026-07-26,S02,P09,1,18.00,支付宝
ORD104434,2026-06-06,S02,P15,3,18.00,微信
ORD102759,2026-05-23,S01,P04,2,76.00,现金
ORD100212,2026-05-02,S05,P02,1,30.00,现金
ORD104701,2026-06-07,S02,P06,2,84.00,会员储值
ORD108115,2026-07-04,S02,P06,4,168.00,现金
ORD100619,2026-05-05,S02,P13,1,20.00,微信
ORD100477,2026-05-04,S04,P15,1,6.00,会员储值
ORD108802,2026-07-09,S01,P13,1,20.00,微信
ORD111634,2026-07-29,S04,P10,1,24.00,会员储值
ORD104190,2026-06-03,S04,P07,1,22.00,会员储值
ORD105398,2026-06-13,S02,P19,2,30.00,支付宝
ORD108371,2026-07-05,S04,P13,1,20.00,支付宝
ORD103480,2026-05-29,S03,P07,2,44.00,支付宝
ORD111975,2026-07-31,S02,P15,1,6.00,微信
ORD109981,2026-07-17,S05,P13,1,20.00,会员储值
ORD110247,2026-07-19,S05,P08,2,50.00,支付宝
ORD111320,2026-07-26,S01,P18,1,18.00,会员储值
ORD101054,2026-05-09,S05,P01,3,96.00,支付宝
ORD109892,2026-07-17,S05,P19,2,30.00,支付宝
ORD108437,2026-07-06,S01,P04,3,114.00,会员储值
ORD103501,2026-05-29,S04,P13,2,40.00,支付宝
ORD103015,2026-05-25,S05,P07,1,22.00,现金
ORD110314,2026-07-19,S05,P17,1,12.00,微信
ORD100715,2026-05-06,S03,P09,3,54.00,现金
ORD106304,2026-06-20,S04,P03,2,52.00,会员储值
ORD101526,2026-05-13,S02,P16,1,5.00,支付宝
ORD106866,2026-06-24,S02,P17,3,36.00,银行卡
ORD102156,2026-05-18,S04,P18,4,72.00,现金
ORD107346,2026-06-28,S03,P08,1,25.00,会员储值
ORD107256,2026-06-27,S02,P13,3,60.00,支付宝
ORD107434,2026-06-28,S03,P04,2,76.00,支付宝
ORD106400,2026-06-20,S01,P18,2,36.00,微信
ORD103037,2026-05-25,S04,P10,3,72.00,支付宝
ORD108720,2026-07-08,S02,P12,2,16.00,支付宝
ORD102929,2026-05-24,S03,P15,2,12.00,支付宝
ORD103561,2026-05-30,S01,P02,1,30.00,现金
ORD101820,2026-05-15,S04,P07,1,22.00,现金
ORD105330,2026-06-12,S04,P11,1,26.00,会员储值
ORD102068,2026-05-17,S04,P09,1,18.00,微信
ORD101319,2026-05-11,S03,P09,2,36.00,现金
ORD107144,2026-06-26,S03,P07,1,22.00,微信
ORD108211,2026-07-04,S04,P19,2,30.00,支付宝
ORD106590,2026-06-21,S01,P20,3,66.00,银行卡
ORD110184,2026-07-19,S04,P01,2,64.00,现金
ORD102330,2026-05-20,S05,P11,1,26.00,银行卡
ORD109286,2026-07-12,S05,P18,2,36.00,支付宝
ORD100694,2026-05-06,S03,P14,2,20.00,会员储值
ORD103641,2026-05-30,S02,P16,1,5.00,微信
ORD101881,2026-05-16,S02,P14,2,20.00,微信
ORD110038,2026-07-18,S03,P01,1,32.00,银行卡
ORD110558,2026-07-21,S03,P07,1,22.00,微信
ORD104768,2026-06-07,S04,P13,2,40.00,银行卡
ORD109365,2026-07-12,S01,P07,2,44.00,支付宝
ORD101137,2026-05-09,S04,P17,4,48.00,微信
ORD108465,2026-07-06,S04,P15,1,6.00,支付宝
ORD107197,2026-06-27,S05,P16,1,5.00,银行卡
ORD110614,2026-07-22,S05,P06,3,126.00,会员储值
ORD108468,2026-07-06,S03,P17,2,24.00,现金
ORD104320,2026-06-05,S04,P05,3,102.00,微信
ORD100803,2026-05-07,S03,P09,1,18.00,会员储值
ORD101337,2026-05-11,S02,P18,2,36.00,微信
ORD105984,2026-06-17,S04,P09,1,18.00,会员储值
ORD106493,2026-06-21,S01,P15,1,6.00,微信
ORD111414,2026-07-27,S04,P07,1,22.00,现金
ORD111960,2026-07-31,S02,P04,1,38.00,银行卡
ORD110969,2026-07-24,S02,P02,1,30.00,会员储值
ORD101392,2026-05-12,S05,P10,1,24.00,微信
ORD108497,2026-07-06,S04,P10,1,24.00,微信
ORD101248,2026-05-10,S04,P20,2,44.00,银行卡
ORD103978,2026-06-01,S02,P10,1,24.00,现金
ORD106095,2026-06-18,S02,P11,1,26.00,会员储值
ORD107468,2026-06-28,S04,P03,2,52.00,微信
ORD103067,2026-05-25,S04,P07,1,22.00,微信
ORD101789,2026-05-15,S02,P03,1,26.00,会员储值
ORD109842,2026-07-16,S02,P19,1,15.00,支付宝
ORD104992,2026-06-09,S04,P04,1,38.00,会员储值
ORD100799,2026-05-07,S04,P06,1,42.00,支付宝
ORD102509,2026-05-21,S04,P16,2,10.00,会员储值
ORD110320,2026-07-19,S03,P13,1,20.00,银行卡
ORD107579,2026-06-29,S03,P12,3,24.00,现金
ORD107151,2026-06-26,S01,P13,2,40.00,现金
ORD104574,2026-06-06,S02,P12,1,8.00,银行卡
ORD111139,2026-07-25,S05,P10,1,24.00,微信
ORD110656,2026-07-22,S05,P10,1,24.00,微信
ORD108776,2026-07-09,S02,P12,4,32.00,支付宝
ORD110534,2026-07-21,S04,P05,1,34.00,会员储值
ORD110840,2026-07-23,S03,P01,1,32.00,银行卡
ORD110960,2026-07-24,S05,P17,2,24.00,现金
ORD104182,2026-06-03,S02,P20,1,22.00,现金
ORD105527,2026-06-13,S01,P04,3,,现金
ORD103938,2026-06-01,S02,P08,1,25.00,支付宝
ORD107734,2026-06-30,S03,P05,1,34.00,会员储值
ORD103406,2026-05-28,S01,P07,1,22.00,支付宝
ORD103592,2026-05-30,S03,P16,3,15.00,支付宝
ORD108967,2026-07-10,S02,P01,1,32.00,会员储值
ORD102371,2026-05-20,S05,P18,1,18.00,支付宝
ORD103787,2026-05-31,S01,P10,-1,48.00,微信
ORD103801,2026-05-31,S01,P06,2,84.00,微信
ORD101297,2026-05-11,S01,P12,2,16.00,会员储值
ORD100835,2026-05-07,S04,P18,2,36.00,支付宝
ORD106139,2026-06-19,S02,P08,2,50.00,银行卡
ORD100355,2026-05-03,S04,P08,1,25.00,现金
ORD104356,2026-06-05,S02,P13,1,20.00,支付宝
ORD103531,2026-05-29,S05,P12,2,16.00,支付宝
ORD109928,2026-07-17,S04,P12,1,8.00,微信
ORD104779,2026-06-07,S02,P08,1,25.00,支付宝
ORD108592,2026-07-07,S01,P19,1,15.00,现金
ORD105119,2026-06-10,S03,P07,1,¥22.00,现金
ORD105273,2026-06-12,S03,P12,2,16.00,银行卡
ORD104525,2026-06-06,S05,P09,1,18.00,支付宝
ORD103242,2026-05-27,S01,P17,3,36.00,会员储值
ORD102480,2026-05-21,S04,P16,1,5.00,支付宝
ORD107759,2026-07-01,S03,P07,1,22.00,现金
ORD110985,2026-07-24,S04,P09,1,18.00,会员储值
ORD102778,2026-05-23,S03,P20,4,88.00,银行卡
ORD102542,2026-05-22,S02,P12,2,16.00,现金
ORD108354,2026-07-05,S03,P09,1,18.00,银行卡
ORD106134,2026-06-19,S01,P20,1,22.00,银行卡
ORD107801,2026-07-01,S02,P13,1,20.00,支付宝
ORD106245,2026-06-20,S01,P19,2,30.00,会员储值
ORD103503,2026-05-29,S02,P07,1,22.00,微信
ORD103456,2026-05-29,S05,P05,3,102.00,支付宝
ORD109287,2026-07-12,S04,P01,1,32.00,支付宝
ORD107284,2026-06-27,S03,P10,4,96.00,支付宝
ORD103687,2026-05-30,S03,P12,2,16.00,银行卡
ORD105308,2026-06-12,S04,P05,1,34.00,会员储值
ORD101791,15-05-2026,S02,P05,1,34.00,现金
ORD104772,2026-06-07,S04,P16,2,10.00,微信
ORD111155,2026-07-25,S04,P14,1,10.00,支付宝
ORD107584,2026-06-29,S05,P20,1,22.00,支付宝
ORD106845,2026-06-23,S04,P06,2,84.00,银行卡
ORD109500,2026-07-13,S03,P05,1,34.00,会员储值
ORD107290,2026-06-27,S03,P04,1,38.00,微信
ORD103257,2026-05-27,S05,P11,2,52.00,会员储值
ORD105489,2026-06-13,S02,P20,2,44.00,支付宝
ORD101652,2026-05-14,S03,P04,2,76.00,银行卡
ORD105016,2026-06-10,S01,P14,3,30.00,银行卡
ORD109608,2026-07-14,S05,P16,1,5.00,银行卡
ORD100008,2026-05-01,S02,P20,1,22.00,现金
ORD105484,2026-06-13,S02,P11,2,52.00,现金
ORD110367,2026-07-20,S05,P13,2,40.00,现金
ORD101212,2026-05-10,S05,P02,3,90.00,会员储值
ORD109395,2026-07-12,S02,P08,3,75.00,支付宝
ORD110796,2026-07-23,S05,P07,1,22.00,微信
ORD110615,2026-07-22,S05,P09,2,36.00,现金
ORD102213,2026-05-18,S02,P12,1,8.00,微信
ORD101872,2026-05-16,S02,P20,1,22.00,会员储值
ORD108043,2026-07-03,S03,P13,1,20.00,会员储值
ORD108647,2026-07-08,S01,P20,3,66.00,微信
ORD105501,2026-06-13,S05,P04,3,114.00,现金
ORD106896,2026-06-24,S02,P13,1,20.00,现金
ORD108694,2026-07-08,S01,P05,1,34.00,会员储值
ORD105104,2026-06-10,S01,P19,1,15.00,银行卡
ORD103314,2026-05-27,S04,P01,1,-32.00,支付宝
ORD105578,2026-06-14,S05,P16,3,15.00,银行卡
ORD111884,2026-07-30,S03,P10,2,48.00,支付宝
ORD108536,2026-07-07,S05,P16,3,15.00,现金
ORD102854,2026-05-24,S03,P04,1,38.00,现金
ORD101546,2026-05-13,S01,P13,2,40.00,现金
ORD106630,2026-06-22,S03,P14,1,10.00,银行卡
ORD107194,2026-06-27,S05,P19,3,45.00,银行卡
ORD111631,2026-07-29,S03,P04,1,38.00,支付宝
ORD109988,2026-07-17,S05,P11,1,26.00,现金
ORD111824,2026-07-30,S04,P18,1,18.00,银行卡
ORD109170,2026-07-11,S01,P19,3,45.00,支付宝
ORD105201,2026-06-11,S04,P01,3,96.00,现金
ORD107542,2026-06-29,S05,P07,1,22.00,现金
ORD104278,2026-06-04,S03,P09,2,36.00,微信
ORD107567,2026-06-29,S04,P11,1,26.00,现金
ORD102012,2026-05-17,S03,P11,1,26.00,现金
ORD105429,2026-06-13,S03,P19,1,15.00,微信
ORD105817,2026-06-16,S04,P06,1,42.00,支付宝
ORD105872,2026-06-16,S05,P15,2,12.00,现金
ORD110735,2026-07-22,S04,P12,1,8.00,银行卡
ORD110858,2026-07-24,S04,P06,1,42.00,会员储值
ORD104630,2026-06-07,S05,P15,2,12.00,银行卡
ORD108691,2026-07-08,S04,P04,1,38.00,会员储值
ORD111491,2026-07-27,S03,P03,2,52.00,微信
ORD101577,2026-05-13,S03,P04,3,114.00,微信
ORD100515,2026-05-04,S03,P06,1,42.00,银行卡
ORD102957,2026-05-24,S02,P08,3,75.00,银行卡
ORD105147,2026-06-11,S04,P16,1,5.00,现金
ORD106289,2026-06-20,S01,P14,1,10.00,会员储值
ORD106048,2026-06-18,S01,P05,1,34.00,会员储值
ORD105226,2026-06-11,S02,P08,1,25.00,银行卡
ORD105547,2026-06-14,S04,P15,1,6.00,银行卡
ORD101286,2026-05-10,S02,P15,3,18.00,支付宝
ORD102577,2026-05-22,S04,P12,2,16.00,现金
ORD107516,2026-06-29,S02,P04,3,114.00,支付宝
ORD108540,2026-07-07,S04,P06,1,42.00,现金
ORD103982,2026-06-01,S04,P09,2,36.00,现金
ORD105499,2026-06-13,S05,P06,2,84.00,支付宝
ORD104576,2026-06-06,S05,P02,1,30.00,银行卡
ORD102721,2026-05-23,S04,P06,1,42.00,银行卡
ORD107114,2026-06-26,S02,P09,1,18.00,现金
ORD101552,2026-05-13,S02,P05,3,102.00,支付宝
ORD106526,2026-06-21,S02,P06,1,42.00,会员储值
ORD109916,2026-07-17,S04,P16,2,10.00,银行卡
ORD105268,2026-06-12,S05,P18,1,18.00,银行卡
ORD108208,2026-07-04,S05,P09,1,18.00,支付宝
ORD107030,2026-06-25,S05,P17,1,12.00,现金
ORD101608,2026-05-13,S01,P03,4,104.00,现金
ORD111321,2026-07-26,S04,P07,1,22.00,微信
ORD102743,2026-05-23,S05,P09,1,18.00,会员储值
ORD108501,2026-07-06,S05,P11,1,26.00,微信
ORD109443,2026-07-13,S01,P13,1,20.00,现金
ORD107687,2026-06-30,S01,P18,1,18.00,支付宝
ORD103588,2026-05-30,S04,P20,1,22.00,会员储值
ORD102303,2026-05-19,S02,P20,1,22.00,微信
ORD105666,2026-06-14,S05,P16,1,5.00,现金
ORD104947,2026-06-09,S03,P02,1,30.00,微信
ORD111829,2026-07-30,S01,P10,1,24.00,银行卡
ORD105762,2026-06-15,S04,P15,1,6.00,会员储值
ORD107787,2026-07-01,S05,P06,2,84.00,支付宝
ORD107833,2026-07-01,S05,P16,1,5.00,现金
ORD101715,2026-05-15,S01,P05,1,34.00,银行卡
ORD103681,2026-05-30,S01,P04,1,38.00,银行卡
ORD110762,2026-07-23,S01,P12,1,8.00,会员储值
ORD111361,2026-07-26,S04,P14,1,10.00,现金
ORD106470,2026-06-21,S03,P03,3,78.00,现金
ORD108119,2026-07-04,S04,P10,1,24.00,会员储值
ORD109163,2026-07-11,S01,P12,1,8.00,银行卡
ORD109717,2026-07-15,S02,P04,4,152.00,会员储值
ORD100842,2026-05-07,S03,P05,1,34.00,现金
ORD110230,2026-07-19,S01,P06,1,42.00,会员储值
ORD103510,2026-05-29,S04,P05,1,34.00,微信
ORD108495,2026-07-06,S01,P16,2,10.00,支付宝
ORD110949,2026-07-24,S05,P04,3,114.00,支付宝
ORD104091,2026-06-02,S02,P05,1,34.00,支付宝
ORD105869,2026-06-16,S01,P05,2,68.00,微信
ORD110428,2026-07-20,S02,P20,1,22.00,会员储值
ORD104570,2026-06-06,S01,P06,1,42.00,微信
ORD102070,2026-05-17,S02,P19,1,15.00,现金
ORD102466,2026-05-21,S02,P08,1,25.00,银行卡
ORD104121,2026-06-03,S03,P12,3,24.00,支付宝
ORD100272,2026-05-02,S03,P06,3,126.00,支付宝
ORD102123,2026-05-17,S05,P17,2,24.00,银行卡
ORD107259,2026-06-27,S03,P05,1,34.00,支付宝
ORD110912,2026-07-24,S04,P16,1,5.00,微信
ORD108790,2026-07-09,S05,P15,3,18.00,会员储值
ORD105656,2026/06/14,S01,P14,1,10.00,银行卡
ORD111058,2026-07-25,S04,P01,2,64.00,银行卡
ORD106334,2026-06-20,S02,P17,1,12.00,银行卡
ORD110167,2026-07-18,S05,P19,3,45.00,现金
ORD110694,2026-07-22,S03,P14,2,20.00,现金
ORD101489,2026-05-12,S03,P19,1,15.00,微信
ORD111405,2026-07-27,S04,P08,2,50.00,会员储值
ORD106333,2026-06-20,S01,P14,1,10.00,会员储值
ORD109036,2026-07-10,S05,P20,1,22.00,现金
ORD110011,2026-07-17,S05,P11,1,26.00,微信
ORD100924,2026-05-08,S04,P04,2,76.00,现金
ORD107875,2026-07-02,S01,P12,1,8.00,微信
ORD106365,2026-06-20,S01,P04,1,38.00,会员储值
ORD108589,2026-07-07,S03,P20,2,44.00,微信
ORD103959,2026-06-01,S04,P07,3,66.00,现金
ORD104342,2026-06-05,S02,P12,4,32.00,现金
ORD110495,2026-07-21,S01,P07,3,66.00,银行卡
ORD103839,2026-05-31,S05,P20,2,44.00,现金
ORD107718,2026-06-30,S01,P18,1,18.00,现金
ORD105677,2026-06-14,S04,P13,1,20.00,支付宝
ORD102197,2026-05-18,S03,P15,1,6.00,微信
ORD105745,2026-06-15,S01,P03,1,26.00,现金
ORD105842,2026-06-16,S01,P12,1,8.00,现金
ORD103475,2026-05-29,S04,P11,1,26.00,银行卡
ORD100096,2026-05-01,S03,P03,2,52.00,现金
ORD111501,2026-07-27,S03,P20,2,44.00,现金
ORD100695,2026-05-06,S01,P07,2,44.00,现金
ORD102625,2026-05-22,S02,P18,1,18.00,银行卡
ORD111162,2026-07-25,S05,P17,2,24.00,现金
ORD103167,2026-05-26,S03,P12,3,24.00,会员储值
ORD105652,2026-06-14,S01,P08,1,25.00,会员储值
ORD110877,2026-07-24,S03,P10,3,72.00,会员储值
ORD101525,2026-05-13,S01,P02,2,60.00,微信
ORD100501,2026-05-04,S04,P04,4,152.00,会员储值
ORD102077,2026-05-17,S04,P19,1,15.00,支付宝
ORD110875,2026-07-24,S05,P11,1,26.00,微信
ORD109142,2026-07-11,S01,P14,2,20.00,支付宝
ORD108418,2026-07-06,S04,P01,1,32.00,支付宝
ORD103288,2026-05-27,S03,P17,1,12.00,会员储值
ORD109151,2026-07-11,S02,P18,1,18.00,会员储值
ORD100146,2026-05-02,S05,P09,1,18.00,支付宝
ORD106275,2026-06-20,S03,P02,1,30.00,支付宝
ORD104744,2026-06-07,S02,P09,2,36.00,银行卡
ORD110157,2026-07-18,S02,P15,2,12.00,微信
ORD101082,2026-05-09,S04,P14,3,30.00,现金
ORD100094,2026-05-01,S01,P20,1,22.00,会员储值
ORD110014,2026-07-17,S05,P05,1,34.00,会员储值
ORD109182,2026-07-11,S03,P15,2,12.00,支付宝
ORD104855,2026-06-08,S04,P16,1,5.00,支付宝
ORD111010,2026-07-25,S02,P06,1,42.00,微信
ORD102771,2026-05-23,S02,P12,1,8.00,现金
ORD100596,2026-05-05,S02,P01,2,64.00,微信
ORD101355,2026-05-11,S03,P12,3,24.00,支付宝
ORD104307,2026-06-05,S04,P20,1,22.00,支付宝
ORD100986,2026-05-09,S05,P13,2,40.00,现金
ORD102686,2026-05-23,S03,P17,2,24.00,会员储值
ORD111697,2026-07-29,S04,P02,4,120.00,现金
ORD101517,2026-05-13,S04,P15,3,18.00,微信
ORD110429,2026-07-20,S05,P10,1,24.00,会员储值
ORD104555,2026-06-06,S02,P05,2,68.00,银行卡
ORD102926,2026-05-24,S03,P09,1,18.00,微信
ORD111364,2026-07-26,S05,P09,2,36.00,现金
ORD102282,2026-05-19,S02,P01,2,64.00,现金
ORD110091,2026-07-18,S05,P07,1,22.00,现金
ORD110028,2026-07-18,S01,P02,1,30.00,银行卡
ORD109894,2026-07-17,S03,P13,1,20.00,支付宝
ORD106576,2026-06-21,S05,P17,1,12.00,现金
ORD101877,2026-05-16,S01,P12,1,8.00,会员储值
ORD101400,2026-05-12,S05,P13,2,40.00,微信
ORD104925,2026-06-09,S05,P06,4,168.00,会员储值
ORD102425,2026-05-20,S04,P13,1,20.00,微信
ORD103838,2026-05-31,S02,P05,3,102.00,现金
ORD105533,2026-06-14,S03,P08,1,25.00,现金
ORD111732,2026-07-29,S03,P10,1,24.00,现金
ORD102336,2026-05-20,S03,P06,1,42.00,会员储值
ORD100710,2026-05-06,S02,P06,1,42.00,微信
ORD108277,2026-07-05,S04,P05,1,34.00,微信
ORD108723,2026-07-08,S01,P12,1,8.00,现金
ORD104103,2026-06-03,S01,P15,1,6.00,银行卡
ORD105919,2026-06-17,S05,P04,2,76.00,会员储值
ORD111606,2026-07-28,S01,P04,2,76.00,现金
ORD109658,2026-07-15,S03,P06,2,84.00,微信
ORD104373,2026-06-06,S05,P08,1,25.00,现金
ORD108002,2026-07-03,S03,P05,1,34.00,微信
ORD110750,2026-07-23,S05,P04,1,38.00,银行卡
ORD100415,2026-05-03,S03,P15,1,6.00,支付宝
ORD105172,2026-06-11,S04,P10,1,24.00,支付宝
ORD102404,2026-05-20,S02,P18,1,18.00,微信
ORD105624,2026-06-14,S02,P18,1,18.00,微信
ORD109646,2026-07-15,S03,P11,1,26.00,现金
ORD103608,2026-05-30,S02,P15,4,24.00,银行卡
ORD100034,2026-05-01,S04,P07,2,44.00,银行卡
ORD103550,2026-05-29,S03,P14,2,20.00,现金
ORD109937,2026-07-17,S03,P20,2,44.00,会员储值
ORD101206,2026-05-10,S03,P01,3,96.00,会员储值
ORD105306,2026-06-12,S03,P11,1,26.00,现金
ORD111091,2026-07-25,S02,P16,1,5.00,支付宝
ORD109130,2026-07-11,S05,P02,2,60.00,会员储值
ORD106166,2026-06-19,S04,P09,2,36.00,银行卡
ORD102502,2026-05-21,S03,P19,2,30.00,会员储值
ORD103998,2026-06-02,S03,P15,2,12.00,现金
ORD110504,2026-07-21,S03,P15,1,6.00,会员储值
ORD110736,2026-07-22,S01,P03,1,26.00,微信
ORD109158,2026-07-11,S05,P12,2,16.00,会员储值
ORD106797,2026-06-23,S03,P05,2,68.00,现金
ORD111267,2026-07-26,S01,P11,1,26.00,现金
ORD106378,2026-06-20,S05,P10,1,24.00,微信
ORD106627,2026-06-22,S05,P11,1,26.00,现金
ORD102904,2026-05-24,S02,P19,2,30.00,微信
ORD107112,2026-06-26,S04,P18,1,18.00,现金
ORD105519,2026-06-13,S01,P07,1,22.00,银行卡
ORD100587,2026-05-05,S01,P18,1,18.00,现金
ORD100260,2026-05-02,S03,P05,2,68.00,银行卡
ORD100503,2026-05-04,S05,P05,2,68.00,微信
ORD108158,2026-07-04,S03,P10,3,72.00,现金
ORD107161,2026-06-26,S03,P09,1,18.00,现金
ORD111579,2026-07-28,S01,P01,2,64.00,会员储值
ORD106392,2026-06-20,S04,P02,1,30.00,现金
ORD100380,2026-05-03,S02,P14,1,10.00,银行卡
ORD103082,2026-05-25,S01,P19,2,30.00,银行卡
ORD108047,2026-07-03,S05,P04,1,38.00,支付宝
ORD111422,2026-07-27,S03,P17,1,12.00,会员储值
ORD107438,2026-06-28,S02,P07,1,22.00,会员储值
ORD104618,2026-06-07,S01,P16,1,5.00,支付宝
ORD101787,2026-05-15,S01,P08,1,25.00,银行卡
ORD107039,2026-06-25,S02,P13,3,60.00,微信
ORD101242,2026-05-10,S02,P05,3,102.00,现金
ORD105637,2026-06-14,S04,P02,3,90.00,现金
ORD107603,2026-06-29,S04,P11,1,26.00,会员储值
ORD107100,2026-06-26,S02,P10,1,24.00,会员储值
ORD111357,2026-07-26,S01,P18,1,18.00,会员储值
ORD100693,2026-05-06,S03,P08,1,25.00,会员储值
ORD105368,2026-06-13,S03,P19,1,15.00,银行卡
ORD108558,2026-07-07,S05,P17,1,12.00,会员储值
ORD101300,2026-05-11,S05,P14,1,10.00,现金
ORD102503,2026-05-21,S05,P01,2,64.00,现金
ORD108605,2026-07-07,S04,P09,1,18.00,支付宝
ORD100785,2026-05-07,S05,P07,1,22.00,银行卡
ORD109227,2026-07-12,S05,P02,2,60.00,银行卡
ORD104123,2026/06/03,S01,P14,2,20.00,会员储值
ORD106585,2026-06-21,S03,P04,1,38.00,会员储值
ORD102388,2026-05-20,S02,P05,1,34.00,微信
ORD106041,2026-06-18,S01,P10,2,48.00,支付宝
ORD106005,2026-06-17,S04,P16,1,5.00,微信
ORD108539,2026-07-07,S04,P02,1,30.00,现金
ORD104609,2026-06-07,S02,P12,2,-16.00,支付宝
ORD111068,2026-07-25,S03,P07,1,22.00,现金
ORD108962,2026-07-10,S02,P16,4,20.00,会员储值
ORD107007,2026-06-25,S05,P03,2,52.00,会员储值
ORD105033,2026-06-10,S03,P18,3,54.00,支付宝
ORD103727,2026-05-31,S01,P10,1,24.00,银行卡
ORD101660,2026-05-14,S04,P09,1,18.00,微信
ORD111234,2026-07-26,S02,P05,2,68.00,支付宝
ORD104129,2026-06-03,S03,P15,2,12.00,银行卡
ORD104575,2026-06-06,S05,P18,1,18.00,微信
ORD111274,2026-07-26,S03,P15,1,6.00,微信
ORD106998,2026-06-25,S01,P08,2,50.00,现金
ORD100330,2026-05-03,S01,P07,1,22.00,会员储值
ORD100628,2026-05-05,S03,P05,1,34.00,支付宝
ORD103378,2026-05-28,S04,P14,1,10.00,微信
ORD111100,2026-07-25,S01,P11,2,52.00,银行卡
ORD102561,2026-05-22,S03,P07,4,88.00,银行卡
ORD104915,2026-06-09,S05,P09,1,18.00,会员储值
ORD103529,2026-05-29,S02,P09,1,18.00,现金
ORD100224,2026-05-02,S01,P01,2,64.00,会员储值
ORD106091,2026-06-18,S05,P12,2,16.00,现金
ORD109653,2026-07-15,S02,P14,4,40.00,现金
ORD107393,2026-06-28,S04,P17,1,12.00,会员储值
ORD103653,2026-05-30,S03,P06,1,42.00,银行卡
ORD106908,2026-06-24,S01,P13,1,20.00,会员储值
ORD102191,2026-05-18,S03,P18,1,18.00,银行卡
ORD103196,2026-05-26,S04,P19,1,15.00,支付宝
ORD104490,2026-06-06,S02,P17,2,24.00,支付宝
ORD104201,2026-06-04,S04,P09,2,36.00,支付宝
ORD103526,2026-05-29,S01,P13,1,20.00,银行卡
ORD108753,2026-07-08,S03,P15,1,6.00,会员储值
ORD109972,2026-07-17,S02,P02,1,30.00,会员储值
ORD105843,2026-06-16,S02,P14,2,20.00,银行卡
ORD102558,2026-05-22,S02,P07,1,22.00,微信
ORD111152,2026-07-25,S01,P15,2,12.00,微信
ORD110568,2026-07-21,S01,P17,2,24.00,会员储值
ORD111593,2026-07-28,S04,P04,1,38.00,现金
ORD103709,2026-05-30,S05,P14,1,10.00,支付宝
ORD105520,2026-06-13,S01,P05,2,,现金
ORD105938,2026-06-17,S02,P18,1,18.00,会员储值
ORD107420,2026-06-28,S05,P16,1,5.00,微信
ORD108791,2026-07-09,S05,P05,1,34.00,会员储值
ORD101504,2026-05-13,S01,P17,1,12.00,银行卡
ORD101120,2026-05-09,S05,P01,2,64.00,会员储值
ORD101981,2026-05-16,S04,P02,3,90.00,会员储值
ORD109048,2026-07-11,S01,P17,2,24.00,微信
ORD110752,2026-07-23,S03,P15,1,6.00,银行卡
ORD110349,2026-07-20,S02,P16,1,5.00,微信
ORD105553,2026-06-14,S04,P12,1,8.00,银行卡
ORD101218,2026-05-10,S05,P11,1,26.00,现金
ORD110860,2026-07-24,S04,P07,3,66.00,微信
ORD108634,2026-07-08,S04,P01,1,32.00,银行卡
ORD104324,2026-06-05,S01,P12,1,8.00,现金
ORD103383,2026-05-28,S01,P10,1,24.00,银行卡
ORD105023,2026-06-10,S04,P13,1,20.00,现金
ORD102248,2026-05-19,S02,P08,2,50.00,会员储值
ORD100509,2026-05-04,S03,P03,2,52.00,会员储值
ORD100003,2026-05-01,S05,P16,3,15.00,支付宝
ORD101937,2026-05-16,S02,P03,4,104.00,现金
ORD102262,2026-05-19,S03,P10,2,48.00,支付宝
ORD107551,2026-06-29,S04,P01,2,64.00,银行卡
ORD103455,2026-05-29,S03,P01,0,96.00,微信
ORD102652,2026-05-23,S01,P17,1,12.00,银行卡
ORD107858,2026-07-02,S03,P11,1,26.00,微信
ORD111700,2026-07-29,S01,P19,2,30.00,支付宝
ORD100276,2026-05-02,S03,P15,2,12.00,银行卡
ORD103052,2026-05-25,S04,P04,3,114.00,支付宝
ORD108693,2026-07-08,S04,P06,1,42.00,现金
ORD102335,2026-05-20,S01,P12,4,32.00,微信
ORD105266,2026-06-12,S01,P13,2,40.00,银行卡
ORD107464,2026-06-28,S03,P03,1,26.00,银行卡
ORD110424,2026-07-20,S01,P04,1,38.00,现金
ORD105904,2026-06-17,S03,P20,1,22.00,微信
ORD111654,2026-07-29,S02,P02,1,30.00,微信
ORD101181,2026-05-10,S01,P06,1,42.00,银行卡
ORD108083,2026-07-03,S01,P18,2,36.00,支付宝
ORD111951,2026-07-31,S01,P17,1,12.00,现金
ORD110152,2026-07-18,S01,P01,2,64.00,会员储值
ORD110339,2026-07-19,S02,P03,1,26.00,现金
ORD105354,2026-06-13,S02,P13,4,¥80.00,现金
ORD109094,2026-07-11,S05,P06,2,84.00,支付宝
ORD111493,2026-07-27,S04,P06,3,126.00,会员储值
ORD103904,2026-06-01,S01,P13,1,20.00,现金
ORD111620,2026-07-29,S02,P11,2,52.00,会员储值
ORD110130,2026-07-18,S03,P13,2,40.00,微信
ORD102133,2026-05-18,S01,P01,1,32.00,会员储值
ORD111059,2026-07-25,S01,P19,1,15.00,银行卡
ORD103151,2026-05-26,S01,P20,2,44.00,会员储值
ORD110326,2026-07-19,S03,P13,2,,微信
ORD105786,2026-06-16,S03,P01,3,96.00,现金
ORD106112,2026-06-18,S05,P09,2,36.00,微信
ORD104641,2026-06-07,S03,P18,1,18.00,银行卡
ORD100970,2026-05-08,S04,P10,2,48.00,会员储值
ORD108566,2026-07-07,S01,P04,1,38.00,支付宝
ORD110196,2026-07-19,S01,P20,2,44.00,会员储值
ORD101150,2026-05-10,S01,P07,1,22.00,会员储值
ORD101574,2026-05-13,S05,P10,1,24.00,会员储值
ORD105592,2026-06-14,S02,P09,1,18.00,银行卡
ORD110098,2026-07-18,S02,P12,1,8.00,银行卡
ORD103118,2026-05-26,S05,P05,4,136.00,微信
ORD109229,2026-07-12,S01,P13,2,40.00,微信
ORD110618,2026-07-22,S04,P02,2,60.00,微信
ORD102966,2026-05-24,S03,P20,1,22.00,现金
ORD110962,2026-07-24,S05,P12,2,16.00,银行卡
ORD103152,2026-05-26,S03,P02,4,120.00,银行卡
ORD110064,2026-07-18,S04,P15,4,24.00,现金
ORD104416,2026-06-06,S01,P03,3,78.00,支付宝
ORD106127,2026-06-19,S05,P15,2,12.00,银行卡
ORD105849,2026-06-16,S05,P18,1,18.00,会员储值
ORD107944,2026-07-02,S05,P05,2,68.00,支付宝
ORD103560,2026-05-30,S02,P02,3,90.00,微信
ORD108404,2026-07-05,S01,P05,1,34.00,银行卡
ORD101372,2026-05-11,S05,P07,1,22.00,会员储值
ORD104516,2026-06-06,S03,P09,1,18.00,银行卡
ORD105231,2026-06-11,S02,P07,1,22.00,银行卡
ORD109352,2026-07-12,S01,P11,1,26.00,银行卡
ORD102678,2026-05-23,S01,P14,2,20.00,现金
ORD109144,2026-07-11,S02,P07,1,22.00,银行卡
ORD110027,2026-07-18,S04,P19,1,15.00,支付宝
ORD107448,2026-06-28,S02,P14,1,10.00,银行卡
ORD101302,2026-05-11,S01,P12,2,16.00,银行卡
ORD103220,2026-05-27,S04,P10,2,48.00,微信
ORD102346,2026-05-20,S02,P01,1,32.00,会员储值
ORD102982,2026-05-25,S04,P18,1,18.00,会员储值
ORD100954,2026-05-08,S05,P16,2,10.00,支付宝
ORD101763,2026-05-15,S02,P09,2,36.00,微信
ORD104216,2026-06-04,S01,P19,1,15.00,会员储值
ORD101099,2026-05-09,S05,P03,1,,银行卡
ORD109600,2026-07-14,S01,P06,1,42.00,银行卡
ORD109449,2026-07-13,S01,P06,1,42.00,支付宝
ORD109703,2026-07-15,S03,P03,2,52.00,现金
ORD111888,2026-07-30,S02,P18,4,72.00,现金
ORD107369,2026-06-28,S04,P15,1,6.00,银行卡
ORD110055,2026-07-18,S05,P07,1,22.00,支付宝
ORD109299,2026-07-12,S01,P20,3,66.00,微信
ORD107199,2026-06-27,S04,P16,1,5.00,微信
ORD101450,2026-05-12,S01,P02,1,30.00,现金
ORD107426,2026-06-28,S05,P05,1,34.00,现金
ORD100850,2026-05-07,S01,P02,2,,银行卡
ORD107069,2026-06-26,S02,P18,1,18.00,支付宝
ORD108984,2026-07-10,S04,P13,4,80.00,支付宝
ORD110619,2026-07-22,S05,P05,4,136.00,会员储值
ORD104495,2026-06-06,S02,P09,1,18.00,支付宝
ORD107973,2026-07-03,S02,P18,3,54.00,会员储值
ORD104102,2026-06-03,S01,P04,1,38.00,现金
ORD111948,2026-07-31,S02,P04,1,38.00,微信
ORD104788,2026-06-07,S04,P17,1,12.00,微信
ORD111919,2026-07-31,S05,P13,1,20.00,会员储值
ORD109112,2026-07-11,S02,P01,2,64.00,会员储值
ORD104595,2026-06-07,S02,P20,2,44.00,现金
ORD102640,2026-05-22,S05,P16,2,10.00,现金
ORD102477,2026-05-21,S03,P08,2,50.00,银行卡
ORD108516,2026-07-06,S02,P09,4,72.00,会员储值
ORD111304,2026-07-26,S01,P12,1,8.00,会员储值
ORD107458,2026-06-28,S02,P12,2,16.00,银行卡
ORD105032,2026-06-10,S05,P10,2,48.00,会员储值
ORD106077,2026-06-18,S03,P17,1,12.00,银行卡
ORD107824,2026-07-01,S05,P20,2,44.00,现金
ORD110855,2026-07-24,S03,P16,2,10.00,会员储值
ORD108349,2026-07-05,S02,P10,1,24.00,微信
ORD108366,2026-07-05,S03,P05,1,34.00,现金
ORD108441,2026-07-06,S01,P16,1,5.00,银行卡
ORD105324,2026-06-12,S04,P08,1,25.00,微信
ORD109367,2026-07-12,S03,P17,4,48.00,微信
ORD100214,2026-05-02,S04,P05,1,34.00,微信
ORD110807,2026-07-23,S04,P12,2,16.00,银行卡
ORD106414,2026-06-20,S05,P11,2,52.00,微信
ORD109573,2026-07-14,S01,P16,2,10.00,支付宝
ORD111228,2026-07-26,S03,P19,2,30.00,支付宝
ORD111243,2026-07-26,S01,P01,1,32.00,银行卡
ORD111945,2026-07-31,S05,P07,1,22.00,微信
ORD101533,2026-05-13,S01,P07,2,44.00,银行卡
ORD108138,2026-07-04,S01,P09,1,18.00,现金
ORD104362,2026-06-05,S03,P15,4,24.00,支付宝
ORD106636,2026-06-22,S04,P15,1,6.00,会员储值
ORD106902,2026-06-24,S04,P20,3,66.00,会员储值
ORD110169,2026-07-18,S02,P08,1,25.00,微信
ORD109528,2026-07-13,S04,P01,2,64.00,现金
ORD106032,2026-06-18,S05,P09,1,18.00,会员储值
ORD104718,2026-06-07,S03,P13,4,80.00,会员储值
ORD102237,2026-05-19,S05,P03,2,52.00,现金
ORD110197,2026-07-19,S04,P11,2,52.00,支付宝
ORD111828,2026-07-30,S01,P13,1,20.00,银行卡
ORD109077,2026-07-11,S01,P13,2,40.00,银行卡
ORD102456,2026-05-21,S05,P16,1,5.00,微信
ORD106942,2026-06-24,S04,P16,1,5.00,支付宝
ORD104057,2026-06-02,S04,P03,1,26.00,银行卡
ORD106314,2026-06-20,S04,P12,4,32.00,会员储值
ORD110208,2026-07-19,S03,P07,1,22.00,银行卡
ORD106593,2026-06-21,S01,P13,1,20.00,银行卡
ORD106568,2026-06-21,S04,P15,3,18.00,现金
ORD108383,2026-07-05,S01,P11,1,26.00,微信
ORD108251,2026-07-05,S03,P04,1,38.00,会员储值
ORD101664,2026-05-14,S02,P02,1,30.00,现金
ORD105136,2026-06-11,S02,P04,2,76.00,银行卡
ORD108296,2026-07-05,S02,P08,1,25.00,支付宝
ORD105989,2026-06-17,S02,P04,2,76.00,会员储值
ORD101163,2026-05-10,S02,P09,1,18.00,微信
ORD103252,2026-05-27,S01,P08,2,50.00,现金
ORD107821,2026/07/01,S02,P16,2,10.00,会员储值
ORD111560,2026-07-28,S03,P17,1,12.00,支付宝
ORD106100,2026-06-18,S03,P13,3,60.00,会员储值
ORD104041,2026-06-02,S04,P20,1,22.00,支付宝
ORD108350,2026-07-05,S05,P03,1,26.00,现金
ORD104613,2026-06-07,S02,P19,2,30.00,现金
ORD103823,2026-05-31,S01,P14,1,10.00,现金
ORD106136,2026-06-19,S02,P15,1,6.00,微信
ORD110302,2026-07-19,S03,P13,1,20.00,支付宝
ORD102523,2026-05-21,S04,P18,2,36.00,银行卡
ORD108960,2026-07-10,S01,P15,3,18.00,微信
ORD107813,2026-07-01,S03,P12,1,8.00,支付宝
ORD103418,2026-05-28,S04,P13,1,20.00,银行卡
ORD103564,2026-05-30,S04,P17,1,12.00,现金
ORD105551,2026-06-14,S02,P10,4,96.00,微信
ORD106809,2026-06-23,S02,P11,2,52.00,银行卡
ORD104191,2026-06-03,S04,P03,2,52.00,银行卡
ORD108390,2026-07-05,S05,P05,1,34.00,微信
ORD103756,2026-05-31,S02,P02,2,60.00,现金
ORD102021,2026-05-17,S01,P04,2,76.00,会员储值
ORD110947,2026-07-24,S03,P09,1,18.00,会员储值
ORD109108,2026-07-11,S01,P01,4,128.00,银行卡
ORD110379,2026-07-20,S04,P14,4,40.00,银行卡
ORD100063,2026-05-01,S02,P13,1,20.00,会员储值
ORD108317,2026-07-05,S04,P20,3,66.00,会员储值
ORD103620,2026-05-30,S04,P16,1,5.00,现金
ORD107363,2026-06-28,S02,P19,1,15.00,银行卡
ORD101138,2026-05-10,S04,P08,1,25.00,会员储值
ORD107331,2026-06-27,S04,P03,1,26.00,银行卡
ORD102689,2026-05-23,S03,P02,1,30.00,现金
ORD109027,2026-07-10,S03,P06,1,42.00,会员储值
ORD110573,2026-07-21,S05,P09,3,54.00,银行卡
ORD111418,2026-07-27,S04,P16,1,5.00,银行卡
ORD101527,2026-05-13,S04,P04,1,38.00,会员储值
ORD108740,2026-07-08,S04,P07,2,44.00,现金
ORD106045,2026-06-18,S05,P18,2,36.00,银行卡
ORD102518,2026-05-21,S02,P20,1,22.00,微信
ORD103184,2026-05-26,S05,P10,1,24.00,银行卡
ORD107497,2026-06-28,S04,P19,1,15.00,支付宝
ORD103008,2026-05-25,S02,P06,1,42.00,银行卡
ORD110993,2026-07-25,S04,P09,1,18.00,现金
ORD103586,2026-05-30,S04,P14,1,10.00,支付宝
ORD109231,2026-07-12,S05,P09,2,36.00,支付宝
ORD103593,2026-05-30,S05,P15,2,12.00,会员储值
ORD104715,2026-06-07,S05,P18,4,72.00,支付宝
ORD100674,2026-05-06,S05,P06,2,84.00,微信
ORD105465,2026-06-13,S04,P06,2,84.00,银行卡
ORD101180,2026-05-10,S04,P16,2,10.00,微信
ORD107876,2026-07-02,S01,P13,2,40.00,现金
ORD104016,2026-06-02,S05,P07,1,22.00,支付宝
ORD112025,2026-07-31,S05,P04,1,38.00,银行卡
ORD101721,2026-05-15,S03,P07,3,66.00,微信
ORD107152,2026-06-26,S02,P05,1,34.00,银行卡
ORD111309,2026-07-26,S05,P15,1,6.00,支付宝
ORD110707,2026-07-22,S05,P20,1,22.00,银行卡
ORD108604,2026-07-07,S05,P03,3,78.00,银行卡
ORD101647,2026-05-14,S03,P04,4,152.00,现金
ORD109672,2026-07-15,S05,P02,2,60.00,银行卡
ORD102564,2026-05-22,S03,P09,1,18.00,会员储值
ORD103483,2026-05-29,S02,P18,2,36.00,银行卡
ORD100190,2026-05-02,S05,P10,3,72.00,会员储值
ORD105287,2026-06-12,S04,P09,2,36.00,银行卡
ORD109206,2026-07-12,S02,P16,3,15.00,支付宝
ORD103765,2026-05-31,S01,P12,2,16.00,银行卡
ORD100957,2026-05-08,S05,P11,1,26.00,会员储值
ORD100015,2026-05-01,S05,P02,2,60.00,支付宝
ORD105998,2026-06-17,S02,P13,1,20.00,现金
ORD108299,2026-07-05,S05,P12,1,8.00,银行卡
ORD105883,2026-06-16,S02,P03,2,52.00,微信
ORD104696,2026-06-07,S04,P14,2,20.00,微信
ORD108533,2026-07-07,S01,P10,1,24.00,支付宝
ORD105711,2026-06-15,S01,P02,1,30.00,现金
ORD110148,2026-07-18,S04,P03,4,104.00,银行卡
ORD106461,2026-06-21,S05,P15,1,6.00,银行卡
ORD101009,2026-05-09,S03,P19,1,15.00,支付宝
ORD108236,2026-07-04,S01,P12,3,24.00,会员储值
ORD108488,2026-07-06,S03,P20,1,22.00,现金
ORD111227,2026-07-26,S05,P18,3,54.00,会员储值
ORD100124,2026-05-02,S03,P03,1,26.00,现金
ORD103163,2026-05-26,S05,P10,3,72.00,会员储值
ORD111663,2026-07-29,S01,P18,1,18.00,微信
ORD104292,2026-06-05,S03,P14,3,30.00,银行卡
ORD109634,2026-07-14,S03,P09,4,72.00,会员储值
ORD111619,2026-07-29,S01,P06,1,42.00,微信
ORD100568,2026-05-04,S01,P07,2,44.00,现金
ORD102965,2026-05-24,S05,P18,1,18.00,支付宝
ORD101354,2026-05-11,S01,P14,1,10.00,支付宝
ORD101996,2026-05-17,S01,P18,2,36.00,微信
ORD105056,2026-06-10,S03,P06,2,84.00,支付宝
ORD110240,2026-07-19,S05,P17,1,12.00,会员储值
ORD110199,2026-07-19,S03,P17,1,12.00,微信
ORD109331,2026-07-12,S03,P05,2,68.00,会员储值
ORD108481,2026-07-06,S02,P12,2,16.00,会员储值
ORD100267,2026-05-02,S05,P05,3,102.00,银行卡
ORD107831,2026-07-01,S05,P14,1,10.00,支付宝
ORD109081,2026-07-11,S01,P15,3,18.00,现金
ORD109696,2026-07-15,S02,P10,2,48.00,现金
ORD107318,2026-06-27,S05,P11,1,26.00,现金
ORD101628,2026-05-14,S05,P03,2,52.00,微信
ORD102403,2026-05-20,S03,P20,1,22.00,微信
ORD103591,2026-05-30,S03,P12,2,16.00,会员储值
ORD108746,2026-07-08,S04,P03,1,26.00,银行卡
ORD101857,2026-05-16,S05,P11,1,26.00,现金
ORD109218,2026-07-12,S01,P12,1,8.00,会员储值
ORD108479,2026-07-06,S03,P16,3,15.00,银行卡
ORD103474,2026-05-29,S01,P01,2,64.00,会员储值
ORD104060,2026-06-02,S05,P14,1,10.00,支付宝
ORD105278,2026-06-12,S05,P15,3,18.00,微信
ORD100985,2026-05-09,S05,P06,2,84.00,会员储值
ORD102108,2026-05-17,S05,P18,1,18.00,支付宝
ORD110479,2026-07-21,S02,P04,1,38.00,会员储值
ORD111976,2026-07-31,S03,P11,2,52.00,微信
ORD103093,2026-05-25,S04,P19,1,15.00,银行卡
ORD110749,2026-07-23,S03,P11,1,26.00,现金
ORD107561,2026-06-29,S01,P10,2,48.00,会员储值
ORD100786,2026-05-07,s01,P05,2,68.00,银行卡
ORD103856,2026-05-31,S05,P12,2,16.00,微信
ORD111269,2026-07-26,S03,P08,1,25.00,支付宝
ORD107629,2026-06-29,S02,P12,1,8.00,银行卡
ORD110324,2026-07-19,S01,P17,3,36.00,支付宝
ORD110973,2026-07-24,S03,P10,2,48.00,银行卡
ORD106622,2026-06-22,S04,P09,1,18.00,会员储值
ORD105573,2026-06-14,S02,P19,1,15.00,支付宝
ORD109051,2026-07-11,S03,P01,2,64.00,微信
ORD106491,2026-06-21,S04,P05,2,68.00,微信
ORD109779,2026-07-16,S03,P13,2,40.00,会员储值
ORD101621,2026-05-14,S04,P01,2,64.00,微信
ORD111454,2026-07-27,S05,P12,1,8.00,会员储值
ORD103363,2026-05-28,S02,P18,3,54.00,微信
ORD106693,2026-06-22,S05,P02,1,30.00,支付宝
ORD101620,2026-05-14,S01,P15,1,6.00,支付宝
ORD100784,2026-05-07,S05,P18,1,18.00,支付宝
ORD102348,2026-05-20,S01,P15,2,12.00,会员储值
ORD102122,2026-05-17,S03,P08,3,75.00,银行卡
ORD101274,2026-05-10,S04,P11,1,26.00,银行卡
ORD103717,2026-05-30,S04,P20,1,22.00,银行卡
ORD101823,2026-05-15,S04,P04,1,38.00,银行卡
ORD103789,2026-05-31,S03,P13,2,40.00,会员储值
ORD111776,2026-07-30,S02,P10,2,48.00,微信
ORD111119,2026-07-25,S01,P02,1,30.00,银行卡
ORD111104,2026-07-25,S04,P08,1,25.00,现金
ORD110132,2026-07-18,S04,P02,1,30.00,支付宝
ORD108719,2026-07-08,S05,P17,3,36.00,支付宝
ORD105177,2026-06-11,S05,P17,1,12.00,现金
ORD105653,2026-06-14,S03,P01,1,32.00,微信
ORD105713,2026-06-15,S01,P15,1,6.00,现金
ORD100681,2026-05-06,S05,P07,4,88.00,支付宝
ORD101349,2026-05-11,S05,P06,1,42.00,银行卡
ORD101701,2026/05/14,S05,P09,1,18.00,支付宝
ORD108498,2026-07-06,S01,P19,2,30.00,支付宝
ORD108924,2026-07-10,S03,P02,2,60.00,银行卡
ORD103720,2026-05-31,S02,P18,1,18.00,微信
ORD104831,2026-06-08,S02,P18,2,36.00,银行卡
ORD104811,2026-06-08,S02,P18,1,18.00,支付宝
ORD102442,2026-05-21,S03,P99,1,8.00,微信
ORD110467,2026-07-21,S04,P15,1,6.00,微信
ORD111115,2026-07-25,S03,P01,1,32.00,会员储值
ORD110060,2026-07-18,S01,P05,2,68.00,会员储值
ORD109005,2026-07-10,S03,P04,3,114.00,支付宝
ORD111021,2026-07-25,S05,P07,-1,44.00,支付宝
ORD110081,2026-07-18,S01,P07,2,44.00,银行卡
ORD100721,2026-05-06,S05,P03,2,52.00,支付宝
ORD106115,2026-06-18,S05,P02,2,60.00,会员储值
ORD109513,2026-07-13,S04,P18,2,36.00,微信
ORD104421,2026-06-06,S05,P02,2,60.00,银行卡
ORD104311,2026-06-05,S04,P12,1,8.00,银行卡
ORD104133,2026-06-03,S01,P20,1,22.00,银行卡
ORD100218,2026-05-02,S03,P01,2,64.00,微信
ORD107028,2026-06-25,S05,P05,1,34.00,会员储值
ORD106263,2026-06-20,S03,P18,1,18.00,支付宝
ORD109978,2026-07-17,S01,P11,1,26.00,支付宝
ORD106948,2026-06-24,S03,P04,1,38.00,支付宝
ORD107324,2026-06-27,S04,P09,3,54.00,微信
ORD103776,2026-05-31,S03,P18,3,54.00,银行卡
ORD109665,2026-07-15,S04,P10,1,24.00,银行卡
ORD108401,2026-07-05,S05,P10,3,72.00,银行卡
ORD108218,2026-07-04,S04,P09,1,18.00,会员储值
ORD109850,2026-07-16,S04,P01,1,32.00,支付宝
ORD105929,2026-06-17,S05,P17,1,12.00,现金
ORD104566,2026-06-06,S02,P10,1,24.00,支付宝
ORD110706,2026-07-22,S04,P08,1,25.00,微信
ORD101199,2026-05-10,S01,P18,1,18.00,微信
ORD108923,2026-07-10,S05,P03,1,26.00,微信
ORD104679,2026-06-07,S03,P03,1,26.00,现金
ORD100295,2026-05-03,S02,P02,1,30.00,现金
ORD102633,2026-05-22,S03,P01,1,32.00,微信
ORD103706,2026-05-30,S04,P12,2,16.00,微信
ORD108777,2026-07-09,S05,P17,1,12.00,支付宝
ORD102817,2026-05-24,S04,P16,3,15.00,会员储值
ORD105816,2026-06-16,S03,P19,1,15.00,现金
ORD101244,2026-05-10,S02,P11,1,26.00,微信
ORD106101,2026-06-18,S03,P11,1,26.00,支付宝
ORD102054,2026-05-17,S05,P19,1,15.00,微信
ORD109982,2026-07-17,S04,P01,2,64.00,微信
ORD104558,2026-06-06,S05,P14,1,10.00,支付宝
ORD101776,2026-05-15,S01,P11,1,26.00,银行卡
ORD107999,2026-07-03,S03,P11,2,52.00,现金
ORD104280,2026-06-04,S04,P11,2,52.00,现金
ORD102017,2026-05-17,S02,P15,2,12.00,现金
ORD100393,2026-05-03,S01,P17,1,12.00,现金
ORD100521,2026-05-04,S02,P08,1,25.00,现金
ORD111585,28-07-2026,S01,P07,3,66.00,支付宝
ORD100101,2026-05-01,S04,P18,2,36.00,银行卡
ORD104157,2026-06-03,S02,P12,1,8.00,会员储值
ORD103017,2026-05-25,S02,P18,3,54.00,现金
ORD104743,2026-06-07,S02,P13,2,40.00,银行卡
ORD110415,2026-07-20,S05,P10,2,48.00,银行卡
ORD107136,2026-06-26,S05,P19,1,15.00,微信
ORD110347,2026-07-20,S04,P05,1,34.00,会员储值
ORD112004,2026-07-31,S05,P15,2,12.00,微信
ORD103388,2026-05-28,S02,P19,1,15.00,支付宝
ORD101187,2026-05-10,S02,P09,4,72.00,会员储值
ORD109685,2026-07-15,S02,P01,1,32.00,现金
ORD110698,2026-07-22,S04,P08,1,25.00,银行卡
ORD102568,2026-05-22,S02,P10,2,48.00,微信
ORD110411,2026-07-20,S05,P17,1,12.00,会员储值
ORD103353,2026-05-28,S05,P12,3,24.00,支付宝
ORD102105,2026-05-17,S04,P12,2,16.00,银行卡
ORD103394,2026-05-28,S04,P04,3,114.00,微信
ORD108376,2026-07-05,S03,P10,2,48.00,银行卡
ORD101342,2026-05-11,S01,P09,2,36.00,银行卡
ORD106422,2026-06-21,S01,P12,2,16.00,银行卡
ORD110647,2026-07-22,S02,P07,3,66.00,银行卡
ORD111499,2026-07-27,S04,P19,1,15.00,现金
ORD103902,2026-06-01,S02,P16,4,20.00,微信
ORD105516,2026-06-13,S04,P02,1,30.00,现金
ORD109743,2026-07-15,S04,P01,1,32.00,银行卡
ORD100915,2026-05-08,S03,P12,1,8.00,会员储值
ORD103159,2026-05-26,S01,P02,1,30.00,会员储值
ORD105828,2026-06-16,S02,P17,1,12.00,会员储值
ORD110426,2026-07-20,S04,P08,1,25.00,现金
ORD102820,2026-05-24,S03,P10,2,48.00,微信
ORD100886,2026-05-08,S02,P14,2,20.00,银行卡
ORD105954,2026-06-17,S02,P10,2,48.00,现金
ORD103686,2026-05-30,S04,P20,1,22.00,会员储值
ORD112017,2026-07-31,S03,P18,2,36.00,现金
ORD108394,2026-07-05,S01,P17,1,12.00,银行卡
ORD109558,2026-07-14,S01,P05,2,68.00,支付宝
ORD109750,2026-07-15,S02,P19,2,30.00,支付宝
ORD106084,2026-06-18,S03,P12,1,8.00,微信
ORD104930,2026-06-09,S02,P08,2,50.00,现金
ORD105269,2026-06-12,S01,P20,2,44.00,微信
ORD104740,2026-06-07,S01,P19,3,45.00,会员储值
ORD110104,2026-07-18,S05,P17,1,12.00,支付宝
ORD103655,2026-05-30,S02,P12,1,8.00,银行卡
ORD105487,2026-06-13,S02,P15,2,12.00,银行卡
ORD110493,2026-07-21,S02,P13,1,20.00,银行卡
ORD107389,2026-06-28,S01,P12,1,8.00,会员储值
ORD101980,2026-05-16,S02,P02,1,30.00,微信
ORD103995,2026-06-02,S01,P13,1,20.00,支付宝
ORD100150,2026-05-02,S04,P18,1,18.00,银行卡
ORD111527,2026-07-28,S01,P10,1,24.00,现金
ORD107873,2026-07-02,S01,P04,1,38.00,支付宝
ORD103546,2026-05-29,S01,P17,2,24.00,微信
ORD103940,2026-06-01,S04,P02,1,30.00,微信
ORD101750,2026-05-15,S05,P19,2,30.00,微信
ORD110168,2026-07-18,S04,P05,1,34.00,微信
ORD112045,2026-07-31,S04,P04,1,38.00,支付宝
ORD103910,2026-06-01,S02,P05,2,68.00,会员储值
ORD108614,2026-07-07,S05,P13,3,60.00,微信
ORD105126,2026-06-11,S01,P20,4,88.00,现金
ORD104460,2026-06-06,S03,P14,1,10.00,支付宝
ORD103752,2026-05-31,S04,P13,1,20.00,支付宝
ORD108137,2026-07-04,S05,P03,2,52.00,会员储值
ORD102119,2026-05-17,S03,P05,2,68.00,支付宝
ORD101335,2026-05-11,S05,P02,1,30.00,银行卡
ORD108991,2026-07-10,S05,P19,1,15.00,支付宝
ORD103278,2026-05-27,S03,P13,1,20.00,支付宝
ORD100178,2026-05-02,S01,P01,2,64.00,支付宝
ORD110029,2026-07-18,S02,P06,4,168.00,现金
ORD103046,2026-05-25,S03,P07,3,66.00,会员储值
ORD100819,2026-05-07,S03,P01,1,32.00,微信
ORD101604,2026-05-13,S03,P02,2,60.00,会员储值
ORD100476,2026-05-04,S01,P20,1,22.00,支付宝
ORD104098,2026-06-03,S04,P18,3,54.00,支付宝
ORD100831,2026-05-07,S04,P08,4,100.00,现金
ORD111346,2026-07-26,S03,P20,2,44.00,现金
ORD100042,2026-05-01,S04,P05,1,34.00,会员储值
ORD105293,2026-06-12,S03,P17,4,48.00,微信
ORD105991,2026-06-17,S05,P08,1,25.00,微信
ORD100804,2026-05-07,S01,P03,2,52.00,微信
ORD103788,2026-05-31,S05,P08,1,25.00,微信
ORD105288,2026-06-12,S01,P16,2,10.00,现金
ORD105222,2026-06-11,S03,P14,3,30.00,银行卡
ORD105319,2026-06-12,S01,P13,1,20.00,银行卡
ORD106382,2026-06-20,S01,P13,1,20.00,银行卡
ORD108806,2026-07-09,S01,P14,1,10.00,银行卡
ORD105212,2026-06-11,S05,P19,1,15.00,会员储值
ORD102489,2026-05-21,S04,P04,1,38.00,支付宝
ORD100325,2026-05-03,S03,P18,1,18.00,银行卡
ORD111448,2026-07-27,S04,P18,3,54.00,支付宝
ORD108929,2026-07-10,S05,P04,2,76.00,微信
ORD101492,2026-05-12,S01,P10,1,24.00,会员储值
ORD107827,2026-07-01,S03,P05,1,34.00,微信
ORD102386,2026-05-20,S05,P18,1,18.00,支付宝
ORD108056,2026-07-03,S05,P08,1,25.00,银行卡
ORD110279,2026-07-19,S03,P03,2,52.00,银行卡
ORD106204,2026-06-19,S04,P03,3,78.00,银行卡
ORD101330,2026-05-11,S01,P01,1,32.00,微信
ORD107643,2026-06-30,S02,P16,1,5.00,微信
ORD105859,2026-06-16,S02,P20,1,22.00,会员储值
ORD106571,2026-06-21,S05,P19,1,15.00,会员储值
ORD102344,2026-05-20,S05,P01,1,32.00,现金
ORD107093,2026-06-26,S02,P13,1,20.00,会员储值
ORD106813,2026-06-23,S03,P15,1,,会员储值
ORD102794,2026-05-23,S01,P08,1,25.00,会员储值
ORD106965,2026/06/24,S05,P15,1,6.00,会员储值
ORD106918,2026-06-24,S04,P01,1,32.00,微信
ORD103107,2026-05-25,S05,P20,1,22.00,微信
ORD101292,2026-05-10,S03,P17,2,24.00,微信
ORD111852,2026-07-30,S03,P13,1,¥20.00,银行卡
ORD110639,2026-07-22,S04,P05,1,34.00,微信
ORD110712,2026-07-22,S04,P11,1,26.00,支付宝
ORD111548,2026-07-28,S01,P03,1,26.00,支付宝
ORD107400,2026-06-28,S03,P20,2,44.00,现金
ORD102458,2026-05-21,S04,P17,2,24.00,微信
ORD105218,2026-06-11,S03,P16,2,10.00,微信
ORD101470,2026-05-12,S02,P02,1,30.00,银行卡
ORD101760,2026-05-15,S04,P04,1,38.00,支付宝
ORD111451,2026-07-27,S02,P10,1,24.00,微信
ORD107746,2026-07-01,S01,P01,1,32.00,微信
ORD101581,2026-05-13,S03,P12,2,16.00,支付宝
ORD100283,2026-05-03,S03,P01,1,32.00,现金
ORD110405,2026-07-20,S04,P19,1,15.00,微信
ORD100690,2026-05-06,S01,P09,1,18.00,会员储值
ORD107867,2026-07-02,S02,P07,1,22.00,银行卡
ORD109480,2026-07-13,S02,P15,1,6.00,微信
ORD111219,2026-07-26,S02,P08,2,50.00,现金
ORD107560,2026-06-29,S01,P15,1,6.00,微信
ORD106013,2026-06-18,S04,P19,2,30.00,现金
ORD100105,2026-05-02,S04,P19,3,45.00,银行卡
ORD104065,2026-06-02,S04,P03,1,26.00,微信
ORD108491,2026-07-06,S02,P16,4,20.00,银行卡
ORD103951,2026-06-01,S01,P03,1,26.00,微信
ORD103218,2026-05-27,S01,P02,2,60.00,银行卡
ORD106120,2026-06-19,S04,P18,1,18.00,会员储值
ORD110392,2026-07-20,S03,P17,2,24.00,银行卡
ORD100337,2026-05-03,S05,P19,1,15.00,会员储值
ORD107563,2026-06-29,S02,P04,1,38.00,银行卡
ORD100258,2026-05-02,S01,P18,2,36.00,现金
ORD103466,2026-05-29,S03,P11,3,78.00,会员储值
ORD105582,2026-06-14,S05,P06,1,42.00,现金
ORD106142,2026-06-19,S04,P20,1,22.00,微信
ORD106473,2026-06-21,S01,P01,1,32.00,银行卡
ORD110457,2026-07-21,S01,P02,3,90.00,支付宝
ORD107060,2026-06-25,S04,P03,4,104.00,会员储值
ORD104208,2026-06-04,S02,P20,1,22.00,支付宝
ORD108599,2026-07-07,S02,P11,1,26.00,支付宝
ORD106602,2026-06-21,S04,P02,2,60.00,现金
ORD104518,2026-06-06,S04,P18,1,18.00,现金
ORD107521,2026-06-29,S02,P16,1,5.00,微信
ORD106864,2026-06-23,S03,P13,3,60.00,会员储值
ORD106601,2026-06-21,S05,P13,3,60.00,会员储值
ORD107700,2026-06-30,S01,P20,1,22.00,会员储值
ORD101183,2026-05-10,S05,P12,1,8.00,支付宝
ORD101378,2026-05-11,S03,P10,2,48.00,银行卡
ORD103972,2026-06-01,S02,P18,1,18.00,微信
ORD102997,2026-05-25,S04,P17,1,12.00,支付宝
ORD105392,2026-06-13,S05,P20,1,22.00,会员储值
ORD103758,2026-05-31,S04,P04,3,114.00,支付宝
ORD111054,2026-07-25,S02,P04,1,38.00,支付宝
ORD100175,2026-05-02,S05,P15,2,12.00,微信
ORD101810,2026-05-15,S01,P20,1,22.00,支付宝
ORD104793,2026-06-07,S02,P02,1,30.00,银行卡
ORD111657,2026-07-29,S02,P19,1,15.00,现金
ORD110852,2026-07-24,S01,P20,2,44.00,现金
ORD104464,2026-06-06,S01,P01,1,32.00,银行卡
ORD108191,2026-07-04,S02,P05,3,102.00,支付宝
ORD100866,2026-05-08,S03,P04,1,38.00,支付宝
ORD105766,2026-06-15,S04,P15,2,12.00,支付宝
ORD110249,2026-07-19,S03,P18,2,36.00,支付宝
ORD103786,2026-05-31,S02,P09,2,36.00,现金
ORD101914,2026-05-16,S05,P12,2,16.00,银行卡
ORD108443,2026-07-06,S05,P15,3,18.00,银行卡
ORD102872,2026-05-24,S03,P07,1,22.00,会员储值
ORD111217,2026-07-26,S05,P15,1,6.00,现金
ORD102699,2026-05-23,S03,P02,1,30.00,现金
ORD103498,2026-05-29,S04,P11,1,26.00,支付宝
ORD108892,2026-07-09,S04,P07,1,22.00,会员储值
ORD110206,2026-07-19,S03,P20,2,44.00,银行卡
ORD109903,2026-07-17,S05,P01,2,64.00,微信
ORD101262,2026-05-10,S04,P05,2,68.00,微信
ORD106169,2026-06-19,S04,P13,3,60.00,现金
ORD105099,2026-06-10,S01,P19,2,30.00,现金
ORD102807,2026-05-23,S05,P10,1,24.00,支付宝
ORD101919,2026-05-16,S04,P07,1,22.00,微信
ORD109659,2026-07-15,S02,P07,3,66.00,银行卡
ORD107096,2026-06-26,S03,P19,1,15.00,银行卡
ORD110276,2026-07-19,S03,P04,2,76.00,会员储值
ORD103043,2026-05-25,S01,P14,1,10.00,会员储值
ORD105080,2026-06-10,S02,P18,3,54.00,支付宝
ORD103824,2026-05-31,S05,P12,1,8.00,会员储值
ORD108164,2026-07-04,S04,P05,1,,银行卡
ORD110519,2026-07-21,S04,P05,1,34.00,会员储值
ORD104258,2026-06-04,S02,P02,3,90.00,支付宝
ORD105352,2026-06-13,S05,P14,2,20.00,银行卡
ORD108830,2026-07-09,S02,P19,3,45.00,现金
ORD103726,2026-05-31,S02,P08,1,25.00,会员储值
ORD110062,2026-07-18,S03,P01,1,32.00,支付宝
ORD106941,2026-06-24,S02,P14,1,10.00,支付宝
ORD108262,2026-07-05,S01,P20,2,44.00,微信
ORD106106,2026-06-18,S05,P10,1,24.00,支付宝
ORD101416,2026-05-12,S02,P18,2,36.00,现金
ORD104687,2026-06-07,S02,P17,2,24.00,现金
ORD103416,28-05-2026,S03,P17,1,12.00,银行卡
ORD102972,2026-05-24,S04,P01,1,32.00,支付宝
ORD109551,2026-07-14,S04,P11,1,26.00,会员储值
ORD107915,2026-07-02,S04,P15,2,12.00,现金
ORD106273,2026-06-20,S03,P07,1,22.00,银行卡
ORD101095,2026-05-09,S04,P05,2,68.00,会员储值
ORD105152,2026-06-11,S04,P15,1,6.00,银行卡
ORD108451,2026-07-06,S03,P09,1,18.00,银行卡
ORD107353,2026-06-28,S03,P20,1,22.00,现金
ORD100609,2026-05-05,S01,P05,3,102.00,会员储值
ORD105144,2026-06-11,S03,P11,4,104.00,现金
ORD109818,2026-07-16,S03,P14,1,10.00,微信
ORD100757,2026-05-07,S01,P07,1,22.00,会员储值
ORD108141,2026-07-04,S05,P18,1,18.00,会员储值
ORD105910,2026-06-17,S05,P02,3,90.00,支付宝
ORD104950,2026-06-09,S01,P05,1,34.00,会员储值
ORD103634,2026-05-30,S05,P08,1,25.00,微信
ORD107641,2026-06-30,S02,P15,2,12.00,支付宝
ORD106544,2026-06-21,S05,P01,1,32.00,现金
ORD108553,2026-07-07,S05,P14,1,10.00,会员储值
ORD100469,2026-05-04,S01,P02,1,30.00,会员储值
ORD100591,2026-05-05,S03,P13,1,20.00,会员储值
ORD107432,28-06-2026,S03,P15,2,12.00,支付宝
ORD105955,2026-06-17,S02,P19,1,15.00,微信
ORD101143,2026-05-10,S01,P09,1,18.00,银行卡
ORD110395,2026-07-20,S05,P16,1,5.00,微信
ORD109888,2026-07-17,S02,P08,2,50.00,会员储值
ORD102799,2026-05-23,S05,P18,1,18.00,微信
ORD110333,2026-07-19,S04,P14,4,40.00,支付宝
ORD101923,2026-05-16,S05,P12,2,16.00,微信
ORD107272,2026-06-27,S04,P17,2,24.00,微信
ORD111581,2026-07-28,S03,P17,1,12.00,现金
ORD106699,2026-06-22,S01,P10,1,24.00,会员储值
ORD102459,2026-05-21,S02,P16,1,5.00,支付宝
ORD100550,2026-05-04,S02,P16,2,10.00,银行卡
ORD102099,2026-05-17,S05,P13,4,80.00,银行卡
ORD108445,2026-07-06,S03,P18,2,36.00,银行卡
ORD110727,2026-07-22,S05,P08,1,25.00,会员储值
ORD111955,2026-07-31,S01,P18,1,18.00,银行卡
ORD107943,2026-07-02,S03,P10,1,24.00,会员储值
ORD106703,2026-06-22,S03,P17,2,24.00,银行卡
ORD108866,2026-07-09,S01,P08,3,75.00,支付宝
ORD106318,2026-06-20,S01,P10,1,24.00,现金
ORD111805,2026-07-30,S05,P15,1,6.00,现金
ORD110521,2026-07-21,S02,P15,1,6.00,会员储值
ORD102444,2026-05-21,S05,P03,1,26.00,现金
ORD108154,2026-07-04,S04,P02,3,90.00,现金
ORD101530,2026-05-13,S04,P12,2,16.00,银行卡
ORD103761,2026-05-31,S02,P18,1,18.00,现金
ORD109917,2026-07-17,S02,P18,1,¥18.00,微信
ORD103943,2026-06-01,S04,P06,1,42.00,微信
ORD105888,2026-06-16,S03,P09,2,36.00,现金
ORD107035,2026-06-25,S01,P17,1,12.00,会员储值
ORD102318,2026-05-19,S02,P03,3,78.00,银行卡
ORD105154,2026-06-11,S04,P12,2,16.00,微信
ORD101792,2026-05-15,S03,P04,4,152.00,会员储值
ORD100310,2026-05-03,S02,P06,-1,42.00,会员储值
ORD106707,2026-06-22,S02,P12,2,16.00,微信
ORD111354,2026-07-26,S03,P07,1,22.00,现金
ORD109054,2026-07-11,S04,P14,1,10.00,现金
ORD105367,2026-06-13,S05,P19,1,15.00,银行卡
ORD102227,2026-05-18,S05,P07,3,66.00,现金
ORD100277,2026-05-02,S05,P10,3,72.00,支付宝
ORD108041,2026-07-03,S04,P16,4,20.00,支付宝
ORD107354,2026-06-28,S02,P08,1,25.00,会员储值
ORD106246,2026-06-20,S05,P19,1,15.00,微信
ORD106709,2026-06-22,S05,P19,2,30.00,微信
ORD110704,2026-07-22,S04,P03,2,52.00,银行卡
ORD111455,2026-07-27,S02,P14,3,30.00,会员储值
ORD101363,2026-05-11,S01,P06,1,42.00,现金
ORD106852,2026-06-23,S04,P16,2,10.00,会员储值
ORD111171,2026-07-25,S05,P09,3,54.00,会员储值
ORD103925,2026-06-01,S02,P12,2,16.00,会员储值
ORD104792,2026-06-07,S03,P15,1,6.00,支付宝
ORD102696,2026-05-23,S04,P18,1,18.00,现金
ORD100222,2026-05-02,S04,P13,2,40.00,银行卡
ORD101575,2026-05-13,S05,P20,4,88.00,银行卡
ORD109008,2026-07-10,S03,P14,1,10.00,支付宝
ORD110623,2026-07-22,S04,P20,1,22.00,会员储值
ORD110699,2026-07-22,S03,P12,1,8.00,会员储值
ORD100855,2026-05-07,S05,P15,1,6.00,会员储值
ORD108307,2026-07-05,S02,P16,1,5.00,现金
ORD109549,2026-07-14,S05,P17,1,12.00,现金
ORD107878,2026-07-02,S05,P02,1,30.00,微信
ORD105589,2026-06-14,S01,P09,1,18.00,会员储值
ORD107148,2026-06-26,S04,P19,2,30.00,微信
ORD109280,2026-07-12,S04,P08,3,75.00,微信
ORD103857,2026-05-31,S04,P07,1,22.00,现金
ORD109882,2026-07-17,S04,P15,1,6.00,会员储值
ORD106074,2026-06-18,S03,P19,1,15.00,会员储值
ORD103168,2026-05-26,S01,P08,2,50.00,现金
ORD108947,2026-07-10,S04,P02,1,30.00,会员储值
ORD110907,2026-07-24,S02,P02,2,60.00,微信
ORD104139,2026-06-03,S03,P08,2,50.00,银行卡
ORD108641,2026-07-08,S03,P20,2,44.00,微信
ORD102441,2026-05-21,S02,P17,1,12.00,会员储值
ORD102605,2026-05-22,S02,P09,2,36.00,银行卡
ORD107978,2026-07-03,S01,P12,1,8.00,会员储值
ORD110744,2026-07-23,S04,P12,1,8.00,现金
ORD100414,2026-05-03,S01,P13,1,20.00,现金
ORD109301,2026-07-12,S04,P05,2,68.00,支付宝
ORD111051,2026-07-25,S02,P09,2,36.00,微信
ORD111796,2026-07-30,S03,P08,3,75.00,支付宝
ORD110655,2026-07-22,S05,P06,1,42.00,银行卡
ORD104693,2026-06-07,S05,P05,2,68.00,会员储值
ORD104580,2026-06-07,S03,P03,1,26.00,微信
ORD100665,2026-05-06,S01,P05,1,34.00,支付宝
ORD105075,2026-06-10,S03,P18,1,18.00,会员储值
ORD106195,2026-06-19,S03,P05,1,34.00,银行卡
ORD106097,2026-06-18,S02,P09,1,18.00,支付宝
ORD105500,2026-06-13,S01,P20,1,22.00,支付宝
ORD110966,2026-07-24,S04,P13,1,20.00,支付宝
ORD102980,2026-05-25,S03,P12,3,24.00,会员储值
ORD107712,2026-06-30,S03,P17,2,24.00,会员储值
ORD106015,2026-06-18,S02,P09,1,18.00,微信
ORD102067,2026-05-17,S03,P08,1,25.00,会员储值
ORD110952,2026-07-24,S05,P13,2,40.00,会员储值
ORD100453,2026-05-04,S01,P14,2,20.00,微信
ORD103880,2026-05-31,S05,P04,1,38.00,现金
ORD101538,2026-05-13,S05,P14,2,20.00,银行卡
ORD102600,2026-05-22,S01,P15,2,12.00,支付宝
ORD102731,2026-05-23,S03,P09,2,36.00,微信
ORD106675,2026-06-22,S03,P03,1,26.00,会员储值
ORD100953,2026-05-08,S03,P12,1,8.00,银行卡
ORD110048,2026-07-18,S02,P03,2,52.00,支付宝
ORD100746,2026-05-07,S01,P11,1,26.00,会员储值
ORD109277,2026-07-12,S03,P01,3,96.00,现金
ORD105253,2026-06-11,S02,P20,3,66.00,会员储值
ORD105847,2026-06-16,S03,P12,4,32.00,银行卡
ORD108022,2026-07-03,S02,P04,4,152.00,微信
ORD110941,2026-07-24,S04,P09,2,36.00,银行卡
ORD103879,2026-05-31,S05,P07,1,22.00,微信
ORD107227,2026-06-27,S03,P02,2,60.00,微信
ORD103626,2026-05-30,S04,P06,1,42.00,会员储值
ORD100133,2026-05-02,S04,P02,1,30.00,支付宝
ORD110183,2026-07-19,S03,P07,1,22.00,银行卡
ORD110007,2026-07-17,S04,P05,1,34.00,现金
ORD109871,2026-07-16,S03,P20,1,22.00,支付宝
ORD104473,2026-06-06,S03,P16,2,10.00,支付宝
ORD109390,2026-07-12,S02,P07,3,66.00,会员储值
ORD101515,2026-05-13,S02,P18,3,54.00,微信
ORD101562,2026-05-13,S01,P13,3,60.00,现金
ORD106511,21-06-2026,S04,P11,1,26.00,微信
ORD100825,2026-05-07,S05,P02,2,60.00,会员储值
ORD100259,2026-05-02,S02,P16,1,5.00,支付宝
ORD111241,2026-07-26,S04,P18,1,18.00,银行卡
ORD105515,2026-06-13,S02,P05,1,34.00,会员储值
ORD110325,2026-07-19,S01,P06,2,84.00,现金
ORD110678,2026-07-22,S04,P16,1,5.00,支付宝
ORD110120,2026-07-18,S05,P07,2,44.00,支付宝
ORD109776,2026-07-16,S02,P19,1,15.00,微信
ORD110821,2026-07-23,S03,P02,1,30.00,微信
ORD109411,2026-07-13,S01,P13,2,40.00,支付宝
ORD109861,2026-07-16,S03,P11,1,26.00,微信
ORD111181,2026-07-26,S01,P15,1,6.00,会员储值
ORD108395,2026-07-05,S05,P07,1,22.00,会员储值
ORD108981,2026-07-10,S03,P13,1,20.00,微信
ORD101202,2026-05-10,S03,P04,1,38.00,会员储值
ORD109619,2026-07-14,S04,P01,4,128.00,银行卡
ORD104820,2026-06-08,S03,P17,1,12.00,微信
ORD104628,2026-06-07,S05,P08,3,75.00,现金
ORD102130,2026-05-18,S01,P05,3,102.00,支付宝
ORD105497,2026-06-13,S05,P03,3,78.00,支付宝
ORD104290,2026-06-05,S03,P03,1,26.00,银行卡
ORD102580,2026-05-22,S03,P16,2,10.00,微信
ORD110876,2026-07-24,S04,P17,1,¥12.00,微信
ORD105002,2026-06-09,S03,P17,4,48.00,银行卡
ORD100086,2026-05-01,S04,P01,1,32.00,微信
ORD102795,2026-05-23,S05,P16,1,5.00,支付宝
ORD103870,2026-05-31,S05,P10,2,48.00,微信
ORD107010,2026-06-25,S02,P02,1,30.00,微信
ORD102993,2026-05-25,S02,P02,3,90.00,支付宝
ORD110077,2026-07-18,S01,P02,1,30.00,会员储值
ORD109508,2026-07-13,S03,P09,1,18.00,微信
ORD100700,2026-05-06,S02,P03,1,26.00,会员储值
ORD107233,27-06-2026,S01,P20,3,66.00,银行卡
ORD108286,2026-07-05,S05,P06,4,168.00,银行卡
ORD104451,2026-06-06,S02,P19,2,30.00,银行卡
ORD109442,2026-07-13,S02,P15,1,6.00,现金
ORD101977,2026-05-16,S05,P03,1,26.00,现金
ORD108579,2026-07-07,S05,P16,4,20.00,银行卡
ORD111000,2026-07-25,S03,P07,1,22.00,会员储值
ORD104942,2026-06-09,S05,P13,1,20.00,微信
ORD105791,2026-06-16,S05,P15,1,6.00,支付宝
ORD104227,2026-06-04,S03,P08,1,25.00,会员储值
ORD104030,2026-06-02,S03,P03,1,26.00,现金
ORD101111,2026-05-09,S02,P08,4,100.00,微信
ORD104219,2026-06-04,S01,P20,1,22.00,会员储值
ORD109954,2026-07-17,S01,P15,1,6.00,银行卡
ORD109354,2026-07-12,S04,P17,1,12.00,现金
ORD109432,2026-07-13,S05,P12,1,8.00,现金
ORD108489,2026-07-06,S04,P19,3,45.00,银行卡
ORD110238,2026-07-19,S03,P17,3,36.00,会员储值
ORD107970,2026-07-02,S01,P03,2,52.00,现金
ORD106298,2026-06-20,S03,P02,1,30.00,银行卡
ORD100607,2026-05-05,S01,P18,1,18.00,银行卡
ORD104290,2026-06-05,S03,P03,1,26.00,银行卡
ORD100334,2026-05-03,S01,P14,1,10.00,微信
ORD100300,2026-05-03,S02,P13,1,20.00,微信
ORD111933,2026-07-31,S05,P03,3,78.00,银行卡
ORD104815,2026-06-08,S03,P11,3,78.00,银行卡
ORD100167,2026-05-02,S01,P06,2,84.00,现金
ORD108409,2026-07-06,S04,P15,1,6.00,支付宝
ORD108361,2026-07-05,S05,P04,2,76.00,支付宝
ORD105918,2026-06-17,S02,P16,1,5.00,银行卡
ORD109834,2026-07-16,S05,P06,3,126.00,银行卡
ORD107037,2026-06-25,S04,P03,2,52.00,现金
ORD108449,2026-07-06,S04,P11,1,26.00,现金
ORD108463,2026-07-06,S04,P17,0,12.00,支付宝
ORD109826,2026-07-16,S03,P03,1,26.00,银行卡
ORD104801,2026-06-08,S03,P06,4,168.00,银行卡
ORD105512,2026-06-13,S02,P19,1,15.00,微信
ORD108518,2026-07-06,S03,P02,3,90.00,银行卡
ORD102875,2026-05-24,S03,P17,1,12.00,微信
ORD109997,2026-07-17,S04,P16,1,5.00,银行卡
ORD111587,2026-07-28,S05,P10,1,24.00,会员储值
ORD106367,2026-06-20,S02,P16,2,10.00,现金
ORD106415,2026-06-20,S05,P10,1,24.00,支付宝
ORD103414,2026-05-28,S01,P06,1,42.00,银行卡
ORD103275,2026-05-27,S02,P20,1,22.00,会员储值
ORD105726,2026-06-15,S02,P05,1,34.00,会员储值
ORD100322,2026-05-03,S01,P14,1,10.00,微信
ORD108632,2026-07-08,S03,P02,3,90.00,现金
ORD102500,2026-05-21,S05,P10,3,72.00,支付宝
ORD111013,2026-07-25,S03,P12,2,16.00,现金
ORD106295,2026-06-20,S02,P05,2,68.00,银行卡
ORD106656,2026-06-22,S04,P10,3,72.00,现金
ORD111630,2026-07-29,S02,P12,1,8.00,会员储值
ORD101942,2026-05-16,S05,P18,3,54.00,支付宝
ORD103279,2026-05-27,S05,P05,1,34.00,银行卡
ORD110112,2026-07-18,S04,P09,3,54.00,支付宝
ORD100304,2026-05-03,S01,P19,2,30.00,会员储值
ORD100435,2026-05-03,S01,P19,2,30.00,支付宝
ORD101861,2026-05-16,S04,P07,1,22.00,现金
ORD110882,2026-07-24,S04,P03,3,78.00,会员储值
ORD105020,2026-06-10,S01,P20,1,22.00,支付宝
ORD102867,2026-05-24,S05,P12,1,8.00,支付宝
ORD107626,2026-06-29,S02,P02,1,30.00,会员储值
ORD104256,2026-06-04,S02,P08,1,25.00,微信
ORD103772,2026-05-31,S99,P01,1,32.00,现金
ORD101041,2026-05-09,S05,P09,2,36.00,银行卡
ORD107609,2026-06-29,S01,P08,2,,支付宝
ORD106927,2026-06-24,S02,P01,1,32.00,现金
ORD103877,2026/05/31,S05,P20,2,44.00,微信
ORD110407,2026-07-20,S04,P10,4,96.00,银行卡
ORD107397,2026-06-28,S04,P11,1,26.00,银行卡
ORD102790,2026-05-23,S05,P06,1,42.00,微信
ORD106950,2026-06-24,S02,P18,2,36.00,银行卡
ORD110792,2026-07-23,S02,P13,3,60.00,银行卡
ORD100468,2026-05-04,S01,P16,1,5.00,会员储值
ORD104148,2026-06-03,S02,P17,1,12.00,微信
ORD110544,2026-07-21,S01,P08,2,50.00,支付宝
ORD106147,2026-06-19,S02,P13,2,40.00,支付宝
ORD103332,2026-05-27,S05,P05,4,136.00,现金
ORD108253,2026-07-05,S03,P05,2,68.00,支付宝
ORD108482,2026-07-06,S05,P14,1,10.00,现金
ORD102627,2026-05-22,S04,P14,2,20.00,现金
ORD101364,2026-05-11,S02,P10,2,48.00,支付宝
ORD109515,13-07-2026,S04,P14,1,10.00,现金
ORD108177,2026-07-04,S01,P14,2,20.00,银行卡
ORD107141,2026-06-26,S01,P15,1,6.00,支付宝
ORD100298,2026-05-03,S03,P08,3,75.00,支付宝
ORD112016,2026-07-31,S05,P14,2,20.00,银行卡
ORD111179,2026-07-26,S01,P18,1,18.00,现金
ORD111892,2026-07-30,S05,P04,1,38.00,支付宝
ORD110419,2026-07-20,S01,P04,1,38.00,会员储值
ORD104286,2026-06-05,S01,P09,1,18.00,银行卡
ORD108291,2026-07-05,S02,P08,3,75.00,支付宝
ORD109097,2026-07-11,S02,P04,1,38.00,银行卡
ORD109626,2026-07-14,S05,P04,1,38.00,会员储值
ORD106729,2026-06-22,S03,P08,1,25.00,支付宝
ORD106037,2026-06-18,S02,P18,1,18.00,现金
ORD100168,2026-05-02,S05,P06,1,42.00,现金
ORD103244,2026-05-27,S05,P02,3,90.00,支付宝
ORD102954,2026-05-24,S01,P17,2,24.00,会员储值
ORD103916,2026-06-01,S01,P12,2,,银行卡
ORD106145,2026-06-19,S01,P07,1,22.00,会员储值
ORD102354,2026-05-20,S04,P14,1,10.00,现金
ORD110246,2026-07-19,S04,P08,2,50.00,现金
ORD111016,2026-07-25,S01,P19,1,15.00,支付宝
ORD111551,2026-07-28,S02,P99,2,48.00,支付宝
ORD105541,2026-06-14,S05,P04,1,38.00,现金
ORD105243,2026-06-11,S05,P07,2,44.00,微信
ORD108215,2026-07-04,S01,P07,1,22.00,银行卡
ORD109176,2026-07-11,S04,P12,1,8.00,银行卡
ORD105995,2026-06-17,S05,P09,2,36.00,微信
ORD105556,2026-06-14,S01,P08,2,50.00,支付宝
ORD110439,2026-07-20,S05,P08,1,,会员储值
ORD110503,2026-07-21,S04,P07,3,66.00,支付宝
ORD101670,2026-05-14,S05,P10,1,24.00,现金
ORD102554,2026-05-22,S05,P16,1,5.00,微信
ORD110318,2026-07-19,S01,P04,1,38.00,支付宝
ORD109347,2026-07-12,S01,P13,2,40.00,微信
ORD103186,2026-05-26,S05,P16,1,5.00,支付宝
ORD104943,2026-06-09,S05,P11,1,26.00,银行卡
ORD104478,2026-06-06,S03,P10,1,24.00,银行卡
ORD106821,2026-06-23,S01,P15,1,6.00,支付宝
ORD102969,2026-05-24,S04,P08,1,25.00,会员储值
ORD104897,2026-06-08,S01,P13,2,40.00,银行卡
ORD105051,2026-06-10,S03,P15,1,6.00,会员储值
ORD101467,2026-05-12,S01,P06,1,42.00,微信
ORD100412,2026-05-03,S03,P15,2,12.00,现金
ORD101414,2026-05-12,S05,P08,2,50.00,支付宝
ORD102246,2026-05-19,S01,P03,2,52.00,会员储值
ORD109172,2026-07-11,S01,P20,1,22.00,银行卡
ORD102649,2026-05-23,S04,P11,4,104.00,会员储值
ORD100977,2026-05-09,S05,P17,1,12.00,现金
ORD111535,2026-07-28,S03,P05,2,68.00,银行卡
ORD100722,2026-05-06,S02,P13,3,60.00,会员储值
ORD109957,2026-07-17,S03,P20,1,22.00,会员储值
ORD110417,2026-07-20,S01,P11,1,26.00,现金
ORD110627,2026-07-22,S02,P16,3,15.00,银行卡
ORD103025,2026-05-25,S03,P08,2,50.00,会员储值
ORD111542,2026-07-28,S02,P13,1,20.00,现金
ORD101029,2026-05-09,S05,P16,1,5.00,会员储值
ORD100627,2026-05-05,S01,P08,2,50.00,银行卡
ORD103200,2026-05-26,S05,P07,2,44.00,支付宝
ORD101833,2026-05-16,S01,P15,2,12.00,微信
ORD111709,2026-07-29,S05,P04,1,38.00,支付宝
ORD102575,2026-05-22,S05,P10,1,24.00,会员储值
ORD103489,2026-05-29,S03,P13,1,20.00,支付宝
ORD103310,2026-05-27,S05,P04,1,38.00,微信
ORD108648,2026-07-08,S01,P09,2,36.00,微信
ORD111116,2026-07-25,S03,P03,1,26.00,微信
ORD107852,2026-07-02,S01,P02,1,30.00,会员储值
ORD112012,2026-07-31,S02,P20,1,22.00,会员储值
ORD104514,2026-06-06,S04,P14,1,10.00,微信
ORD111392,2026-07-26,S04,P16,1,5.00,现金
ORD103219,2026-05-27,S02,P13,4,80.00,会员储值
ORD101973,2026-05-16,S03,P13,1,20.00,银行卡
ORD100427,2026-05-03,S03,P09,2,36.00,支付宝
ORD101591,2026-05-13,S01,P11,1,26.00,微信
ORD105746,2026-06-15,S01,P16,1,5.00,银行卡
ORD111896,2026-07-30,S03,P18,3,54.00,微信
ORD101938,2026-05-16,S04,P01,1,32.00,银行卡
ORD100574,2026-05-05,S03,P17,1,12.00,会员储值
ORD102746,2026-05-23,S02,P16,2,10.00,会员储值
ORD106876,2026-06-24,S03,P15,1,6.00,支付宝
ORD100863,2026-05-07,S05,P12,2,16.00,现金
ORD102910,2026-05-24,S01,P14,1,10.00,支付宝
ORD105130,2026-06-11,S04,P10,2,48.00,支付宝
ORD102468,2026-05-21,S04,P08,2,50.00,会员储值
ORD107995,2026-07-03,S05,P13,2,40.00,银行卡
ORD101306,2026-05-11,S01,P19,1,15.00,现金
ORD109591,2026-07-14,S02,P14,1,10.00,会员储值
ORD105277,2026-06-12,S04,P19,1,15.00,现金
ORD111650,2026-07-29,S01,P08,1,25.00,银行卡
ORD110933,2026-07-24,S04,P19,1,15.00,微信
ORD103348,2026-05-28,S04,P20,1,22.00,银行卡
ORD102019,2026-05-17,S02,P01,4,128.00,会员储值
ORD104418,2026-06-06,S02,P04,1,38.00,支付宝
ORD107812,2026-07-01,S01,P15,2,12.00,会员储值
ORD101953,2026-05-16,S04,P05,2,68.00,现金
ORD111791,2026-07-30,S03,P11,4,104.00,现金
ORD109851,2026-07-16,S01,P11,1,26.00,现金
ORD109691,2026-07-15,S05,P03,1,26.00,会员储值
ORD109655,2026-07-15,S02,P03,1,26.00,会员储值
ORD102947,2026-05-24,S03,P16,1,5.00,现金
ORD109275,2026-07-12,S01,P16,1,5.00,支付宝
ORD105416,2026-06-13,S03,P09,2,36.00,支付宝
ORD108038,2026-07-03,S05,P02,1,30.00,支付宝
ORD106250,2026-06-20,S03,P13,1,20.00,现金
ORD107794,2026-07-01,S03,P05,1,34.00,银行卡
ORD108928,2026-07-10,S04,P02,1,30.00,微信
ORD105473,2026-06-13,S01,P05,1,34.00,微信
ORD103302,2026-05-27,S04,P07,1,22.00,银行卡
ORD103294,2026-05-27,S01,P05,3,102.00,现金
ORD108547,2026-07-07,S03,P13,1,20.00,会员储值
ORD105252,2026-06-11,S02,P19,1,15.00,微信
ORD102451,2026-05-21,S01,P11,2,52.00,银行卡
ORD107355,2026-06-28,S05,P15,1,6.00,微信
ORD101442,2026-05-12,S04,P14,2,20.00,会员储值
ORD109295,2026-07-12,S03,P20,1,22.00,银行卡
ORD101912,16-05-2026,S01,P18,2,36.00,银行卡
ORD107666,2026-06-30,S01,P08,1,25.00,银行卡
ORD107137,2026-06-26,S01,P13,1,20.00,微信
ORD101742,2026-05-15,S01,P13,4,80.00,会员储值
ORD108517,2026-07-06,S04,P07,1,22.00,现金
ORD102898,2026-05-24,S04,P05,2,68.00,支付宝
ORD100853,2026-05-07,S04,P19,1,15.00,现金
ORD100884,2026-05-08,S02,P06,1,42.00,支付宝
ORD106780,2026-06-23,S03,P07,1,22.00,支付宝
ORD106009,2026-06-17,S01,P18,2,36.00,现金
ORD109180,2026-07-11,S02,P01,2,64.00,会员储值
ORD105975,2026-06-17,S02,P08,1,25.00,微信
ORD107283,2026-06-27,S04,P12,4,32.00,支付宝
ORD107583,2026-06-29,S01,P01,1,32.00,支付宝
ORD111005,2026-07-25,S04,P03,1,26.00,现金
ORD111275,2026-07-26,S05,P13,1,20.00,现金
ORD103385,2026-05-28,S03,P14,1,10.00,微信
ORD102129,2026-05-18,S05,P19,1,15.00,支付宝
ORD104355,2026-06-05,S04,P17,1,12.00,微信
ORD108948,2026-07-10,S04,P08,2,50.00,银行卡
ORD109849,2026-07-16,S05,P06,1,42.00,微信
ORD103848,2026-05-31,S04,P17,2,24.00,银行卡
ORD109556,2026-07-14,S02,P15,1,6.00,支付宝
ORD111453,2026-07-27,S02,P13,2,40.00,微信
ORD106595,2026-06-21,S02,P05,1,34.00,会员储值
ORD105242,2026-06-11,S03,P14,1,10.00,微信
ORD108730,2026-07-08,S01,P14,4,40.00,银行卡
ORD111878,2026-07-30,S05,P16,2,10.00,微信
ORD107605,2026-06-29,S04,P04,1,38.00,支付宝
ORD108537,2026-07-07,S05,P01,2,64.00,微信
ORD101246,2026-05-10,S01,P03,1,26.00,银行卡
ORD108877,2026-07-09,S05,P18,1,18.00,微信
ORD109132,2026-07-11,S04,P01,1,32.00,支付宝
ORD110175,2026-07-18,S04,P06,1,42.00,支付宝
ORD106963,2026-06-24,S05,P01,1,32.00,微信
ORD111007,2026-07-25,S01,P20,4,88.00,银行卡
ORD102975,2026-05-25,S02,P04,3,114.00,支付宝
ORD108118,2026-07-04,S01,P17,1,12.00,银行卡
ORD111146,2026-07-25,S02,P10,1,24.00,银行卡
ORD101426,2026-05-12,S04,P15,1,6.00,银行卡
ORD104088,2026-06-02,S05,P19,1,15.00,银行卡
ORD110746,2026-07-23,S05,P18,2,36.00,支付宝
ORD107083,2026-06-26,S03,P14,4,40.00,银行卡
ORD108596,2026-07-07,S02,P02,1,30.00,微信
ORD109494,2026-07-13,S04,P03,1,26.00,支付宝
ORD103670,2026-05-30,S03,P03,4,104.00,支付宝
ORD100204,2026/05/02,S05,P12,3,24.00,支付宝
ORD104051,2026-06-02,S01,P10,2,48.00,会员储值
ORD104966,2026-06-09,S02,P02,1,30.00,会员储值
ORD100037,2026-05-01,S05,P16,2,10.00,支付宝
ORD100051,2026-05-01,S01,P17,1,12.00,会员储值
ORD103061,2026-05-25,S01,P09,1,18.00,现金
ORD104399,2026-06-06,S01,P16,1,5.00,微信
ORD107080,2026/06/26,S05,P06,3,126.00,支付宝
ORD101093,09-05-2026,S04,P09,1,18.00,微信
ORD103253,2026-05-27,S03,P17,3,36.00,银行卡
ORD111131,2026-07-25,S03,P06,1,42.00,微信
ORD101406,2026-05-12,S04,P13,2,40.00,现金
ORD101916,2026-05-16,S04,P02,2,60.00,银行卡
ORD100053,2026-05-01,S02,P09,3,54.00,微信
ORD100210,2026-05-02,S03,P12,1,8.00,银行卡
ORD106126,2026-06-19,S05,P10,4,96.00,会员储值
ORD104499,2026-06-06,S03,P10,1,24.00,会员储值
ORD104053,2026-06-02,S04,P04,3,,银行卡
ORD100782,2026-05-07,S02,P01,1,32.00,支付宝
ORD107761,2026-07-01,S02,P15,2,12.00,支付宝
ORD108828,2026-07-09,S03,P18,1,18.00,现金
ORD107893,2026-07-02,S03,P04,3,114.00,会员储值
ORD106690,2026-06-22,S04,P02,2,60.00,微信
ORD111925,2026-07-31,S03,P17,1,12.00,微信
ORD109335,2026-07-12,S05,P14,2,20.00,现金
ORD100506,2026-05-04,S02,P02,3,90.00,微信
ORD104863,2026-06-08,S01,P14,1,10.00,微信
ORD109034,2026-07-10,S04,P19,1,15.00,现金
ORD101357,2026-05-11,S03,P20,1,22.00,微信
ORD105821,2026-06-16,S02,P02,1,30.00,会员储值
ORD104318,2026-06-05,S01,P13,1,20.00,支付宝
ORD110961,2026-07-24,S01,P16,1,5.00,银行卡
ORD109586,2026-07-14,S05,P05,1,34.00,支付宝
ORD107691,2026-06-30,S05,P01,1,32.00,会员储值
ORD101011,2026-05-09,S04,P12,2,16.00,会员储值
ORD106931,2026-06-24,S02,P16,4,20.00,现金
ORD104082,2026-06-02,S04,P19,4,60.00,支付宝
ORD108061,2026-07-03,S01,P08,2,50.00,银行卡
ORD106327,2026-06-20,S04,P19,2,30.00,支付宝
ORD107503,2026-06-29,S04,P13,1,20.00,会员储值
ORD111070,2026-07-25,S03,P05,1,34.00,会员储值
ORD109135,2026-07-11,S01,P20,3,66.00,微信
ORD109069,2026-07-11,S01,P17,2,24.00,银行卡
ORD106575,2026-06-21,S05,P20,1,22.00,支付宝
ORD102137,2026-05-18,S05,P06,4,168.00,会员储值
ORD111174,2026-07-26,S03,P12,1,8.00,银行卡
ORD100227,2026-05-02,S03,P16,1,-5.00,银行卡
ORD108000,2026-07-03,S03,P12,1,8.00,银行卡
ORD109330,2026-07-12,S01,P15,1,6.00,会员储值
ORD110549,2026-07-21,S04,P12,1,8.00,银行卡
ORD100860,2026-05-07,S04,P12,2,16.00,银行卡
ORD100873,2026-05-08,S01,P11,1,26.00,现金
ORD103340,2026-05-27,S05,P04,2,76.00,支付宝
ORD108209,2026-07-04,S02,P05,2,68.00,支付宝
ORD109404,2026-07-13,S03,P09,3,,会员储值
ORD103249,2026-05-27,S01,P13,2,40.00,银行卡
ORD106203,2026-06-19,S01,P02,1,30.00,现金
ORD104262,2026-06-04,S03,P19,1,15.00,现金
ORD110825,2026-07-23,S02,P05,2,68.00,微信
ORD105108,2026/06/10,S04,P18,1,18.00,现金
ORD101797,2026-05-15,S02,P11,4,104.00,支付宝
ORD108457,2026-07-06,S04,P10,4,96.00,支付宝
ORD109289,2026-07-12,S02,P04,2,76.00,支付宝
ORD104033,2026-06-02,S02,P19,2,30.00,会员储值
ORD106369,2026-06-20,S02,P11,1,26.00,微信
ORD107134,2026-06-26,S05,P18,2,36.00,现金
ORD100548,2026-05-04,S04,P07,3,66.00,现金
ORD100863,2026-05-07,S05,P12,2,16.00,现金
ORD108019,2026-07-03,S03,P01,1,32.00,银行卡
ORD108257,2026-07-05,S01,P12,1,8.00,支付宝
ORD108943,2026/07/10,S03,P08,1,25.00,微信
ORD101475,2026-05-12,S04,P02,2,60.00,支付宝
ORD101253,2026-05-10,S05,P11,1,26.00,会员储值
ORD104810,2026-06-08,S03,P17,1,12.00,现金
ORD107000,2026-06-25,S01,P04,1,38.00,会员储值
ORD109324,2026-07-12,S04,P10,2,48.00,银行卡
ORD101068,2026-05-09,S05,P07,1,22.00,会员储值
ORD108729,2026-07-08,S03,P09,4,72.00,现金
ORD104244,2026-06-04,S01,P15,4,24.00,会员储值
ORD109869,2026-07-16,S02,P18,1,18.00,银行卡
ORD104428,2026-06-06,S02,P14,1,10.00,现金
ORD104773,2026-06-07,S01,P02,1,30.00,现金
ORD109523,2026-07-13,S03,P14,2,20.00,银行卡
ORD109035,2026-07-10,S05,P08,1,25.00,会员储值
ORD110109,2026-07-18,S03,P08,1,25.00,会员储值
ORD110974,2026-07-24,S01,P07,2,44.00,银行卡
ORD107313,2026-06-27,S01,P02,3,90.00,支付宝
ORD107698,2026-06-30,S05,P15,1,6.00,支付宝
ORD101708,2026-05-15,S04,P14,4,40.00,微信
ORD106181,2026-06-19,S01,P05,1,34.00,支付宝
ORD108759,2026-07-08,S03,P18,2,36.00,现金
ORD101943,2026-05-16,S04,P01,1,32.00,支付宝
ORD105434,2026-06-13,S04,P11,2,52.00,会员储值
ORD104651,2026-06-07,S03,P07,3,66.00,微信
ORD106684,2026-06-22,S03,P11,2,52.00,微信
ORD103212,2026-05-26,S03,P19,1,15.00,支付宝
ORD107570,2026-06-29,S03,P20,1,22.00,会员储值
ORD110997,2026-07-25,S01,P14,1,10.00,会员储值
ORD105427,2026-06-13,S05,P11,1,26.00,银行卡
ORD110915,2026-07-24,S02,P12,3,24.00,支付宝
ORD108283,2026-07-05,S02,P10,3,72.00,微信
ORD105026,2026-06-10,S05,P08,1,25.00,会员储值
ORD110693,2026-07-22,S02,P03,2,52.00,会员储值
ORD108665,2026-07-08,S05,P10,1,24.00,银行卡
ORD111207,2026-07-26,S01,P01,2,64.00,微信
ORD111101,2026-07-25,S03,P11,1,26.00,会员储值
ORD103942,2026-06-01,S01,P04,2,76.00,现金
ORD103701,2026-05-30,S01,P20,2,44.00,银行卡
ORD105357,2026-06-13,S04,P15,1,6.00,会员储值
ORD111117,2026-07-25,S01,P16,1,5.00,微信
ORD111147,2026-07-25,S03,P13,4,80.00,会员储值
ORD102446,2026-05-21,S05,P20,2,44.00,现金
ORD103665,2026-05-30,S01,P14,1,10.00,支付宝
ORD104270,2026-06-04,S05,P12,3,24.00,银行卡
ORD100666,2026-05-06,S05,P19,2,30.00,银行卡
ORD101991,2026-05-17,S04,P09,1,18.00,银行卡
ORD103010,2026-05-25,S01,P07,2,44.00,会员储值
ORD100350,2026-05-03,S04,P14,1,10.00,现金
ORD103335,2026-05-27,S02,P13,1,20.00,支付宝
ORD103141,2026-05-26,S01,P11,1,26.00,现金
ORD104867,2026-06-08,S02,P16,1,5.00,银行卡
ORD102745,2026-05-23,S04,P04,1,38.00,银行卡
ORD100166,2026-05-02,S01,P01,3,96.00,会员储值
ORD104976,2026-06-09,S05,P12,2,16.00,银行卡
ORD101418,2026-05-12,S01,P12,1,8.00,会员储值
ORD100253,2026-05-02,S03,P07,1,22.00,支付宝
ORD106105,2026-06-18,S01,P03,2,52.00,支付宝
ORD101178,2026-05-10,S01,P15,2,12.00,支付宝
ORD106743,2026-06-22,S02,P04,1,38.00,支付宝
ORD100302,2026-05-03,S03,P05,1,34.00,微信
ORD110685,22-07-2026,S05,P11,1,26.00,银行卡
ORD107689,2026-06-30,S03,P18,3,54.00,现金
ORD108807,2026-07-09,S02,P08,3,75.00,现金
ORD100315,2026-05-03,S04,P13,3,60.00,支付宝
ORD101161,2026-05-10,S01,P02,3,90.00,支付宝
ORD101627,2026-05-14,S03,P12,2,16.00,会员储值
ORD102970,2026-05-24,S05,P17,2,24.00,支付宝
ORD106612,2026-06-21,S03,P12,1,8.00,会员储值
ORD109115,2026-07-11,S02,P10,3,72.00,支付宝
ORD111076,2026-07-25,S05,P06,2,84.00,支付宝
ORD106880,2026-06-24,S04,P17,2,24.00,支付宝
ORD110180,2026-07-19,S02,P07,1,22.00,银行卡
ORD100145,2026-05-02,S05,P12,1,8.00,银行卡
ORD103744,2026-05-31,S01,P07,4,88.00,会员储值
ORD104617,2026-06-07,S01,P02,2,60.00,支付宝
ORD104297,2026-06-05,S03,P07,4,88.00,银行卡
ORD106881,2026-06-24,S01,P03,1,26.00,现金
ORD100858,2026-05-07,S01,P01,2,64.00,银行卡
ORD101514,2026-05-13,S02,P06,2,84.00,支付宝
ORD111345,2026-07-26,S05,P12,1,8.00,支付宝
ORD102732,2026-05-23,S05,P01,1,32.00,现金
ORD106940,2026-06-24,S05,P03,1,26.00,会员储值
ORD110525,2026-07-21,S02,P12,3,24.00,现金
ORD103759,2026-05-31,S02,P18,1,18.00,现金
ORD101766,2026-05-15,S01,P03,1,26.00,微信
ORD103162,2026-05-26,S01,P12,1,8.00,微信
ORD107719,2026/06/30,S03,P12,3,24.00,银行卡
ORD111517,2026-07-28,S04,P15,2,12.00,微信
ORD102391,2026-05-20,S05,P16,1,5.00,现金
ORD107857,2026-07-02,S02,P04,1,38.00,会员储值
ORD108494,2026-07-06,S04,P08,2,50.00,会员储值
ORD109065,2026-07-11,S03,P05,1,34.00,银行卡
ORD111689,2026-07-29,S03,P06,3,126.00,银行卡
ORD107940,2026-07-02,S01,P09,2,36.00,银行卡
ORD107140,2026-06-26,S02,P13,1,20.00,银行卡
ORD106617,2026-06-21,S05,P17,1,12.00,银行卡
ORD102869,24-05-2026,S03,P18,2,36.00,微信
ORD111779,2026-07-30,S01,P04,1,38.00,现金
ORD102695,2026-05-23,S03,P05,1,34.00,会员储值
ORD103691,2026-05-30,S03,P16,2,10.00,银行卡
ORD108889,2026-07-09,S05,P13,1,20.00,会员储值
ORD107510,2026-06-29,S02,P18,1,18.00,微信
ORD110767,2026-07-23,S02,P07,1,22.00,微信
ORD110273,2026-07-19,S05,P20,1,22.00,现金
ORD103575,2026-05-30,S01,P15,1,,支付宝
ORD102029,2026-05-17,S05,P02,1,30.00,银行卡
ORD110598,2026-07-21,S05,P06,1,42.00,会员储值
ORD108704,2026-07-08,S05,P12,1,8.00,支付宝
ORD104140,2026-06-03,S02,P05,1,34.00,银行卡
ORD110599,2026-07-21,S01,P02,1,30.00,会员储值
ORD106417,2026-06-20,S05,P11,2,52.00,微信
ORD102195,2026-05-18,S03,P07,1,22.00,微信
ORD109353,2026-07-12,S01,P11,1,26.00,支付宝
ORD104484,2026-06-06,S04,P20,1,22.00,会员储值
ORD105822,2026-06-16,S05,P18,2,36.00,现金
ORD105417,2026-06-13,S02,P01,3,96.00,银行卡
ORD111008,2026-07-25,S01,P01,1,32.00,现金
ORD112023,2026-07-31,S03,P09,3,54.00,微信
ORD102220,2026-05-18,S01,P01,1,32.00,支付宝
ORD105031,2026-06-10,S02,P03,1,26.00,支付宝
ORD104045,2026-06-02,S05,P16,2,10.00,会员储值
ORD100736,2026-05-06,S04,P16,2,10.00,支付宝
ORD106554,2026-06-21,S02,P14,1,10.00,会员储值
ORD107359,2026-06-28,S01,P13,1,20.00,支付宝
ORD103477,2026-05-29,S03,P10,4,96.00,会员储值
ORD106271,2026-06-20,S01,P16,1,5.00,支付宝
ORD112005,2026-07-31,S05,P06,2,84.00,会员储值
ORD102050,2026-05-17,S03,P16,2,10.00,支付宝
ORD100409,2026-05-03,S01,P03,1,26.00,支付宝
ORD101500,2026-05-13,S04,P10,2,48.00,支付宝
ORD102673,2026-05-23,S04,P14,4,40.00,现金
ORD105894,2026-06-17,S05,P05,1,34.00,支付宝
ORD101386,2026-05-11,S01,P14,1,10.00,会员储值
ORD103812,2026-05-31,S03,P15,4,24.00,微信
ORD100744,2026-05-07,S04,P17,2,24.00,微信
ORD107930,2026-07-02,S05,P20,1,22.00,支付宝
ORD106307,2026-06-20,S01,P13,1,20.00,银行卡
ORD105420,2026-06-13,S01,P05,1,34.00,银行卡
ORD109113,2026-07-11,S01,P18,3,54.00,微信
ORD100249,2026-05-02,S01,P20,1,22.00,银行卡
ORD110918,2026-07-24,S04,P16,1,5.00,微信
ORD105881,2026-06-16,S04,P14,2,20.00,支付宝
ORD102836,2026-05-24,S02,P10,1,24.00,银行卡
ORD105897,2026-06-17,S04,P13,1,20.00,银行卡
ORD110901,2026-07-24,S01,P07,1,22.00,银行卡
ORD108438,2026-07-06,S05,P02,4,120.00,银行卡
ORD103272,2026-05-27,S03,P20,1,22.00,会员储值
ORD104253,2026-06-04,S05,P02,1,30.00,现金
ORD111830,2026-07-30,S03,P19,1,15.00,会员储值
ORD107919,2026-07-02,S02,P10,1,24.00,微信
ORD104935,2026-06-09,S04,P11,3,78.00,会员储值
ORD108455,2026-07-06,S05,P16,1,5.00,会员储值
ORD104156,2026-06-03,S02,P14,1,10.00,会员储值
ORD109250,2026-07-12,S05,P04,1,38.00,会员储值
ORD101348,2026-05-11,S05,P01,2,64.00,支付宝
ORD100314,2026-05-03,S02,P20,4,88.00,支付宝
ORD110317,2026-07-19,S01,P06,1,42.00,现金
ORD104660,2026-06-07,S03,P15,1,6.00,银行卡
ORD103366,2026-05-28,S02,P18,2,36.00,会员储值
ORD110692,2026-07-22,S03,P10,1,24.00,会员储值
ORD104411,2026-06-06,S05,P06,2,84.00,现金
ORD100520,2026-05-04,S01,P15,1,6.00,微信
ORD103266,2026-05-27,S01,P06,1,42.00,微信
ORD100807,2026-05-07,S02,P12,1,8.00,现金
ORD106008,2026-06-17,S05,P15,1,6.00,会员储值
ORD102225,2026-05-18,S03,P01,1,32.00,银行卡
ORD100060,2026-05-01,S03,P01,1,32.00,支付宝
ORD111781,2026-07-30,S03,P05,2,68.00,微信
ORD101640,2026-05-14,S02,P05,2,68.00,支付宝
ORD101065,2026-05-09,S03,P02,2,60.00,会员储值
ORD107760,2026-07-01,S03,P10,2,48.00,会员储值
ORD106368,2026-06-20,S02,P18,1,18.00,支付宝
ORD108751,2026-07-08,S01,P18,3,54.00,支付宝
ORD109958,2026-07-17,S01,P12,1,8.00,会员储值
ORD107664,2026-06-30,S03,P06,3,126.00,会员储值
ORD107934,2026-07-02,S01,P13,0,20.00,微信
ORD108780,2026-07-09,S03,P04,1,38.00,微信
ORD102528,2026-05-21,S01,P08,1,25.00,支付宝
ORD102833,2026-05-24,S01,P19,2,30.00,会员储值
ORD102668,2026-05-23,S03,P16,1,5.00,微信
ORD105735,2026-06-15,S01,P17,1,12.00,微信
ORD103002,2026-05-25,S01,P06,3,126.00,银行卡
ORD101222,2026-05-10,S02,P03,1,26.00,支付宝
ORD105819,2026-06-16,S03,P09,2,36.00,会员储值
ORD101992,2026-05-17,S03,P20,1,22.00,银行卡
ORD100408,2026-05-03,S03,P16,2,10.00,微信
ORD109492,2026-07-13,S01,P07,2,44.00,微信
ORD100787,2026-05-07,S04,P03,2,52.00,支付宝
ORD104195,2026-06-03,S05,P03,1,26.00,银行卡
ORD109216,2026-07-12,S02,P04,1,38.00,微信
ORD103187,2026-05-26,S05,P10,2,48.00,支付宝
ORD104403,2026-06-06,S04,P12,1,8.00,现金
ORD101049,2026-05-09,S01,P03,2,52.00,银行卡
ORD101298,2026-05-11,S04,P15,3,18.00,银行卡
ORD109307,2026-07-12,S04,P03,1,26.00,支付宝
ORD107379,2026-06-28,S03,P20,1,22.00,支付宝
ORD109749,2026-07-15,S02,P18,1,18.00,会员储值
ORD105206,2026-06-11,S01,P14,2,20.00,银行卡
ORD107079,2026-06-26,S05,P12,1,8.00,会员储值
ORD111889,2026-07-30,S01,P04,3,114.00,支付宝
ORD109376,2026-07-12,S01,P03,1,26.00,银行卡
ORD101501,2026-05-13,S01,P15,4,24.00,会员储值
ORD111336,2026-07-26,S02,P08,1,25.00,支付宝
ORD108336,2026-07-05,S04,P16,1,5.00,银行卡
ORD107170,2026-06-26,S03,P05,1,34.00,微信
ORD107129,2026-06-26,S02,P10,4,96.00,会员储值
ORD109052,2026-07-11,S02,P14,2,20.00,银行卡
ORD103941,01-06-2026,S04,P02,3,90.00,银行卡
ORD110857,2026-07-24,S02,P01,3,96.00,微信
ORD107697,2026-06-30,S01,P05,1,34.00,会员储值
ORD102428,2026-05-20,S03,P02,1,30.00,现金
ORD104621,2026-06-07,S02,P02,1,30.00,微信
ORD109225,2026-07-12,S02,P14,1,10.00,现金
ORD101429,2026-05-12,S04,P10,2,48.00,银行卡
ORD106401,2026-06-20,S03,P20,3,66.00,会员储值
ORD103594,2026-05-30,S05,P10,3,72.00,微信
ORD105903,2026-06-17,S05,P13,1,20.00,微信
ORD100629,2026-05-05,S04,P07,1,22.00,支付宝
ORD107951,2026-07-02,S02,P10,1,24.00,微信
ORD102720,2026-05-23,S05,P10,3,72.00,微信
ORD111279,2026-07-26,S05,P15,3,18.00,银行卡
ORD108521,2026-07-06,S03,P12,1,8.00,支付宝
ORD100989,2026-05-09,S01,P12,2,16.00,支付宝
ORD100937,2026-05-08,S05,P15,4,24.00,现金
ORD104677,2026-06-07,S05,P17,1,12.00,现金
ORD105192,2026-06-11,S05,P14,1,10.00,会员储值
ORD110617,2026-07-22,S01,P17,1,12.00,现金
ORD105854,2026-06-16,S05,P11,1,26.00,微信
ORD110099,2026-07-18,S02,P04,1,38.00,微信
ORD100995,2026-05-09,S01,P03,1,26.00,银行卡
ORD101565,2026-05-13,S01,P17,1,12.00,微信
ORD104398,2026-06-06,S02,P06,2,84.00,微信
ORD107110,2026-06-26,S02,P01,1,32.00,支付宝
ORD106049,2026-06-18,S04,P07,4,88.00,现金
ORD105185,2026-06-11,S01,P16,2,10.00,银行卡
ORD104155,2026-06-03,S04,P06,3,126.00,银行卡
ORD104211,2026-06-04,S01,P11,2,52.00,微信
ORD100730,2026-05-06,S02,P16,3,15.00,现金
ORD102596,2026-05-22,S05,P10,2,48.00,支付宝
ORD111871,2026-07-30,S03,P09,1,18.00,现金
ORD104096,2026-06-02,S04,P05,2,68.00,银行卡
ORD100851,2026-05-07,S01,P05,1,34.00,会员储值
ORD109095,2026-07-11,S04,P08,1,25.00,会员储值
ORD103741,2026-05-31,S04,P09,3,54.00,银行卡
ORD102609,2026-05-22,S03,P12,2,16.00,现金
ORD104803,2026-06-08,S02,P13,1,20.00,微信
ORD110334,2026-07-19,S02,P05,4,136.00,银行卡
ORD103368,2026-05-28,S01,P10,2,48.00,银行卡
ORD108887,2026-07-09,S01,P07,2,44.00,银行卡
ORD109382,2026-07-12,S01,P05,1,34.00,现金
ORD105999,2026-06-17,S03,P01,1,32.00,银行卡
ORD101649,2026-05-14,S03,P06,1,42.00,现金
ORD108969,2026-07-10,S01,P19,1,15.00,支付宝
ORD102663,2026-05-23,S03,P16,2,10.00,微信
ORD109421,2026-07-13,S04,P17,2,24.00,支付宝
ORD103000,2026-05-25,S05,P14,1,10.00,微信
ORD100228,2026-05-02,S03,P09,3,54.00,微信
ORD107255,2026-06-27,S02,P17,1,12.00,支付宝
ORD101699,2026-05-14,S01,P10,2,48.00,支付宝
ORD100143,2026-05-02,S01,P15,1,-6.00,银行卡
ORD111924,2026-07-31,S04,P11,1,26.00,银行卡
ORD102911,2026-05-24,S01,P09,1,18.00,微信
ORD103334,2026-05-27,S04,P11,1,26.00,微信
ORD109929,2026-07-17,S04,P04,1,38.00,支付宝
ORD102878,2026-05-24,S05,P08,2,50.00,微信
ORD110474,2026-07-21,S03,P12,3,24.00,微信
ORD106376,2026-06-20,S02,P03,2,52.00,会员储值
ORD110926,2026-07-24,S02,P05,2,68.00,支付宝
ORD106517,2026-06-21,S01,P07,2,44.00,会员储值
ORD111266,2026-07-26,S01,P17,2,24.00,支付宝
ORD102955,2026-05-24,S04,P15,2,12.00,微信
ORD107674,2026-06-30,S04,P16,3,¥15.00,现金
ORD109568,2026-07-14,S05,P16,1,5.00,会员储值
ORD108761,2026-07-08,S04,P07,1,22.00,现金
ORD104534,2026-06-06,S02,P20,2,44.00,会员储值
ORD105258,2026-06-12,S03,P19,1,15.00,现金
ORD106611,2026-06-21,S02,P11,1,26.00,现金
ORD110682,2026-07-22,S03,P14,1,10.00,银行卡
ORD109624,2026-07-14,S02,P01,1,32.00,支付宝
ORD101867,2026-05-16,S05,P06,3,126.00,银行卡
ORD105011,2026-06-10,S04,P03,3,78.00,微信
ORD110042,2026-07-18,S04,P06,1,42.00,会员储值
ORD100824,2026-05-07,S05,P02,1,30.00,会员储值
ORD108123,2026-07-04,S03,P08,2,50.00,微信
ORD100752,2026-05-07,S03,P02,2,60.00,微信
ORD111215,2026-07-26,S03,P14,1,10.00,银行卡
ORD111397,2026-07-27,S02,P04,1,38.00,现金
ORD108310,2026-07-05,S02,P06,2,84.00,微信
ORD102136,18-05-2026,S01,P18,1,18.00,现金
ORD102013,2026-05-17,S05,P13,4,80.00,现金
ORD105443,2026-06-13,S01,P08,4,100.00,会员储值
ORD102257,2026-05-19,S05,P09,2,36.00,支付宝
ORD102284,2026-05-19,S02,P03,1,26.00,银行卡
ORD100474,2026-05-04,S05,P05,2,68.00,微信
ORD107773,2026-07-01,S03,P04,2,76.00,会员储值
ORD100173,2026-05-02,S02,P18,2,36.00,支付宝
ORD104083,2026-06-02,S02,P06,3,126.00,支付宝
ORD111109,2026-07-25,S02,P01,2,64.00,支付宝
ORD100904,2026-05-08,S04,P07,1,22.00,银行卡
ORD101863,2026-05-16,S01,P07,2,44.00,银行卡
ORD100023,2026-05-01,S02,P16,1,5.00,银行卡
ORD103690,2026-05-30,S03,P18,3,54.00,银行卡
ORD104973,2026-06-09,S03,P09,1,18.00,支付宝
ORD101993,2026-05-17,S03,P16,2,10.00,支付宝
ORD101359,2026-05-11,S02,P05,2,68.00,微信
ORD111204,2026-07-26,S05,P01,2,64.00,银行卡
ORD105628,2026-06-14,S01,P13,1,20.00,银行卡
ORD108769,2026-07-08,S01,P14,3,30.00,微信
ORD103946,2026-06-01,S03,P07,1,22.00,会员储值
ORD103849,2026-05-31,S01,P13,1,20.00,会员储值
ORD105064,2026-06-10,S05,P01,2,64.00,现金
ORD107958,2026-07-02,S05,P16,1,5.00,银行卡
ORD102621,2026-05-22,S03,P06,1,42.00,会员储值
ORD109309,2026-07-12,S02,P02,1,30.00,微信
ORD104136,2026-06-03,S02,P11,2,52.00,支付宝
ORD103863,2026-05-31,S03,P18,1,18.00,支付宝
ORD102658,2026-05-23,S03,P19,1,15.00,微信
ORD103890,2026-06-01,S03,P09,1,18.00,会员储值
ORD106718,2026-06-22,S05,P10,1,24.00,支付宝
ORD103115,2026-05-26,S01,P03,1,26.00,微信
ORD106913,2026-06-24,S04,P13,1,20.00,支付宝
ORD108996,2026/07/10,S02,P10,3,72.00,微信
ORD101236,2026-05-10,S05,P09,1,18.00,现金
ORD112040,2026-07-31,S01,P18,2,36.00,支付宝
ORD104422,2026-06-06,S04,P13,2,40.00,会员储值
ORD107006,2026-06-25,S02,P17,3,36.00,会员储值
ORD108410,2026-07-06,S05,P05,1,34.00,现金
ORD103993,2026-06-02,S02,P15,1,6.00,微信
ORD100061,2026-05-01,S01,P13,1,20.00,微信
ORD109844,2026-07-16,S03,P12,1,8.00,微信
ORD104433,2026-06-06,S03,P02,1,30.00,会员储值
ORD101160,2026-05-10,S04,P05,2,68.00,会员储值
ORD102868,2026-05-24,S01,P12,2,16.00,支付宝
ORD108175,2026-07-04,S05,P15,1,6.00,现金
ORD108585,2026-07-07,S03,P09,1,18.00,微信
ORD107845,2026-07-02,S04,P16,1,5.00,会员储值
ORD103806,2026-05-31,S05,P20,1,22.00,微信
ORD109693,2026-07-15,S01,P14,2,20.00,微信
ORD101941,2026-05-16,S03,P04,1,38.00,银行卡
ORD100892,2026-05-08,S02,P17,1,12.00,微信
ORD101680,2026-05-14,S01,P08,1,25.00,支付宝
ORD104506,2026-06-06,S03,P20,1,22.00,会员储值
ORD107068,2026-06-25,S01,P02,1,30.00,会员储值
ORD111932,2026-07-31,S03,P17,2,,支付宝
ORD103307,2026-05-27,S01,P02,1,30.00,银行卡
ORD103708,2026-05-30,S03,P10,1,24.00,现金
ORD104118,2026-06-03,S02,P20,1,22.00,现金
ORD102036,2026-05-17,S04,P09,1,18.00,银行卡
ORD104314,2026-06-05,S02,P12,2,16.00,支付宝
ORD102030,2026-05-17,S01,P11,1,26.00,微信
ORD102789,2026-05-23,S04,P19,1,15.00,银行卡
ORD107366,2026-06-28,S02,P16,1,5.00,银行卡
ORD100540,2026-05-04,S02,P04,1,38.00,微信
ORD103075,2026-05-25,S05,P02,2,60.00,银行卡
ORD111489,2026-07-27,S04,P12,2,16.00,会员储值
ORD106528,2026-06-21,S03,P01,2,64.00,会员储值
ORD105044,2026-06-10,S05,P10,3,72.00,微信
ORD104189,2026-06-03,S02,P01,2,64.00,微信
ORD104538,2026-06-06,S04,P09,2,36.00,支付宝
ORD108042,2026-07-03,S03,P14,1,10.00,会员储值
ORD106440,2026-06-21,S04,P16,1,5.00,银行卡
ORD103539,2026-05-29,S05,P04,3,114.00,现金
ORD109880,2026-07-17,S02,P20,3,66.00,现金
ORD111469,2026-07-27,S05,P16,2,10.00,会员储值
ORD104871,2026-06-08,S03,P07,1,22.00,现金
ORD103719,2026-05-31,S04,P20,1,22.00,支付宝
ORD105839,2026-06-16,S03,P10,1,24.00,支付宝
ORD105035,2026-06-10,S02,P02,3,90.00,现金
ORD101028,2026-05-09,S02,P02,2,60.00,现金
ORD100975,2026-05-09,S05,P15,2,12.00,会员储值
ORD110043,2026-07-18,S01,P01,1,32.00,会员储值
ORD106296,2026-06-20,S04,P07,4,88.00,支付宝
ORD106758,2026-06-23,S04,P14,1,10.00,银行卡
ORD108044,2026-07-03,S02,P04,1,38.00,会员储值
ORD110972,2026-07-24,S03,P16,1,5.00,支付宝
ORD108980,2026-07-10,S01,P08,1,25.00,现金
ORD107828,2026-07-01,S05,P01,1,32.00,会员储值
ORD108187,2026-07-04,S04,P17,2,24.00,微信
ORD102667,2026-05-23,S01,P03,2,52.00,银行卡
ORD105168,2026-06-11,S04,P15,2,12.00,微信
ORD103562,2026-05-30,S01,P01,2,64.00,支付宝
ORD104170,2026-06-03,S03,P18,1,18.00,微信
ORD104220,2026-06-04,S04,P07,1,22.00,会员储值
ORD102697,2026-05-23,S02,P05,1,34.00,现金
ORD105402,2026-06-13,S02,P15,2,12.00,会员储值
ORD107784,2026-07-01,S05,P18,2,36.00,现金
ORD105106,2026-06-10,S04,P18,2,36.00,银行卡
ORD105046,2026-06-10,S03,P12,1,8.00,会员储值
ORD108338,2026-07-05,S05,P08,1,25.00,微信
ORD107243,2026-06-27,S04,P03,1,26.00,现金
ORD111686,2026-07-29,S01,P07,1,22.00,现金
ORD102998,2026-05-25,S05,P01,2,64.00,现金
ORD107696,2026-06-30,S02,P19,1,15.00,会员储值
ORD107555,2026-06-29,S05,P08,1,25.00,会员储值
ORD101317,2026-05-11,S01,P12,1,8.00,银行卡
ORD109843,2026-07-16,S04,P02,1,30.00,微信
ORD105166,2026-06-11,S05,P05,1,34.00,支付宝
ORD111012,2026-07-25,S02,P16,1,5.00,会员储值
ORD110574,2026-07-21,S03,P10,1,24.00,会员储值
ORD103436,2026-05-28,S05,P17,1,12.00,银行卡
ORD100200,2026-05-02,S01,P17,3,36.00,会员储值
ORD105778,2026-06-15,S05,P06,4,168.00,银行卡
ORD109123,2026-07-11,S03,P06,1,42.00,支付宝
ORD109161,2026-07-11,S04,P15,2,12.00,会员储值
ORD107321,2026-06-27,S05,P14,2,20.00,微信
ORD108725,2026-07-08,S04,P11,1,26.00,现金
ORD111961,2026-07-31,S02,P09,1,18.00,银行卡
ORD111752,2026-07-29,S05,P04,1,38.00,会员储值
ORD101917,2026-05-16,S03,P09,1,18.00,会员储值
ORD108726,2026-07-08,S03,P17,1,12.00,会员储值
ORD109643,2026-07-14,S02,P15,3,18.00,现金
ORD107300,2026-06-27,S01,P19,3,45.00,银行卡
ORD105366,2026-06-13,S04,P09,1,18.00,会员储值
ORD109380,2026-07-12,S04,P02,2,60.00,会员储值
ORD103973,2026-06-01,S03,P16,2,10.00,现金
ORD104389,2026-06-06,S01,P14,3,30.00,微信
ORD112006,2026-07-31,S01,P07,1,22.00,微信
ORD103642,2026-05-30,S02,P01,3,96.00,银行卡
ORD111480,2026-07-27,S03,P11,2,52.00,银行卡
ORD102581,2026-05-22,S03,P06,2,84.00,支付宝
ORD102899,2026-05-24,S04,P05,3,102.00,微信
ORD102634,2026-05-22,S04,P08,3,75.00,支付宝
ORD101336,2026-05-11,S02,P02,1,30.00,银行卡
ORD106167,2026-06-19,S02,P02,1,30.00,会员储值
ORD109734,2026-07-15,S01,P14,1,10.00,支付宝
ORD111257,2026-07-26,S02,P01,1,32.00,会员储值
ORD102512,2026-05-21,S05,P05,1,34.00,现金
ORD105997,2026-06-17,S02,P12,1,8.00,微信
ORD104463,2026-06-06,S02,P01,2,64.00,银行卡
ORD102903,2026-05-24,S05,P12,2,16.00,现金
ORD102508,2026-05-21,S02,P20,1,22.00,现金
ORD101234,2026-05-10,S05,P18,1,18.00,银行卡
ORD103158,2026-05-26,S04,P10,2,48.00,银行卡
ORD107651,2026-06-30,S03,P08,2,50.00,支付宝
ORD111053,2026-07-25,S01,P18,3,54.00,会员储值
ORD110841,2026-07-24,S02,P01,1,32.00,银行卡
ORD110724,2026-07-22,S05,P03,2,52.00,微信
ORD103079,2026-05-25,S01,P12,4,32.00,现金
ORD111259,2026-07-26,S01,P01,3,96.00,会员储值
ORD111819,2026-07-30,S05,P13,3,60.00,银行卡
ORD111692,2026-07-29,S02,P07,1,22.00,会员储值
ORD104791,2026-06-07,S04,P04,2,76.00,银行卡
ORD109195,2026-07-11,S04,P01,1,32.00,支付宝
ORD110502,2026-07-21,S01,P05,1,34.00,银行卡
ORD100794,2026-05-07,S03,P12,1,8.00,支付宝
ORD108435,2026-07-06,S05,P07,1,22.00,支付宝
ORD102656,2026-05-23,S05,P18,2,36.00,微信
ORD105122,2026-06-10,S05,P06,3,126.00,微信
ORD110593,2026-07-21,S01,P12,2,16.00,支付宝
ORD106187,2026-06-19,S04,P13,3,60.00,微信
ORD107948,2026-07-02,S03,P16,2,10.00,会员储值
ORD110222,2026-07-19,S03,P19,2,30.00,会员储值
ORD101124,09-05-2026,S04,P05,3,102.00,银行卡
ORD107301,2026-06-27,S04,P12,4,32.00,会员储值
ORD102752,2026-05-23,S01,P04,1,38.00,微信
ORD102618,2026-05-22,S03,P07,2,44.00,支付宝
ORD109898,2026-07-17,S02,P05,1,34.00,银行卡
ORD111337,26-07-2026,S05,P14,2,20.00,支付宝
ORD108417,2026-07-06,S03,P16,1,5.00,现金
ORD103811,2026-05-31,S05,P06,1,42.00,支付宝
ORD106836,2026-06-23,S05,P02,1,30.00,现金
ORD109552,2026-07-14,S04,P04,1,38.00,微信
ORD102787,2026-05-23,S04,P11,1,26.00,微信
ORD107815,2026-07-01,S01,P06,3,126.00,现金
ORD110609,2026-07-21,S04,P20,1,22.00,会员储值
ORD111514,2026-07-27,S02,P06,3,126.00,银行卡
ORD108957,2026-07-10,S05,P19,1,15.00,支付宝
ORD108718,2026-07-08,S04,P09,2,36.00,现金
ORD102654,2026-05-23,S02,P03,1,26.00,银行卡
ORD107314,2026-06-27,S02,P15,1,6.00,会员储值
ORD109654,2026-07-15,S04,P18,1,,现金
ORD109098,2026-07-11,S04,P12,1,8.00,银行卡
ORD110267,2026-07-19,S01,P12,2,16.00,银行卡
ORD108422,2026-07-06,S02,P16,1,5.00,银行卡
ORD111660,2026-07-29,S02,P20,1,22.00,微信
ORD110427,2026-07-20,S03,P19,1,15.00,会员储值
ORD102455,2026-05-21,S01,P08,1,25.00,会员储值
ORD107447,2026-06-28,S02,P08,1,25.00,现金
ORD107169,2026-06-26,S02,P03,2,52.00,会员储值
ORD101665,2026-05-14,S01,P09,1,18.00,现金
ORD110129,2026-07-18,S03,P08,2,¥50.00,微信
ORD110611,2026-07-22,S01,P12,1,8.00,微信
ORD102376,2026-05-20,S03,P20,1,22.00,支付宝
ORD107471,2026-06-28,S04,P02,2,60.00,现金
ORD107261,2026-06-27,S02,P15,1,6.00,现金
ORD105986,2026-06-17,S04,P03,2,52.00,现金
ORD109542,2026-07-13,S02,P16,1,5.00,现金
ORD106076,2026-06-18,S03,P11,2,52.00,会员储值
ORD102737,2026-05-23,S01,P20,1,,微信
ORD104134,2026-06-03,S01,P07,1,22.00,银行卡
ORD111295,2026-07-26,S04,P16,3,15.00,现金
ORD100589,2026-05-05,S02,P13,3,60.00,会员储值
ORD111979,2026-07-31,S03,P02,4,120.00,银行卡
ORD108642,2026-07-08,S01,P02,1,30.00,现金
ORD106938,2026-06-24,S01,P07,2,44.00,微信
ORD102532,2026-05-21,S02,P12,3,24.00,现金
ORD107078,2026-06-26,S02,P03,1,26.00,微信
ORD107049,2026-06-25,S04,P12,1,8.00,微信
ORD111729,2026-07-29,S02,P06,1,42.00,银行卡
ORD106897,2026-06-24,S03,P06,1,42.00,支付宝
ORD103352,2026-05-28,S05,P04,1,38.00,会员储值
ORD101871,2026-05-16,S01,P12,1,8.00,现金
ORD109228,2026-07-12,S01,P12,1,8.00,现金
ORD103246,2026-05-27,S02,P02,1,30.00,支付宝
ORD111836,2026-07-30,S04,P16,1,5.00,微信
ORD112042,2026-07-31,S02,P09,1,18.00,微信
ORD108905,2026-07-10,S02,P16,2,10.00,会员储值
ORD101832,2026-05-16,S01,P18,1,18.00,微信
ORD104120,2026-06-03,S03,P18,1,18.00,现金
ORD109316,2026-07-12,S05,P17,1,12.00,会员储值
ORD111367,2026-07-26,S03,P01,1,32.00,银行卡
ORD106495,2026-06-21,S05,P16,1,5.00,银行卡
ORD104540,2026-06-06,S02,P17,2,24.00,支付宝
ORD103795,2026-05-31,S04,P05,3,102.00,现金
ORD111568,2026-07-28,S03,P19,1,15.00,现金
ORD107711,2026-06-30,S03,P18,4,72.00,现金
ORD107569,2026-06-29,S01,P09,2,36.00,现金
ORD100670,2026-05-06,S04,P01,4,128.00,银行卡
ORD106784,2026-06-23,S05,P06,1,42.00,银行卡
ORD106609,2026-06-21,S04,P11,1,26.00,银行卡
ORD108903,2026-07-10,S01,P18,2,36.00,现金
ORD110539,2026-07-21,S01,P16,2,10.00,现金
ORD101870,2026-05-16,S03,P10,3,72.00,会员储值
ORD105178,2026-06-11,S04,P14,1,10.00,现金
ORD109371,2026-07-12,S02,P16,2,10.00,会员储值
ORD109877,2026-07-17,S03,P01,3,96.00,微信
ORD106033,2026-06-18,S04,P04,2,76.00,会员储值
ORD100504,2026-05-04,S02,P07,1,22.00,银行卡
ORD110252,2026-07-19,S05,P01,1,32.00,会员储值
ORD111440,2026-07-27,S05,P15,1,6.00,银行卡
ORD102988,2026-05-25,S05,P20,1,22.00,微信
ORD103072,2026-05-25,S01,P18,2,36.00,会员储值
ORD104028,2026-06-02,S02,P15,1,6.00,微信
ORD103984,2026-06-01,S03,P12,1,8.00,现金
ORD106943,2026-06-24,S04,P14,2,20.00,银行卡
ORD109458,2026-07-13,S01,P19,1,15.00,现金
